3D.DAT          2.1             Header Structure with Comment Lines                             
   1
WRF Katrina tutorial hourly-interp 00-03 UTC via wrfout_to_3d                                                                       
  1  1  0  0  0
LCC   28.0000  -89.0000  28.00  28.00   388.333  2098.974  28.009  14 14 10
  0  0  0  0  0  0  0  0  0  0  0  0  0  0  0  0  0  0  0  0  0
2005082800    4  14  14  10
   1   1  14  14   1  10  -99.9285  -96.4206  19.1075  22.3873
 0.997
 0.989
 0.978
 0.964
 0.947
 0.925
 0.900
 0.863
 0.817
 0.771
   1   1  19.1075  -99.9285 2566 20 -999.0000 -999.0000 -999
   2   1  19.1075  -99.6586 2764 20 -999.0000 -999.0000 -999
   3   1  19.1075  -99.3888 2668 20 -999.0000 -999.0000 -999
   4   1  19.1075  -99.1190 2516 20 -999.0000 -999.0000 -999
   5   1  19.1075  -98.8491 2657 20 -999.0000 -999.0000 -999
   6   1  19.1075  -98.5793 2786 20 -999.0000 -999.0000 -999
   7   1  19.1075  -98.3094 2455 20 -999.0000 -999.0000 -999
   8   1  19.1075  -98.0396 2314 20 -999.0000 -999.0000 -999
   9   1  19.1075  -97.7698 2389 20 -999.0000 -999.0000 -999
  10   1  19.1075  -97.4999 2679 20 -999.0000 -999.0000 -999
  11   1  19.1075  -97.2301 2622 20 -999.0000 -999.0000 -999
  12   1  19.1075  -96.9602 1475 20 -999.0000 -999.0000 -999
  13   1  19.1075  -96.6904  429 20 -999.0000 -999.0000 -999
  14   1  19.1075  -96.4206   86 20 -999.0000 -999.0000 -999
   1   2  19.3623  -99.9285 2763 20 -999.0000 -999.0000 -999
   2   2  19.3623  -99.6586 2884 20 -999.0000 -999.0000 -999
   3   2  19.3623  -99.3888 2858 20 -999.0000 -999.0000 -999
   4   2  19.3623  -99.1190 2628 10 -999.0000 -999.0000 -999
   5   2  19.3623  -98.8491 2698 20 -999.0000 -999.0000 -999
   6   2  19.3623  -98.5793 2816 20 -999.0000 -999.0000 -999
   7   2  19.3623  -98.3094 2605 20 -999.0000 -999.0000 -999
   8   2  19.3623  -98.0396 2566 20 -999.0000 -999.0000 -999
   9   2  19.3623  -97.7698 2575 20 -999.0000 -999.0000 -999
  10   2  19.3623  -97.4999 2682 20 -999.0000 -999.0000 -999
  11   2  19.3623  -97.2301 2587 20 -999.0000 -999.0000 -999
  12   2  19.3623  -96.9602 1600 20 -999.0000 -999.0000 -999
  13   2  19.3623  -96.6904  558 20 -999.0000 -999.0000 -999
  14   2  19.3623  -96.4206  103 20 -999.0000 -999.0000 -999
   1   3  19.6166  -99.9285 2769 20 -999.0000 -999.0000 -999
   2   3  19.6166  -99.6586 2748 20 -999.0000 -999.0000 -999
   3   3  19.6166  -99.3888 2609 20 -999.0000 -999.0000 -999
   4   3  19.6166  -99.1190 2370 20 -999.0000 -999.0000 -999
   5   3  19.6166  -98.8491 2431 20 -999.0000 -999.0000 -999
   6   3  19.6166  -98.5793 2621 20 -999.0000 -999.0000 -999
   7   3  19.6166  -98.3094 2675 20 -999.0000 -999.0000 -999
   8   3  19.6166  -98.0396 2645 20 -999.0000 -999.0000 -999
   9   3  19.6166  -97.7698 2533 20 -999.0000 -999.0000 -999
  10   3  19.6166  -97.4999 2440 20 -999.0000 -999.0000 -999
  11   3  19.6166  -97.2301 2172 20 -999.0000 -999.0000 -999
  12   3  19.6166  -96.9602 1500 20 -999.0000 -999.0000 -999
  13   3  19.6166  -96.6904  695 20 -999.0000 -999.0000 -999
  14   3  19.6166  -96.4206  139 20 -999.0000 -999.0000 -999
   1   4  19.8706  -99.9285 2686 20 -999.0000 -999.0000 -999
   2   4  19.8706  -99.6586 2649 20 -999.0000 -999.0000 -999
   3   4  19.8706  -99.3888 2428 20 -999.0000 -999.0000 -999
   4   4  19.8706  -99.1190 2298 20 -999.0000 -999.0000 -999
   5   4  19.8706  -98.8491 2416 20 -999.0000 -999.0000 -999
   6   4  19.8706  -98.5793 2606 20 -999.0000 -999.0000 -999
   7   4  19.8706  -98.3094 2663 20 -999.0000 -999.0000 -999
   8   4  19.8706  -98.0396 2377 20 -999.0000 -999.0000 -999
   9   4  19.8706  -97.7698 1912 20 -999.0000 -999.0000 -999
  10   4  19.8706  -97.4999 1569 20 -999.0000 -999.0000 -999
  11   4  19.8706  -97.2301 1212 20 -999.0000 -999.0000 -999
  12   4  19.8706  -96.9602  845 20 -999.0000 -999.0000 -999
  13   4  19.8706  -96.6904  466 20 -999.0000 -999.0000 -999
  14   4  19.8706  -96.4206   99 55 -999.0000 -999.0000 -999
   1   5  20.1242  -99.9285 2495 20 -999.0000 -999.0000 -999
   2   5  20.1242  -99.6586 2448 20 -999.0000 -999.0000 -999
   3   5  20.1242  -99.3888 2251 20 -999.0000 -999.0000 -999
   4   5  20.1242  -99.1190 2206 20 -999.0000 -999.0000 -999
   5   5  20.1242  -98.8491 2347 20 -999.0000 -999.0000 -999
   6   5  20.1242  -98.5793 2441 20 -999.0000 -999.0000 -999
   7   5  20.1242  -98.3094 2312 20 -999.0000 -999.0000 -999
   8   5  20.1242  -98.0396 1744 20 -999.0000 -999.0000 -999
   9   5  20.1242  -97.7698  976 20 -999.0000 -999.0000 -999
  10   5  20.1242  -97.4999  507 20 -999.0000 -999.0000 -999
  11   5  20.1242  -97.2301  286 20 -999.0000 -999.0000 -999
  12   5  20.1242  -96.9602  161 20 -999.0000 -999.0000 -999
  13   5  20.1242  -96.6904   92 20 -999.0000 -999.0000 -999
  14   5  20.1242  -96.4206   19 55 -999.0000 -999.0000 -999
   1   6  20.3773  -99.9285 2196 20 -999.0000 -999.0000 -999
   2   6  20.3773  -99.6586 2164 20 -999.0000 -999.0000 -999
   3   6  20.3773  -99.3888 2094 20 -999.0000 -999.0000 -999
   4   6  20.3773  -99.1190 2065 20 -999.0000 -999.0000 -999
   5   6  20.3773  -98.8491 2066 20 -999.0000 -999.0000 -999
   6   6  20.3773  -98.5793 2006 20 -999.0000 -999.0000 -999
   7   6  20.3773  -98.3094 1683 20 -999.0000 -999.0000 -999
   8   6  20.3773  -98.0396 1025 20 -999.0000 -999.0000 -999
   9   6  20.3773  -97.7698  405 20 -999.0000 -999.0000 -999
  10   6  20.3773  -97.4999  114 20 -999.0000 -999.0000 -999
  11   6  20.3773  -97.2301   38 20 -999.0000 -999.0000 -999
  12   6  20.3773  -96.9602   23 20 -999.0000 -999.0000 -999
  13   6  20.3773  -96.6904    0 55 -999.0000 -999.0000 -999
  14   6  20.3773  -96.4206    0 55 -999.0000 -999.0000 -999
   1   7  20.6301  -99.9285 2008 20 -999.0000 -999.0000 -999
   2   7  20.6301  -99.6586 1957 20 -999.0000 -999.0000 -999
   3   7  20.6301  -99.3888 1915 20 -999.0000 -999.0000 -999
   4   7  20.6301  -99.1190 1846 20 -999.0000 -999.0000 -999
   5   7  20.6301  -98.8491 1750 20 -999.0000 -999.0000 -999
   6   7  20.6301  -98.5793 1530 20 -999.0000 -999.0000 -999
   7   7  20.6301  -98.3094 1030 20 -999.0000 -999.0000 -999
   8   7  20.6301  -98.0396  492 20 -999.0000 -999.0000 -999
   9   7  20.6301  -97.7698  208 20 -999.0000 -999.0000 -999
  10   7  20.6301  -97.4999   97 20 -999.0000 -999.0000 -999
  11   7  20.6301  -97.2301   42 20 -999.0000 -999.0000 -999
  12   7  20.6301  -96.9602    6 55 -999.0000 -999.0000 -999
  13   7  20.6301  -96.6904    0 55 -999.0000 -999.0000 -999
  14   7  20.6301  -96.4206    0 55 -999.0000 -999.0000 -999
   1   8  20.8824  -99.9285 1982 20 -999.0000 -999.0000 -999
   2   8  20.8824  -99.6586 1858 20 -999.0000 -999.0000 -999
   3   8  20.8824  -99.3888 1664 20 -999.0000 -999.0000 -999
   4   8  20.8824  -99.1190 1471 20 -999.0000 -999.0000 -999
   5   8  20.8824  -98.8491 1335 20 -999.0000 -999.0000 -999
   6   8  20.8824  -98.5793 1006 20 -999.0000 -999.0000 -999
   7   8  20.8824  -98.3094  537 20 -999.0000 -999.0000 -999
   8   8  20.8824  -98.0396  250 20 -999.0000 -999.0000 -999
   9   8  20.8824  -97.7698  139 20 -999.0000 -999.0000 -999
  10   8  20.8824  -97.4999   60 20 -999.0000 -999.0000 -999
  11   8  20.8824  -97.2301   14 55 -999.0000 -999.0000 -999
  12   8  20.8824  -96.9602    0 55 -999.0000 -999.0000 -999
  13   8  20.8824  -96.6904    0 55 -999.0000 -999.0000 -999
  14   8  20.8824  -96.4206    0 55 -999.0000 -999.0000 -999
   1   9  21.1343  -99.9285 1822 20 -999.0000 -999.0000 -999
   2   9  21.1343  -99.6586 1611 20 -999.0000 -999.0000 -999
   3   9  21.1343  -99.3888 1403 20 -999.0000 -999.0000 -999
   4   9  21.1343  -99.1190 1213 20 -999.0000 -999.0000 -999
   5   9  21.1343  -98.8491  827 20 -999.0000 -999.0000 -999
   6   9  21.1343  -98.5793  434 20 -999.0000 -999.0000 -999
   7   9  21.1343  -98.3094  239 20 -999.0000 -999.0000 -999
   8   9  21.1343  -98.0396  167 20 -999.0000 -999.0000 -999
   9   9  21.1343  -97.7698  129 20 -999.0000 -999.0000 -999
  10   9  21.1343  -97.4999   48 20 -999.0000 -999.0000 -999
  11   9  21.1343  -97.2301    0 55 -999.0000 -999.0000 -999
  12   9  21.1343  -96.9602    0 55 -999.0000 -999.0000 -999
  13   9  21.1343  -96.6904    0 55 -999.0000 -999.0000 -999
  14   9  21.1343  -96.4206    0 55 -999.0000 -999.0000 -999
   1  10  21.3858  -99.9285 1502 20 -999.0000 -999.0000 -999
   2  10  21.3858  -99.6586 1242 20 -999.0000 -999.0000 -999
   3  10  21.3858  -99.3888 1141 20 -999.0000 -999.0000 -999
   4  10  21.3858  -99.1190 1043 20 -999.0000 -999.0000 -999
   5  10  21.3858  -98.8491  479 20 -999.0000 -999.0000 -999
   6  10  21.3858  -98.5793   97 20 -999.0000 -999.0000 -999
   7  10  21.3858  -98.3094  101 20 -999.0000 -999.0000 -999
   8  10  21.3858  -98.0396  106 20 -999.0000 -999.0000 -999
   9  10  21.3858  -97.7698   90 20 -999.0000 -999.0000 -999
  10  10  21.3858  -97.4999   33 20 -999.0000 -999.0000 -999
  11  10  21.3858  -97.2301    0 55 -999.0000 -999.0000 -999
  12  10  21.3858  -96.9602    0 55 -999.0000 -999.0000 -999
  13  10  21.3858  -96.6904    0 55 -999.0000 -999.0000 -999
  14  10  21.3858  -96.4206    0 55 -999.0000 -999.0000 -999
   1  11  21.6368  -99.9285 1254 20 -999.0000 -999.0000 -999
   2  11  21.6368  -99.6586 1036 20 -999.0000 -999.0000 -999
   3  11  21.6368  -99.3888  846 20 -999.0000 -999.0000 -999
   4  11  21.6368  -99.1190  609 20 -999.0000 -999.0000 -999
   5  11  21.6368  -98.8491  223 20 -999.0000 -999.0000 -999
   6  11  21.6368  -98.5793   28 20 -999.0000 -999.0000 -999
   7  11  21.6368  -98.3094   55 20 -999.0000 -999.0000 -999
   8  11  21.6368  -98.0396   57 20 -999.0000 -999.0000 -999
   9  11  21.6368  -97.7698   36 20 -999.0000 -999.0000 -999
  10  11  21.6368  -97.4999    7 55 -999.0000 -999.0000 -999
  11  11  21.6368  -97.2301    0 55 -999.0000 -999.0000 -999
  12  11  21.6368  -96.9602    0 55 -999.0000 -999.0000 -999
  13  11  21.6368  -96.6904    0 55 -999.0000 -999.0000 -999
  14  11  21.6368  -96.4206    0 55 -999.0000 -999.0000 -999
   1  12  21.8874  -99.9285 1145 20 -999.0000 -999.0000 -999
   2  12  21.8874  -99.6586 1068 20 -999.0000 -999.0000 -999
   3  12  21.8874  -99.3888  762 20 -999.0000 -999.0000 -999
   4  12  21.8874  -99.1190  297 20 -999.0000 -999.0000 -999
   5  12  21.8874  -98.8491   76 20 -999.0000 -999.0000 -999
   6  12  21.8874  -98.5793   35 20 -999.0000 -999.0000 -999
   7  12  21.8874  -98.3094   31 20 -999.0000 -999.0000 -999
   8  12  21.8874  -98.0396   29 20 -999.0000 -999.0000 -999
   9  12  21.8874  -97.7698   15 20 -999.0000 -999.0000 -999
  10  12  21.8874  -97.4999    2 55 -999.0000 -999.0000 -999
  11  12  21.8874  -97.2301    0 55 -999.0000 -999.0000 -999
  12  12  21.8874  -96.9602    0 55 -999.0000 -999.0000 -999
  13  12  21.8874  -96.6904    0 55 -999.0000 -999.0000 -999
  14  12  21.8874  -96.4206    0 55 -999.0000 -999.0000 -999
   1  13  22.1376  -99.9285 1128 20 -999.0000 -999.0000 -999
   2  13  22.1376  -99.6586 1193 20 -999.0000 -999.0000 -999
   3  13  22.1376  -99.3888  872 20 -999.0000 -999.0000 -999
   4  13  22.1376  -99.1190  328 20 -999.0000 -999.0000 -999
   5  13  22.1376  -98.8491  107 20 -999.0000 -999.0000 -999
   6  13  22.1376  -98.5793   51 20 -999.0000 -999.0000 -999
   7  13  22.1376  -98.3094   14 20 -999.0000 -999.0000 -999
   8  13  22.1376  -98.0396   13 20 -999.0000 -999.0000 -999
   9  13  22.1376  -97.7698    7 55 -999.0000 -999.0000 -999
  10  13  22.1376  -97.4999    1 55 -999.0000 -999.0000 -999
  11  13  22.1376  -97.2301    0 55 -999.0000 -999.0000 -999
  12  13  22.1376  -96.9602    0 55 -999.0000 -999.0000 -999
  13  13  22.1376  -96.6904    0 55 -999.0000 -999.0000 -999
  14  13  22.1376  -96.4206    0 55 -999.0000 -999.0000 -999
   1  14  22.3873  -99.9285 1152 20 -999.0000 -999.0000 -999
   2  14  22.3873  -99.6586 1208 20 -999.0000 -999.0000 -999
   3  14  22.3873  -99.3888  857 20 -999.0000 -999.0000 -999
   4  14  22.3873  -99.1190  351 20 -999.0000 -999.0000 -999
   5  14  22.3873  -98.8491  134 20 -999.0000 -999.0000 -999
   6  14  22.3873  -98.5793   51 20 -999.0000 -999.0000 -999
   7  14  22.3873  -98.3094   11 20 -999.0000 -999.0000 -999
   8  14  22.3873  -98.0396   10 20 -999.0000 -999.0000 -999
   9  14  22.3873  -97.7698    2 55 -999.0000 -999.0000 -999
  10  14  22.3873  -97.4999    0 55 -999.0000 -999.0000 -999
  11  14  22.3873  -97.2301    0 55 -999.0000 -999.0000 -999
  12  14  22.3873  -96.9602    0 55 -999.0000 -999.0000 -999
  13  14  22.3873  -96.6904    0 55 -999.0000 -999.0000 -999
  14  14  22.3873  -96.4206    0 55 -999.0000 -999.0000 -999
2005082800001001  749.4 0.00 0     0.0     0.0   290.3   15.12   310.6     1.7   290.3
 746  2594 288.5 346  2.7  0.00 9115.12
 740  2663 288.2 348  2.9  0.00 9113.61
 732  2756 287.7 352  3.2  0.00 9012.09
 722  2875 287.2 355  3.5  0.00 8910.58
 709  3025 285.9   0  3.8  0.00 91 9.07
 694  3215 285.4   6  4.5  0.00 88 7.56
 675  3449 283.8  13  4.9  0.00 93 6.05
 647  3792 281.4  21  5.3  0.00100 4.54
 614  4236 278.4  30  5.5  0.00 99 3.02
 580  4699 275.6  38  5.3  0.00 95 3.02
2005082800002001  732.0 0.00 0     0.0     0.0   290.1   15.41   311.7     1.5   290.1
 729  2792 287.6   1  3.2  0.00 8915.41
 723  2861 287.3   3  3.5  0.00 8913.87
 715  2954 286.9   5  3.8  0.00 8712.33
 705  3072 286.4   8  4.2  0.00 8610.78
 693  3221 285.6  10  4.6  0.00 87 9.24
 677  3411 284.2  13  5.0  0.00 91 7.70
 659  3642 282.5  16  5.4  0.00 97 6.16
 632  3984 280.0  21  5.7  0.00100 4.62
 599  4424 277.1  27  5.8  0.00 97 3.08
 566  4883 274.5  36  5.5  0.00 92 3.08
2005082800003001  740.3 0.00 0     0.0     0.0   290.9   16.41   312.6     1.0   290.9
 737  2696 288.6   4  2.8  0.00 9016.41
 731  2764 288.2   6  3.1  0.00 8914.77
 723  2858 287.7   8  3.5  0.00 8713.13
 713  2977 287.1   9  3.9  0.00 8511.49
 701  3127 286.4  11  4.5  0.00 83 9.84
 685  3317 285.0  13  5.0  0.00 86 8.20
 666  3549 283.2  14  5.5  0.00 92 6.56
 640  3892 280.6  16  5.9  0.00 97 4.92
 606  4333 277.7  20  6.1  0.00 93 3.28
 573  4794 275.0  30  5.8  0.00 90 3.28
2005082800004001  753.5 0.00 0     0.0     0.0   291.7   17.24   328.9     0.5   291.7
 751  2544 291.4  13  1.9  0.00 6717.24
 745  2613 290.9  13  2.2  0.00 6715.52
 736  2707 290.1  14  2.6  0.00 6913.79
 726  2827 289.1  14  3.2  0.00 7212.07
 713  2978 288.1  14  3.7  0.00 7110.35
 698  3169 286.2  14  4.6  0.00 81 8.62
 678  3403 284.3  13  5.2  0.00 87 6.90
 651  3747 281.6  13  5.9  0.00 93 5.17
 617  4191 278.6  15  6.4  0.00 90 3.45
 583  4653 275.8  24  6.3  0.00 86 3.45
2005082800005001  741.1 0.00 0     0.0     0.0   291.8   16.94    32.5     0.5   291.8
 738  2685 289.1  19  2.6  0.00 8816.94
 732  2754 288.7  18  2.9  0.00 8715.24
 724  2848 288.1  18  3.3  0.00 8513.55
 714  2967 287.4  17  3.8  0.00 8311.85
 702  3116 286.4  15  4.3  0.00 8010.16
 686  3306 285.0  13  4.9  0.00 82 8.47
 667  3539 283.2  10  5.5  0.00 86 6.77
 640  3881 280.6   9  6.2  0.00 90 5.08
 607  4322 277.7  12  6.6  0.00 85 3.39
 573  4782 275.0  23  6.4  0.00 82 3.39
2005082800006001  729.9 0.00 0     0.0     0.0   291.4   15.68    54.3     1.0   291.4
 727  2814 287.9  25  3.3  0.00 8415.68
 721  2883 287.5  23  3.5  0.00 8314.11
 713  2976 286.9  22  3.8  0.00 8212.55
 703  3094 286.2  20  4.2  0.00 8110.98
 691  3243 285.2  18  4.7  0.00 81 9.41
 676  3432 283.8  13  5.3  0.00 83 7.84
 657  3662 282.0   8  5.9  0.00 86 6.27
 631  4002 279.7   5  6.5  0.00 85 4.70
 598  4441 277.0  11  6.7  0.00 80 3.14
 565  4900 274.4  22  6.3  0.00 79 3.14
2005082800007001  758.9 0.00 0     0.0     0.0   291.0   14.32    59.9     1.7   291.0
 756  2483 290.6  46  2.7  0.00 7214.32
 750  2553 290.5  44  2.9  0.00 6912.89
 742  2647 289.7  41  3.1  0.00 7111.45
 731  2767 288.7  36  3.4  0.00 7310.02
 719  2917 287.7  33  3.7  0.00 74 8.59
 703  3108 285.9  24  4.3  0.00 80 7.16
 683  3342 284.1  13  5.0  0.00 83 5.73
 656  3685 281.7   4  6.1  0.00 83 4.30
 621  4129 279.0   6  6.7  0.00 80 2.86
 587  4592 276.2  17  6.7  0.00 76 2.86
2005082800008001  771.6 0.00 0     0.0     0.0   290.8   13.53    62.9     2.3   290.8
 769  2342 290.5  55  3.0  0.00 7813.53
 763  2411 290.3  54  3.1  0.00 7612.17
 754  2506 290.1  51  3.4  0.00 7310.82
 744  2626 289.4  45  3.5  0.00 72 9.47
 731  2777 288.4  40  3.8  0.00 74 8.12
 714  2969 286.8  31  4.1  0.00 77 6.76
 695  3203 284.8  18  4.7  0.00 82 5.41
 667  3549 282.4   3  5.8  0.00 81 4.06
 632  3994 279.7   2  6.7  0.00 78 2.71
 597  4460 277.1  13  6.8  0.00 74 2.71
2005082800009001  765.0 0.00 0     0.0     0.0   290.8   13.42    65.8     2.6   290.8
 762  2417 289.8  46  3.2  0.00 7713.42
 756  2486 289.6  44  3.3  0.00 7612.08
 748  2580 289.2  41  3.5  0.00 7510.74
 737  2700 288.3  35  3.7  0.00 77 9.39
 724  2850 287.3  31  4.1  0.00 78 8.05
 708  3041 285.8  23  4.5  0.00 80 6.71
 689  3275 284.0  11  5.1  0.00 81 5.37
 661  3619 281.8   0  6.1  0.00 79 4.03
 626  4063 279.3   2  6.7  0.00 75 2.68
 592  4527 276.7  13  6.6  0.00 71 2.68
2005082800010001  739.6 0.00 0     0.0     0.0   290.9   13.80    68.3     2.6   290.9
 736  2707 287.0  25  4.0  0.00 8213.80
 730  2775 286.6  23  4.2  0.00 8212.42
 722  2868 286.1  21  4.4  0.00 8211.04
 712  2986 285.5  18  4.8  0.00 81 9.66
 700  3134 284.8  16  5.2  0.00 80 8.28
 684  3323 283.6  10  5.6  0.00 79 6.90
 665  3554 282.1   3  6.1  0.00 78 5.52
 639  3894 280.0 358  6.6  0.00 75 4.14
 605  4334 277.7   4  6.5  0.00 71 2.76
 572  4793 275.1  14  6.2  0.00 66 2.76
2005082800011001  744.8 0.00 0     0.0     0.0   291.5   14.54    69.2     2.5   291.5
 741  2649 287.1  22  4.3  0.00 8314.54
 735  2718 286.7  20  4.5  0.00 8213.09
 727  2810 286.2  18  4.8  0.00 8211.63
 717  2929 285.7  15  5.1  0.00 8110.18
 705  3077 284.8  12  5.4  0.00 80 8.72
 689  3266 283.8   8  6.0  0.00 78 7.27
 670  3497 282.3   4  6.3  0.00 77 5.82
 643  3838 280.3   0  6.5  0.00 74 4.36
 609  4278 277.9   1  6.4  0.00 70 2.91
 576  4739 275.4   8  6.0  0.00 63 2.91
2005082800012001  851.9 0.00 0     0.0     0.0   292.7   15.43    66.5     2.3   292.7
 849  1504 293.7  52  2.7  0.00 8615.43
 842  1575 292.8  56  2.4  0.00 8913.89
 833  1671 292.2  48  2.6  0.00 8912.35
 821  1794 291.6  39  2.8  0.00 8910.80
 807  1948 290.5  32  3.1  0.00 90 9.26
 788  2143 289.7  26  3.7  0.00 89 7.72
 767  2383 288.4  21  4.2  0.00 88 6.17
 735  2737 286.6  11  5.0  0.00 85 4.63
 696  3194 284.2   0  6.3  0.00 78 3.09
 658  3672 281.3   0  6.5  0.00 74 3.09
2005082800013001  961.4 0.00 0     0.0     0.0   295.3   16.40    59.5     2.4   295.3
 960   459 300.7  53  3.1  0.00 7916.40
 952   532 300.2  52  3.1  0.00 7914.76
 941   632 299.6  51  3.1  0.00 7913.12
 928   759 298.7  51  2.9  0.00 7911.48
 911   918 297.8  51  2.7  0.00 78 9.84
 890  1121 295.5  54  2.5  0.00 85 8.20
 865  1368 294.1  39  3.0  0.00 85 6.56
 830  1733 292.4  20  4.0  0.00 81 4.92
 785  2205 289.3   7  4.6  0.00 85 3.28
 741  2698 286.7 357  5.5  0.00 84 3.28
2005082800014001  998.5 0.00 0     0.0     0.0   298.6   17.69    50.5     2.5   298.6
 996   117 303.2  49  3.3  0.00 7017.69
 988   191 302.7  48  3.4  0.00 7015.92
 977   291 302.1  47  3.5  0.00 6914.15
 963   419 301.3  43  3.3  0.00 6812.38
 946   580 299.8  48  2.8  0.00 7310.61
 924   785 298.9  33  3.1  0.00 68 8.84
 898  1035 297.2  21  3.3  0.00 69 7.08
 861  1404 294.8   9  4.2  0.00 71 5.31
 815  1880 291.6   2  5.4  0.00 76 3.54
 769  2378 288.4 352  6.2  0.00 79 3.54
2005082800001002  732.2 0.00 0     0.0     0.0   290.0   14.60   333.4     1.7   290.0
 729  2791 287.7  11  3.4  0.00 8814.60
 723  2859 287.4  13  3.6  0.00 8713.14
 715  2952 286.9  15  4.0  0.00 8611.68
 705  3071 286.4  17  4.5  0.00 8510.22
 693  3220 285.5  19  5.0  0.00 86 8.76
 678  3409 284.2  21  5.4  0.00 90 7.30
 659  3641 282.6  23  5.7  0.00 95 5.84
 633  3982 280.2  28  5.8  0.00 96 4.38
 600  4423 277.3  35  5.7  0.00 89 2.92
 567  4882 274.6  40  5.4  0.00 83 2.92
2005082800002002  721.7 0.00 0     0.0     0.0   289.8   14.66   343.4     1.6   289.8
 719  2912 287.2  18  4.0  0.00 8614.66
 713  2980 286.9  19  4.3  0.00 8513.20
 705  3073 286.5  20  4.6  0.00 8411.73
 695  3191 285.8  21  5.1  0.00 8510.27
 683  3340 284.8  21  5.4  0.00 88 8.80
 668  3528 283.5  21  5.8  0.00 92 7.33
 650  3759 281.7  22  6.0  0.00 96 5.87
 624  4098 279.4  24  6.1  0.00 93 4.40
 591  4537 276.6  30  6.0  0.00 86 2.93
 559  4994 274.0  36  5.6  0.00 82 2.93
2005082800003002  724.0 0.00 0     0.0     0.0   290.5   15.30     0.2     1.3   290.5
 721  2886 287.5  22  3.8  0.00 8515.30
 715  2954 287.2  23  4.1  0.00 8413.77
 707  3047 286.8  24  4.5  0.00 8312.24
 697  3165 286.1  24  4.9  0.00 8210.71
 685  3314 285.1  23  5.4  0.00 85 9.18
 670  3502 283.6  21  5.7  0.00 88 7.65
 652  3733 281.9  19  6.1  0.00 91 6.12
 626  4073 279.5  19  6.3  0.00 89 4.59
 593  4511 276.7  22  6.3  0.00 82 3.06
 560  4968 274.1  30  5.9  0.00 80 3.06
2005082800004002  743.7 0.00 0     0.0     0.0   291.2   15.82    24.7     1.2   291.2
 741  2657 289.0  29  3.2  0.00 8715.82
 735  2725 288.6  28  3.5  0.00 8614.24
 727  2819 288.1  28  3.9  0.00 8512.65
 717  2938 287.4  28  4.3  0.00 8311.07
 704  3088 286.5  27  4.8  0.00 83 9.49
 688  3278 285.3  23  5.3  0.00 82 7.91
 670  3511 283.5  18  5.8  0.00 84 6.33
 643  3853 280.9  14  6.3  0.00 86 4.75
 609  4295 278.0  16  6.6  0.00 80 3.16
 575  4756 275.3  24  6.4  0.00 77 3.16
2005082800005002  737.7 0.00 0     0.0     0.0   291.2   15.52    41.3     1.5   291.2
 735  2726 288.5  31  3.5  0.00 8515.52
 729  2794 288.1  30  3.8  0.00 8413.97
 721  2888 287.6  29  4.1  0.00 8312.42
 711  3006 286.9  28  4.5  0.00 8110.87
 698  3156 286.0  27  4.9  0.00 80 9.31
 683  3345 284.6  20  5.5  0.00 81 7.76
 664  3577 282.9  15  5.9  0.00 83 6.21
 637  3918 280.4  10  6.5  0.00 82 4.66
 604  4359 277.6  12  6.8  0.00 76 3.10
 571  4818 275.0  21  6.5  0.00 75 3.10
2005082800006002  727.5 0.00 0     0.0     0.0   290.8   14.54    49.4     1.9   290.8
 724  2844 287.4  31  4.0  0.00 8314.54
 719  2912 287.0  30  4.2  0.00 8213.09
 711  3005 286.5  29  4.5  0.00 8111.63
 701  3123 285.9  28  4.9  0.00 8010.18
 689  3272 284.9  25  5.3  0.00 80 8.72
 673  3460 283.5  18  5.7  0.00 81 7.27
 655  3691 281.9  11  6.2  0.00 81 5.82
 629  4030 279.6   7  6.7  0.00 78 4.36
 596  4468 277.0  10  6.8  0.00 73 2.91
 563  4926 274.4  20  6.3  0.00 73 2.91
2005082800007002  745.8 0.00 0     0.0     0.0   290.4   13.54    54.0     2.4   290.4
 743  2633 288.0  37  3.7  0.00 8313.54
 737  2702 287.7  36  3.8  0.00 8312.18
 729  2795 287.2  34  4.0  0.00 8210.83
 719  2914 286.6  32  4.3  0.00 82 9.47
 706  3063 285.4  30  4.5  0.00 84 8.12
 690  3252 284.7  20  5.1  0.00 80 6.77
 671  3484 283.1  11  5.7  0.00 79 5.41
 644  3826 280.8   3  6.5  0.00 77 4.06
 611  4268 278.2   8  6.9  0.00 73 2.71
 577  4729 275.5  16  6.6  0.00 71 2.71
2005082800008002  749.4 0.00 0     0.0     0.0   290.3   13.06    57.3     2.7   290.3
 746  2594 288.0  40  3.5  0.00 8213.06
 740  2662 287.6  38  3.6  0.00 8211.75
 732  2755 287.1  35  3.8  0.00 8210.45
 722  2874 286.5  32  4.1  0.00 81 9.14
 709  3023 285.0  30  4.3  0.00 84 7.84
 694  3213 284.6  21  4.9  0.00 80 6.53
 675  3445 283.1  10  5.5  0.00 78 5.22
 648  3787 281.0   0  6.4  0.00 75 3.92
 614  4228 278.5   5  6.8  0.00 71 2.61
 580  4690 275.8  14  6.6  0.00 69 2.61
2005082800009002  748.7 0.00 0     0.0     0.0   290.9   13.15    60.9     2.8   290.9
 746  2603 287.6  33  3.6  0.00 8113.15
 740  2671 287.2  31  3.7  0.00 8111.84
 731  2764 286.8  28  3.9  0.00 8010.52
 721  2883 286.1  25  4.2  0.00 80 9.21
 709  3032 285.2  22  4.5  0.00 81 7.89
 693  3221 284.3  14  5.0  0.00 79 6.58
 674  3453 282.9   5  5.6  0.00 77 5.26
 647  3794 280.8 359  6.5  0.00 73 3.95
 613  4236 278.4   4  6.7  0.00 69 2.63
 579  4697 275.7  13  6.4  0.00 66 2.63
2005082800010002  739.5 0.00 0     0.0     0.0   291.9   13.77    64.2     2.6   291.9
 736  2709 286.9  19  4.2  0.00 7913.77
 730  2777 286.5  18  4.3  0.00 7912.39
 722  2870 286.0  16  4.6  0.00 7811.01
 712  2988 285.4  13  4.9  0.00 78 9.64
 700  3136 284.7  11  5.1  0.00 77 8.26
 684  3325 283.5   6  5.7  0.00 76 6.88
 665  3556 282.1   1  6.1  0.00 74 5.51
 639  3896 280.1 358  6.6  0.00 71 4.13
 605  4335 277.7   4  6.4  0.00 67 2.75
 572  4795 275.1  13  6.0  0.00 62 2.75
2005082800011002  748.0 0.00 0     0.0     0.0   293.2   14.71    66.5     2.3   293.2
 744  2614 287.3  13  4.3  0.00 7814.71
 738  2683 286.9  11  4.5  0.00 7813.24
 730  2775 286.4   9  4.8  0.00 7711.77
 720  2894 285.8   7  5.1  0.00 7610.30
 707  3042 284.9   4  5.4  0.00 76 8.82
 692  3231 283.9   2  6.0  0.00 75 7.35
 673  3463 282.5 359  6.3  0.00 73 5.88
 646  3804 280.5 358  6.5  0.00 71 4.41
 612  4244 278.1   0  6.3  0.00 66 2.94
 578  4705 275.6   8  5.8  0.00 60 2.94
2005082800012002  839.6 0.00 0     0.0     0.0   294.7   15.66    65.3     2.1   294.7
 836  1629 292.7  34  2.4  0.00 8215.66
 830  1699 292.3  29  2.6  0.00 8214.09
 820  1795 291.7  23  2.8  0.00 8212.53
 809  1917 291.0  17  3.2  0.00 8110.96
 795  2070 290.2  11  3.7  0.00 81 9.39
 777  2265 289.1   8  4.2  0.00 81 7.83
 755  2504 287.8   6  4.7  0.00 81 6.26
 724  2856 285.9 359  5.6  0.00 77 4.70
 686  3311 283.4 355  6.5  0.00 73 3.13
 648  3786 280.6 358  6.4  0.00 70 3.13
2005082800013002  946.8 0.00 0     0.0     0.0   296.9   16.62    60.3     2.1   296.9
 944   588 300.0  55  2.6  0.00 7316.62
 937   661 299.6  54  2.5  0.00 7314.96
 926   760 298.9  52  2.4  0.00 7313.29
 913   886 297.3  42  2.5  0.00 7911.63
 897  1045 297.2  36  2.4  0.00 72 9.97
 876  1246 296.3  25  2.7  0.00 69 8.31
 852  1493 294.3  13  3.4  0.00 73 6.65
 817  1857 291.7   1  4.4  0.00 77 4.99
 773  2326 288.7 354  5.4  0.00 79 3.32
 730  2817 286.0 350  6.3  0.00 78 3.32
2005082800014002  996.3 0.00 0     0.0     0.0   299.4   17.75    54.4     2.3   299.4
 994   133 302.9  54  3.0  0.00 6817.75
 986   207 302.5  52  3.0  0.00 6715.98
 975   307 301.8  51  2.9  0.00 6514.20
 961   435 300.5  48  2.5  0.00 7212.43
 943   596 299.3  39  2.7  0.00 7510.65
 922   800 298.9  23  2.9  0.00 64 8.88
 896  1050 297.3   9  3.4  0.00 65 7.10
 859  1418 294.9 357  4.6  0.00 67 5.33
 813  1895 291.6 352  5.9  0.00 72 3.55
 767  2392 288.3 345  6.8  0.00 76 3.55
2005082800001003  731.7 0.00 0     0.0     0.0   290.0   14.37   358.3     2.0   290.0
 729  2797 287.9  22  4.0  0.00 8514.37
 723  2865 287.6  24  4.4  0.00 8512.93
 715  2958 287.2  25  4.8  0.00 8311.50
 705  3077 286.6  27  5.4  0.00 8210.06
 693  3226 285.7  28  6.0  0.00 83 8.62
 677  3415 284.3  29  6.3  0.00 86 7.19
 659  3647 282.6  29  6.4  0.00 90 5.75
 632  3988 280.2  32  6.2  0.00 88 4.31
 599  4428 277.4  38  5.8  0.00 76 2.87
 566  4887 274.7  41  5.4  0.00 69 2.87
2005082800002003  733.4 0.00 0     0.0     0.0   290.0   14.14     9.9     2.2   290.0
 730  2776 288.0  25  4.5  0.00 8514.14
 725  2845 287.7  26  4.8  0.00 8412.73
 717  2938 287.2  28  5.2  0.00 8311.31
 707  3057 286.7  29  5.8  0.00 82 9.90
 694  3206 285.8  30  6.3  0.00 82 8.48
 679  3395 284.5  29  6.6  0.00 84 7.07
 660  3627 282.8  27  6.6  0.00 87 5.66
 634  3968 280.4  27  6.5  0.00 85 4.24
 601  4408 277.5  31  6.1  0.00 75 2.83
 568  4867 274.8  36  5.7  0.00 69 2.83
2005082800003003  745.5 0.00 0     0.0     0.0   290.6   14.29    22.4     2.3   290.6
 743  2637 288.8  30  4.9  0.00 8514.29
 737  2706 288.5  31  5.2  0.00 8412.86
 729  2799 288.0  32  5.5  0.00 8311.43
 718  2919 287.4  32  5.8  0.00 8210.00
 706  3069 286.4  33  6.5  0.00 82 8.57
 690  3259 285.4  31  6.6  0.00 81 7.14
 671  3492 283.7  27  6.7  0.00 82 5.72
 644  3834 281.2  23  6.7  0.00 81 4.29
 611  4276 278.3  23  6.5  0.00 73 2.86
 577  4737 275.6  28  6.1  0.00 67 2.86
2005082800004003  766.6 0.00 0     0.0     0.0   291.2   14.42    33.5     2.5   291.2
 764  2399 291.1  40  4.4  0.00 7814.42
 758  2468 291.0  40  4.9  0.00 7512.98
 749  2563 291.0  39  5.3  0.00 7111.54
 739  2683 290.0  37  5.6  0.00 7310.09
 726  2835 289.0  38  6.3  0.00 73 8.65
 710  3027 287.3  35  6.5  0.00 77 7.21
 690  3262 285.2  29  6.6  0.00 80 5.77
 662  3608 282.7  21  6.7  0.00 78 4.33
 628  4053 279.7  17  6.8  0.00 72 2.88
 593  4518 276.9  21  6.5  0.00 66 2.88
2005082800005003  761.2 0.00 0     0.0     0.0   291.2   14.17    40.5     2.7   291.2
 758  2459 290.8  41  4.8  0.00 7514.17
 752  2529 290.7  40  5.2  0.00 7212.75
 744  2623 290.2  40  5.5  0.00 7211.33
 734  2743 289.2  38  5.7  0.00 74 9.92
 721  2894 288.2  38  6.2  0.00 75 8.50
 705  3086 286.5  33  6.5  0.00 78 7.08
 685  3320 284.6  26  6.6  0.00 79 5.67
 658  3664 282.2  16  6.8  0.00 75 4.25
 623  4108 279.3  13  6.9  0.00 68 2.83
 589  4572 276.5  18  6.6  0.00 64 2.83
2005082800006003  744.6 0.00 0     0.0     0.0   290.7   13.57    45.1     2.9   290.7
 742  2649 288.2  39  5.0  0.00 8213.57
 736  2718 287.8  37  5.2  0.00 8212.21
 728  2811 287.3  36  5.4  0.00 8110.86
 717  2930 286.7  34  5.7  0.00 81 9.50
 705  3079 285.6  34  6.1  0.00 82 8.14
 689  3269 284.7  27  6.4  0.00 79 6.78
 670  3501 283.1  19  6.6  0.00 76 5.43
 643  3842 280.9  10  6.9  0.00 71 4.07
 610  4283 278.2  10  6.9  0.00 65 2.71
 576  4744 275.6  17  6.4  0.00 64 2.71
2005082800007003  739.9 0.00 0     0.0     0.0   290.3   13.04    48.7     3.0   290.3
 737  2703 287.4  35  4.6  0.00 8213.04
 731  2771 287.0  34  4.7  0.00 8111.74
 723  2864 286.6  32  5.0  0.00 8110.43
 713  2982 286.0  31  5.3  0.00 81 9.13
 700  3131 285.2  30  5.6  0.00 81 7.82
 685  3320 284.0  22  6.0  0.00 78 6.52
 666  3552 282.6  13  6.4  0.00 74 5.22
 639  3892 280.5   6  6.9  0.00 69 3.91
 606  4332 278.0   8  6.9  0.00 65 2.61
 573  4792 275.3  14  6.3  0.00 64 2.61
2005082800008003  742.7 0.00 0     0.0     0.0   290.4   12.95    51.7     3.1   290.4
 740  2673 287.3  34  4.1  0.00 8112.95
 734  2741 287.0  33  4.3  0.00 8111.66
 726  2834 286.5  31  4.5  0.00 8010.36
 716  2952 285.9  28  4.8  0.00 80 9.07
 703  3101 284.7  26  5.0  0.00 82 7.77
 687  3290 284.0  19  5.5  0.00 77 6.48
 669  3521 282.5  10  6.0  0.00 74 5.18
 642  3862 280.5   3  6.7  0.00 69 3.89
 608  4302 278.1   6  6.9  0.00 65 2.59
 575  4762 275.5  12  6.4  0.00 63 2.59
2005082800009003  752.7 0.00 0     0.0     0.0   291.5   13.24    55.0     2.9   291.5
 749  2561 287.7  27  3.7  0.00 7913.24
 743  2629 287.3  26  3.9  0.00 7911.91
 735  2722 286.9  23  4.1  0.00 7810.59
 725  2841 286.2  21  4.4  0.00 78 9.26
 712  2990 285.1  19  4.6  0.00 79 7.94
 696  3179 284.4  14  5.2  0.00 77 6.62
 677  3411 283.0   7  5.7  0.00 74 5.29
 650  3753 281.0   1  6.4  0.00 69 3.97
 616  4194 278.6   4  6.7  0.00 65 2.65
 582  4656 276.1  10  6.4  0.00 61 2.65
2005082800010003  761.1 0.00 0     0.0     0.0   293.4   14.00    58.2     2.6   293.4
 758  2468 288.6  14  3.7  0.00 7514.00
 751  2536 288.3  13  3.9  0.00 7412.60
 743  2630 287.7  10  4.1  0.00 7411.20
 733  2749 287.0   9  4.4  0.00 74 9.80
 720  2898 286.0   8  4.6  0.00 74 8.40
 704  3088 284.8   6  5.3  0.00 74 7.00
 685  3320 283.4   2  5.8  0.00 72 5.60
 657  3663 281.4 359  6.3  0.00 69 4.20
 623  4106 279.0   2  6.4  0.00 64 2.80
 588  4569 276.5   8  6.1  0.00 59 2.80
2005082800011003  785.5 0.00 0     0.0     0.0   295.5   15.00    60.9     2.2   295.5
 782  2200 289.9   9  3.8  0.00 7415.00
 775  2269 289.5   7  4.0  0.00 7413.50
 767  2363 289.0   4  4.3  0.00 7312.00
 756  2483 288.2   2  4.6  0.00 7310.50
 743  2633 287.4 359  5.0  0.00 72 9.00
 726  2825 286.2 357  5.5  0.00 72 7.50
 706  3059 284.9 355  5.9  0.00 71 6.00
 678  3404 282.8 355  6.3  0.00 69 4.50
 642  3851 280.3 357  6.3  0.00 66 3.00
 607  4318 277.8   4  6.0  0.00 60 3.00
2005082800012003  849.4 0.00 0     0.0     0.0   297.3   15.89    61.7     1.9   297.3
 846  1529 293.8  19  2.5  0.00 7315.89
 839  1600 293.4  14  2.7  0.00 7314.30
 830  1696 292.8   9  3.0  0.00 7212.71
 818  1818 292.0   4  3.4  0.00 7211.13
 804  1972 291.0 358  3.9  0.00 72 9.54
 785  2167 289.9 355  4.5  0.00 72 7.95
 764  2406 288.5 352  5.2  0.00 72 6.36
 733  2759 286.4 350  6.0  0.00 71 4.77
 694  3214 283.9 350  6.6  0.00 69 3.18
 655  3691 281.2 354  6.4  0.00 67 3.18
2005082800013003  931.5 0.00 0     0.0     0.0   298.9   16.81    61.6     1.9   298.9
 928   725 299.1  56  1.8  0.00 6916.81
 921   797 299.1  49  1.8  0.00 6515.13
 911   896 298.5  38  1.9  0.00 6513.45
 898  1022 297.7  23  2.2  0.00 6511.77
 882  1179 296.6  10  2.7  0.00 6510.09
 862  1380 295.3   1  3.4  0.00 65 8.41
 838  1625 293.6 354  4.1  0.00 67 6.72
 803  1987 291.0 347  5.3  0.00 70 5.04
 761  2454 288.1 344  6.4  0.00 72 3.36
 718  2942 285.2 344  6.9  0.00 71 3.36
2005082800014003  991.8 0.00 0     0.0     0.0   300.6   17.80    61.5     2.0   300.6
 989   169 302.6  60  2.6  0.00 6417.80
 981   242 302.2  56  2.4  0.00 6216.02
 970   343 301.4  55  2.2  0.00 6614.24
 956   470 300.7  53  1.9  0.00 6612.46
 939   631 300.4  26  2.6  0.00 5610.68
 918   835 299.0  10  2.8  0.00 59 8.90
 892  1084 297.4 356  3.7  0.00 59 7.12
 855  1453 294.9 347  5.2  0.00 63 5.34
 809  1928 291.6 343  6.7  0.00 68 3.56
 764  2425 288.2 340  7.4  0.00 72 3.56
2005082800001004  738.8 0.00 0     0.0     0.0   290.3   14.32    15.0     2.5   290.3
 736  2715 288.9  27  4.0  0.00 8414.32
 730  2783 288.5  28  4.4  0.00 8312.88
 722  2877 287.9  30  5.0  0.00 8211.45
 712  2996 287.2  31  5.6  0.00 8110.02
 700  3146 286.3  33  6.4  0.00 79 8.59
 684  3336 285.0  33  6.9  0.00 81 7.16
 665  3568 283.3  32  7.0  0.00 84 5.73
 639  3910 280.9  33  6.6  0.00 81 4.29
 605  4351 278.0  39  6.1  0.00 67 2.86
 572  4810 275.3  42  5.5  0.00 57 2.86
2005082800002004  742.0 0.00 0     0.0     0.0   290.5   13.85    23.0     3.0   290.5
 739  2678 288.9  30  4.6  0.00 8213.85
 733  2746 288.5  31  4.9  0.00 8212.46
 725  2840 288.0  32  5.4  0.00 8111.08
 715  2959 287.3  33  6.0  0.00 80 9.69
 703  3109 286.4  35  6.7  0.00 79 8.31
 687  3299 285.2  35  7.3  0.00 80 6.92
 668  3531 283.5  32  7.3  0.00 80 5.54
 641  3874 281.1  29  6.9  0.00 77 4.15
 608  4315 278.2  32  6.4  0.00 65 2.77
 574  4775 275.5  36  5.8  0.00 57 2.77
2005082800003004  761.5 0.00 0     0.0     0.0   291.0   13.61    29.8     3.4   291.0
 759  2456 291.0  32  5.0  0.00 7713.61
 753  2526 291.0  34  5.6  0.00 7412.25
 745  2620 290.5  36  6.3  0.00 7410.89
 734  2741 289.5  36  6.7  0.00 75 9.53
 721  2892 288.6  37  7.4  0.00 75 8.17
 705  3084 286.8  38  7.6  0.00 78 6.81
 686  3318 284.8  34  7.4  0.00 78 5.44
 658  3663 282.4  27  7.2  0.00 75 4.08
 624  4108 279.5  25  6.8  0.00 65 2.72
 589  4571 276.7  28  6.3  0.00 57 2.72
2005082800004004  773.2 0.00 0     0.0     0.0   291.5   13.46    35.3     3.6   291.5
 771  2326 291.3  41  4.9  0.00 7713.46
 764  2396 291.1  42  5.6  0.00 7612.11
 756  2490 290.8  44  6.6  0.00 7410.77
 745  2611 290.2  42  7.0  0.00 74 9.42
 732  2763 289.2  42  7.6  0.00 75 8.07
 716  2956 287.6  40  7.7  0.00 77 6.73
 696  3191 285.6  36  7.4  0.00 78 5.38
 668  3537 283.1  26  7.2  0.00 73 4.04
 633  3983 280.2  20  7.1  0.00 62 2.69
 598  4449 277.4  22  6.7  0.00 55 2.69
2005082800005004  762.8 0.00 0     0.0     0.0   291.5   13.28    39.3     3.8   291.5
 760  2444 290.6  42  5.9  0.00 7513.28
 754  2513 290.4  42  6.4  0.00 7411.95
 746  2608 289.8  42  6.8  0.00 7410.63
 735  2728 288.9  41  7.0  0.00 75 9.30
 722  2879 287.9  41  7.5  0.00 77 7.97
 706  3070 286.3  38  7.4  0.00 79 6.64
 687  3304 284.5  31  7.3  0.00 76 5.31
 659  3648 282.2  21  7.2  0.00 68 3.98
 625  4092 279.5  15  7.1  0.00 58 2.66
 590  4556 276.8  18  6.7  0.00 54 2.66
2005082800006004  746.1 0.00 0     0.0     0.0   291.2   13.08    42.4     3.8   291.2
 743  2634 288.3  39  5.9  0.00 7913.08
 737  2703 287.9  39  6.0  0.00 7911.77
 729  2796 287.3  38  6.2  0.00 7910.46
 719  2915 286.6  36  6.4  0.00 79 9.16
 706  3064 285.4  36  6.7  0.00 81 7.85
 690  3254 284.6  31  6.9  0.00 77 6.54
 672  3485 283.1  23  7.0  0.00 71 5.23
 645  3827 281.0  13  7.2  0.00 63 3.92
 611  4268 278.4  12  7.1  0.00 57 2.62
 577  4728 275.8  16  6.4  0.00 56 2.62
2005082800007004  741.2 0.00 0     0.0     0.0   290.9   13.01    45.2     3.6   290.9
 738  2691 287.5  34  5.1  0.00 8013.01
 732  2759 287.1  33  5.3  0.00 8011.71
 724  2852 286.6  32  5.5  0.00 8010.41
 714  2970 285.9  31  5.8  0.00 79 9.11
 702  3119 284.9  30  6.1  0.00 80 7.81
 686  3308 283.9  25  6.5  0.00 75 6.51
 667  3539 282.5  18  6.7  0.00 70 5.20
 640  3880 280.5   9  7.0  0.00 63 3.90
 607  4320 278.1   9  7.0  0.00 59 2.60
 574  4780 275.5  12  6.3  0.00 57 2.60
2005082800008004  766.6 0.00 0     0.0     0.0   291.2   13.28    47.8     3.3   291.2
 764  2405 289.4  37  4.0  0.00 7913.28
 758  2474 289.0  35  4.1  0.00 7811.95
 749  2568 288.5  32  4.3  0.00 7810.62
 739  2688 287.7  29  4.6  0.00 78 9.29
 726  2838 286.8  27  5.0  0.00 79 7.97
 710  3029 285.5  23  5.5  0.00 79 6.64
 690  3262 284.0  18  5.9  0.00 76 5.31
 662  3606 282.0   9  6.5  0.00 69 3.98
 628  4050 279.5   5  6.9  0.00 62 2.66
 593  4514 277.0   8  6.6  0.00 59 2.66
2005082800009004  809.6 0.00 0     0.0     0.0   292.7   13.67    50.6     3.1   292.7
 807  1941 292.2  31  3.7  0.00 7313.67
 800  2011 292.0  31  3.6  0.00 7112.30
 791  2106 291.4  31  3.3  0.00 7210.93
 780  2227 290.6  26  3.6  0.00 73 9.57
 766  2380 289.7  22  3.8  0.00 73 8.20
 749  2573 288.2  16  4.6  0.00 76 6.83
 729  2810 286.6  13  5.0  0.00 76 5.47
 699  3159 284.4   9  5.6  0.00 75 4.10
 662  3610 281.8   3  6.3  0.00 68 2.73
 626  4081 279.3   4  6.6  0.00 62 2.73
2005082800010004  842.7 0.00 0     0.0     0.0   295.1   14.43    53.7     2.7   295.1
 840  1598 293.9  30  3.1  0.00 7214.43
 833  1668 293.5  28  3.0  0.00 7112.98
 824  1764 293.0  25  2.9  0.00 7011.54
 812  1886 292.3  18  3.3  0.00 6910.10
 798  2040 291.5  11  3.8  0.00 68 8.66
 780  2236 290.2   6  4.4  0.00 69 7.21
 758  2475 288.6   2  4.8  0.00 71 5.77
 727  2827 286.4   0  5.5  0.00 71 4.33
 689  3282 283.6 359  6.1  0.00 70 2.89
 651  3758 280.9 359  6.3  0.00 65 2.89
2005082800011004  878.0 0.00 0     0.0     0.0   297.7   15.29    56.8     2.2   297.7
 875  1241 296.5  27  2.7  0.00 6715.29
 868  1313 296.1  23  2.6  0.00 6613.76
 858  1410 295.6  18  2.8  0.00 6412.23
 846  1534 294.8  10  3.2  0.00 6310.70
 831  1689 293.7   4  3.7  0.00 63 9.17
 812  1886 292.3 358  4.2  0.00 64 7.64
 790  2128 290.6 354  4.8  0.00 66 6.12
 757  2484 288.3 350  5.6  0.00 67 4.59
 717  2944 285.5 349  6.4  0.00 67 3.06
 677  3425 282.7 352  6.4  0.00 66 3.06
2005082800012004  915.5 0.00 0     0.0     0.0   299.6   16.01    59.7     1.9   299.6
 912   874 298.8  41  2.2  0.00 6316.01
 905   947 298.6  38  2.2  0.00 6214.41
 895  1045 298.0  27  2.3  0.00 6012.81
 882  1170 297.2  16  2.5  0.00 6011.21
 866  1327 296.2   4  2.9  0.00 59 9.61
 847  1527 294.7 355  3.5  0.00 60 8.00
 823  1771 292.9 349  4.4  0.00 62 6.40
 790  2131 290.4 344  5.6  0.00 64 4.80
 748  2596 287.5 342  6.7  0.00 65 3.20
 706  3082 284.6 344  7.0  0.00 65 3.20
2005082800013004  955.5 0.00 0     0.0     0.0   300.7   16.91    64.4     1.8   300.7
 952   496 300.7  66  2.2  0.00 6816.91
 945   569 300.5  60  2.1  0.00 6515.22
 934   669 300.1  47  2.1  0.00 6113.53
 921   795 299.6  33  2.2  0.00 5811.84
 904   954 298.6  17  2.4  0.00 5710.14
 884  1156 297.2   0  3.0  0.00 58 8.45
 859  1404 295.5 348  4.0  0.00 58 6.76
 824  1768 292.9 342  5.5  0.00 61 5.07
 780  2238 289.6 339  6.9  0.00 65 3.38
 736  2730 286.5 339  7.5  0.00 67 3.38
2005082800014004  995.9 0.00 0     0.0     0.0   301.5   17.82    70.0     1.9   301.5
 993   129 302.6  71  2.5  0.00 6617.82
 985   203 302.1  67  2.2  0.00 6816.03
 974   303 301.5  68  2.0  0.00 7014.25
 960   431 301.2  53  1.9  0.00 6012.47
 943   592 300.7  29  2.2  0.00 5310.69
 921   796 299.6   7  2.8  0.00 54 8.91
 895  1046 298.0 352  3.9  0.00 54 7.13
 859  1414 295.5 341  5.6  0.00 58 5.34
 813  1890 292.1 338  7.2  0.00 63 3.56
 767  2387 288.6 337  8.0  0.00 68 3.56
2005082800001005  755.6 0.00 0     0.0     0.0   290.8   14.18    24.8     3.0   290.8
 753  2524 291.3  37  4.0  0.00 7714.18
 747  2593 291.3  41  4.8  0.00 7412.76
 739  2688 290.4  37  5.5  0.00 7511.34
 728  2808 289.4  36  6.0  0.00 75 9.92
 716  2959 288.8  38  7.0  0.00 71 8.51
 700  3151 286.3  35  7.2  0.00 78 7.09
 680  3385 284.5  33  7.1  0.00 80 5.67
 653  3729 282.1  32  6.8  0.00 80 4.25
 619  4173 279.2  35  6.3  0.00 68 2.84
 585  4636 276.3  40  5.6  0.00 54 2.84
2005082800002005  759.8 0.00 0     0.0     0.0   291.1   13.67    29.6     3.6   291.1
 757  2477 291.2  38  4.8  0.00 7613.67
 751  2546 291.3  41  5.5  0.00 7412.30
 743  2641 290.6  41  6.2  0.00 7410.94
 732  2761 289.5  39  6.7  0.00 75 9.57
 720  2913 288.7  41  7.5  0.00 74 8.20
 703  3105 286.7  37  7.7  0.00 76 6.84
 684  3339 284.8  34  7.5  0.00 77 5.47
 657  3683 282.4  30  7.2  0.00 75 4.10
 622  4128 279.5  30  6.6  0.00 64 2.73
 588  4591 276.6  34  5.9  0.00 53 2.73
2005082800003005  777.5 0.00 0     0.0     0.0   291.6   13.36    33.0     4.0   291.6
 775  2280 291.5  37  4.8  0.00 7713.36
 769  2349 291.3  39  5.5  0.00 7612.02
 760  2444 291.1  40  6.5  0.00 7510.69
 750  2565 290.8  41  7.2  0.00 74 9.35
 736  2717 289.7  41  7.9  0.00 74 8.01
 720  2911 288.1  40  8.1  0.00 76 6.68
 700  3147 286.0  37  7.8  0.00 77 5.34
 672  3493 283.5  30  7.5  0.00 73 4.01
 637  3941 280.6  24  7.0  0.00 63 2.67
 601  4407 277.7  26  6.4  0.00 53 2.67
2005082800004005  781.7 0.00 0     0.0     0.0   292.1   13.18    35.7     4.3   292.1
 779  2234 291.8  40  5.2  0.00 7413.18
 773  2304 291.5  41  5.8  0.00 7411.86
 764  2399 291.0  42  6.5  0.00 7410.54
 754  2520 290.5  43  7.4  0.00 74 9.23
 740  2672 289.5  42  7.9  0.00 75 7.91
 724  2865 288.0  40  8.1  0.00 76 6.59
 704  3101 286.1  37  7.9  0.00 77 5.27
 675  3448 283.6  28  7.5  0.00 70 3.95
 640  3895 280.8  20  7.2  0.00 59 2.64
 605  4362 277.9  20  6.7  0.00 51 2.64
2005082800005005  769.1 0.00 0     0.0     0.0   292.4   13.12    38.3     4.4   292.4
 766  2375 290.8  40  6.1  0.00 7413.12
 760  2444 290.4  41  6.5  0.00 7411.81
 752  2539 289.9  41  7.1  0.00 7510.49
 741  2659 289.1  40  7.4  0.00 75 9.18
 728  2810 288.0  40  7.8  0.00 76 7.87
 712  3002 286.5  38  7.8  0.00 77 6.56
 692  3236 284.8  33  7.6  0.00 74 5.25
 664  3581 282.6  23  7.4  0.00 65 3.94
 630  4025 279.9  16  7.2  0.00 54 2.62
 595  4490 277.2  17  6.7  0.00 50 2.62
2005082800006005  760.9 0.00 0     0.0     0.0   292.4   13.17    41.0     4.2   292.4
 758  2469 289.7  38  6.0  0.00 7613.17
 752  2538 289.4  38  6.3  0.00 7611.86
 743  2632 288.8  38  6.6  0.00 7610.54
 733  2751 287.9  36  6.8  0.00 76 9.22
 720  2902 286.9  35  7.1  0.00 78 7.90
 704  3092 285.5  33  7.2  0.00 77 6.59
 685  3325 283.9  27  7.2  0.00 72 5.27
 657  3669 281.9  17  7.2  0.00 63 3.95
 623  4112 279.3  12  7.1  0.00 55 2.63
 588  4574 276.7  14  6.5  0.00 52 2.63
2005082800007005  772.5 0.00 0     0.0     0.0   292.5   13.40    43.7     3.8   292.5
 769  2341 289.9  36  4.9  0.00 7713.40
 763  2410 289.5  35  5.1  0.00 7712.06
 755  2504 289.0  34  5.3  0.00 7810.72
 744  2624 288.3  32  5.6  0.00 78 9.38
 731  2775 287.3  31  5.8  0.00 78 8.04
 715  2966 286.0  28  6.3  0.00 78 6.70
 695  3200 284.4  24  6.7  0.00 76 5.36
 667  3544 282.4  16  7.0  0.00 67 4.02
 632  3989 279.9   9  7.1  0.00 59 2.68
 597  4454 277.4  10  6.6  0.00 55 2.68
2005082800008005  825.6 0.00 0     0.0     0.0   293.0   13.85    46.4     3.4   293.0
 823  1773 293.1  41  4.0  0.00 7713.85
 816  1843 292.8  40  4.1  0.00 7612.46
 807  1939 292.4  42  3.7  0.00 7411.08
 796  2061 291.8  36  4.0  0.00 74 9.69
 782  2215 290.9  36  3.8  0.00 74 8.31
 764  2410 289.5  27  4.9  0.00 76 6.92
 743  2648 287.8  22  5.3  0.00 78 5.54
 713  2999 285.5  16  5.9  0.00 77 4.15
 675  3453 282.8  10  6.6  0.00 70 2.77
 638  3926 280.2   7  6.9  0.00 61 2.77
2005082800009005  902.5 0.00 0     0.0     0.0   294.6   14.30    49.5     3.1   294.6
 900  1006 299.2  43  3.9  0.00 6914.30
 893  1078 298.5  45  3.7  0.00 7012.87
 883  1176 297.5  47  3.5  0.00 7111.44
 870  1302 296.3  41  3.6  0.00 7310.01
 855  1459 294.8  42  3.3  0.00 75 8.58
 836  1658 293.6  32  3.7  0.00 74 7.15
 812  1902 292.4  21  4.3  0.00 72 5.72
 779  2262 290.3  13  4.7  0.00 72 4.29
 738  2727 287.1   8  5.6  0.00 75 2.86
 696  3212 284.1   4  6.4  0.00 73 2.86
2005082800010005  952.0 0.00 0     0.0     0.0   297.0   15.02    53.7     2.7   297.0
 950   537 302.2  54  3.3  0.00 6515.02
 942   610 301.7  55  3.2  0.00 6513.51
 932   710 301.0  56  3.0  0.00 6512.01
 918   838 300.2  50  3.2  0.00 6510.51
 902   998 299.1  41  3.4  0.00 64 9.01
 881  1200 296.5  35  3.2  0.00 71 7.51
 857  1448 295.4  21  3.4  0.00 67 6.01
 822  1813 293.3   6  4.3  0.00 65 4.50
 778  2284 289.9 357  5.3  0.00 68 3.00
 734  2776 286.7 355  6.2  0.00 70 3.00
2005082800011005  975.7 0.00 0     0.0     0.0   299.3   15.76    58.5     2.4   299.3
 973   317 303.3  66  3.3  0.00 6215.76
 965   390 302.9  67  3.1  0.00 6114.18
 955   491 302.2  64  3.0  0.00 6112.60
 941   619 301.1  56  2.9  0.00 6311.03
 924   779 299.5  48  2.8  0.00 67 9.45
 903   983 298.9  33  3.1  0.00 61 7.88
 878  1233 297.5  14  3.2  0.00 58 6.30
 842  1600 294.6 356  4.3  0.00 60 4.73
 797  2074 291.2 348  5.8  0.00 63 3.15
 752  2569 287.9 345  6.8  0.00 65 3.15
2005082800012005  989.2 0.00 0     0.0     0.0   301.0   16.36    63.2     2.1   301.0
 987   191 303.7  73  3.1  0.00 5916.36
 978   265 303.2  73  3.1  0.00 5914.73
 967   366 302.3  69  2.9  0.00 6113.09
 954   494 301.0  61  2.5  0.00 6511.46
 937   655 300.5  53  2.6  0.00 61 9.82
 915   859 299.7  35  2.6  0.00 56 8.18
 890  1109 298.0   8  3.0  0.00 56 6.55
 853  1477 295.4 348  4.4  0.00 56 4.91
 807  1953 291.9 341  6.3  0.00 59 3.27
 762  2449 288.5 340  7.4  0.00 62 3.27
2005082800013005  996.6 0.00 0     0.0     0.0   301.7   17.19    69.5     2.0   301.7
 994   123 303.4  75  2.9  0.00 6017.19
 986   196 303.0  75  2.8  0.00 5915.47
 975   297 302.4  71  2.5  0.00 5813.75
 961   425 301.6  59  2.2  0.00 6112.03
 943   586 301.2  48  2.5  0.00 5310.31
 922   790 299.9  27  2.7  0.00 53 8.59
 896  1041 298.3   2  3.3  0.00 53 6.87
 859  1409 295.7 344  4.9  0.00 55 5.16
 813  1886 292.3 337  6.8  0.00 59 3.44
 767  2383 288.9 337  7.8  0.00 63 3.44
2005082800014005 1005.2 0.00 0     0.0     0.0   302.1   17.96    76.1     2.0   302.1
1003    49 303.0  78  2.6  0.00 6417.96
 994   123 302.5  77  2.4  0.00 6616.16
 983   224 302.0  74  2.1  0.00 6814.37
 969   352 301.7  58  2.2  0.00 5512.57
 951   512 301.2  38  2.3  0.00 5110.77
 930   717 300.2  15  2.8  0.00 51 8.98
 904   967 298.7 356  3.9  0.00 51 7.18
 867  1337 296.2 342  5.7  0.00 54 5.39
 820  1814 292.8 336  7.4  0.00 59 3.59
 774  2312 289.3 335  8.2  0.00 65 3.59
2005082800001006  782.4 0.00 0     0.0     0.0   291.6   13.99    33.2     3.4   291.6
 780  2225 292.7  36  3.8  0.00 7813.99
 774  2295 291.8  34  4.0  0.00 8012.59
 765  2390 291.5  36  4.9  0.00 7811.19
 754  2512 291.4  39  5.9  0.00 74 9.79
 741  2664 290.6  39  7.0  0.00 73 8.39
 724  2858 289.1  38  7.2  0.00 74 6.99
 705  3095 286.8  36  7.0  0.00 77 5.59
 676  3443 284.1  31  6.8  0.00 78 4.20
 641  3892 281.0  27  6.3  0.00 72 2.80
 605  4360 277.9  33  5.6  0.00 58 2.80
2005082800002006  785.4 0.00 0     0.0     0.0   291.9   13.63    35.5     4.0   291.9
 783  2193 291.9  37  4.4  0.00 7813.63
 777  2262 291.7  36  4.8  0.00 7712.27
 768  2358 291.5  37  5.6  0.00 7510.90
 757  2479 291.2  40  6.5  0.00 74 9.54
 744  2632 290.4  41  7.2  0.00 73 8.18
 727  2826 288.9  39  7.6  0.00 74 6.82
 707  3063 286.9  36  7.4  0.00 76 5.45
 679  3411 284.1  30  7.1  0.00 75 4.09
 643  3860 281.2  24  6.7  0.00 68 2.73
 607  4327 278.1  28  5.9  0.00 56 2.73
2005082800003006  792.0 0.00 0     0.0     0.0   292.5   13.53    36.5     4.3   292.5
 789  2123 292.2  39  4.7  0.00 7513.53
 783  2192 291.9  39  5.1  0.00 7512.17
 774  2288 291.5  40  5.7  0.00 7410.82
 763  2409 291.0  41  6.5  0.00 74 9.47
 750  2562 290.4  41  7.3  0.00 73 8.12
 733  2756 289.0  39  7.7  0.00 74 6.76
 713  2993 287.1  36  7.6  0.00 74 5.41
 684  3341 284.4  29  7.3  0.00 72 4.06
 648  3791 281.5  20  7.0  0.00 63 2.71
 612  4259 278.5  22  6.3  0.00 53 2.71
2005082800004006  794.9 0.00 0     0.0     0.0   293.2   13.57    37.2     4.4   293.2
 792  2093 292.3  38  5.3  0.00 7313.57
 786  2163 292.0  38  5.6  0.00 7312.22
 777  2259 291.5  39  6.1  0.00 7310.86
 766  2380 290.8  39  6.6  0.00 73 9.50
 753  2532 290.0  39  7.4  0.00 73 8.14
 736  2726 288.7  38  7.6  0.00 73 6.79
 715  2963 286.9  35  7.6  0.00 73 5.43
 687  3311 284.4  28  7.4  0.00 69 4.07
 650  3761 281.5  18  7.1  0.00 59 2.71
 614  4229 278.7  17  6.6  0.00 51 2.71
2005082800005006  794.9 0.00 0     0.0     0.0   293.9   13.70    38.6     4.3   293.9
 792  2095 292.1  37  5.4  0.00 7313.70
 786  2165 291.7  37  5.7  0.00 7312.33
 777  2260 291.1  36  6.1  0.00 7310.96
 766  2381 290.4  36  6.5  0.00 73 9.59
 752  2533 289.5  36  7.0  0.00 73 8.22
 736  2726 288.2  35  7.3  0.00 73 6.85
 715  2963 286.5  32  7.4  0.00 73 5.48
 686  3311 284.1  25  7.4  0.00 68 4.11
 650  3760 281.4  15  7.2  0.00 57 2.74
 614  4228 278.6  14  6.7  0.00 50 2.74
2005082800006006  800.7 0.00 0     0.0     0.0   294.6   13.97    41.1     4.0   294.6
 798  2035 292.1  37  5.0  0.00 7313.97
 791  2105 291.7  36  5.3  0.00 7312.57
 782  2200 291.1  35  5.6  0.00 7311.17
 771  2321 290.4  34  5.9  0.00 73 9.78
 758  2473 289.2  33  6.3  0.00 75 8.38
 741  2666 288.2  31  6.6  0.00 74 6.98
 720  2903 286.6  28  6.9  0.00 74 5.59
 691  3251 284.3  22  7.2  0.00 70 4.19
 655  3701 281.6  13  7.2  0.00 60 2.79
 619  4170 278.9  11  6.8  0.00 53 2.79
2005082800007006  831.5 0.00 0     0.0     0.0   295.5   14.39    44.1     3.5   295.5
 828  1712 294.0  40  4.0  0.00 7214.39
 822  1783 293.6  40  4.3  0.00 7212.95
 813  1879 293.1  39  4.6  0.00 7211.51
 801  2001 292.4  36  4.8  0.00 7210.07
 787  2155 291.4  35  5.1  0.00 73 8.63
 769  2350 290.0  29  5.4  0.00 74 7.19
 748  2589 288.4  24  5.8  0.00 75 5.75
 718  2941 286.0  19  6.5  0.00 74 4.32
 680  3396 283.2  13  7.0  0.00 68 2.88
 642  3870 280.5   8  6.9  0.00 59 2.88
2005082800008006  897.3 0.00 0     0.0     0.0   296.4   14.91    47.7     3.1   296.4
 895  1054 299.1  46  3.8  0.00 6814.91
 888  1126 298.4  47  4.0  0.00 6913.42
 878  1225 297.4  53  3.8  0.00 7011.92
 865  1350 296.3  53  3.6  0.00 7110.43
 850  1507 295.7  55  3.2  0.00 72 8.94
 831  1707 294.4  35  3.8  0.00 72 7.45
 807  1951 292.5  28  4.4  0.00 72 5.96
 774  2311 290.0  18  4.9  0.00 74 4.47
 733  2775 286.9  11  6.0  0.00 75 2.98
 692  3260 283.9   6  6.7  0.00 72 2.98
2005082800009006  963.1 0.00 0     0.0     0.0   297.7   15.41    52.3     2.8   297.7
 961   435 303.5  58  3.9  0.00 6315.41
 953   509 303.0  58  3.9  0.00 6313.87
 943   609 302.3  57  4.0  0.00 6312.33
 929   737 301.4  55  3.9  0.00 6310.79
 913   898 300.6  55  3.2  0.00 63 9.24
 892  1102 297.7  46  3.2  0.00 70 7.70
 867  1350 295.7  31  3.8  0.00 72 6.16
 831  1717 294.1  18  3.9  0.00 70 4.62
 787  2191 290.6   5  4.9  0.00 71 3.08
 742  2685 287.4   1  6.1  0.00 73 3.08
2005082800010006  995.2 0.00 0     0.0     0.0   299.2   16.05    59.3     2.7   299.2
 993   144 304.9  67  3.7  0.00 6216.05
 985   219 304.4  67  3.8  0.00 6214.45
 974   320 303.8  68  3.9  0.00 6212.84
 960   449 303.0  66  3.8  0.00 6111.24
 943   611 302.3  65  3.4  0.00 58 9.63
 921   816 300.1  55  2.9  0.00 64 8.03
 896  1068 299.0  38  2.8  0.00 61 6.42
 859  1438 296.2  12  3.5  0.00 63 4.82
 813  1916 292.5 355  4.8  0.00 66 3.21
 767  2415 289.0 351  6.2  0.00 69 3.21
2005082800011006 1003.6 0.00 0     0.0     0.0   300.7   16.70    66.2     2.7   300.7
1001    68 304.8  74  3.5  0.00 6116.70
 993   142 304.3  75  3.7  0.00 6115.03
 982   244 303.7  76  3.9  0.00 6113.36
 968   373 303.0  74  3.7  0.00 6011.69
 951   534 302.1  71  3.0  0.00 5810.02
 929   740 300.5  53  2.9  0.00 61 8.35
 903   992 299.2  32  2.8  0.00 56 6.68
 866  1362 296.5 358  3.5  0.00 59 5.01
 819  1840 292.9 344  5.4  0.00 62 3.34
 773  2339 289.4 343  6.9  0.00 65 3.34
2005082800012006 1005.0 0.00 0     0.0     0.0   301.7   17.23    71.3     2.6   301.7
1003    54 304.3  78  3.4  0.00 6117.23
 994   128 303.7  78  3.4  0.00 6115.51
 983   229 303.2  78  3.4  0.00 6113.78
 969   357 302.0  75  3.1  0.00 6512.06
 951   519 301.7  66  2.8  0.00 5710.34
 930   724 300.8  51  2.8  0.00 53 8.61
 904   975 299.1  21  2.7  0.00 54 6.89
 867  1345 296.5 347  4.0  0.00 55 5.17
 820  1823 292.9 338  6.1  0.00 59 3.45
 774  2322 289.4 338  7.6  0.00 63 3.45
2005082800013006 1007.2 0.00 0     0.0     0.0   302.1   17.81    75.0     2.5   302.1
1005    31 303.7  80  3.2  0.00 6317.81
 996   105 303.1  79  3.0  0.00 6416.03
 985   206 302.5  76  2.7  0.00 6614.25
 971   334 302.0  70  2.8  0.00 6412.46
 953   495 301.5  59  2.9  0.00 5510.68
 932   700 300.6  37  2.8  0.00 51 8.90
 906   951 299.1   8  3.2  0.00 52 7.12
 868  1321 296.5 343  4.8  0.00 54 5.34
 822  1799 293.0 335  6.8  0.00 58 3.56
 776  2298 289.5 335  8.0  0.00 63 3.56
2005082800014006 1007.0 0.00 0     0.0     0.0   302.2   18.27    77.6     2.4   302.2
1005    30 302.8  77  2.6  0.00 6618.27
 996   104 302.4  76  2.5  0.00 6816.44
 984   205 302.0  70  2.4  0.00 6614.61
 970   333 301.5  60  2.9  0.00 5712.79
 953   493 301.2  42  2.8  0.00 5110.96
 931   698 300.4  17  3.2  0.00 49 9.13
 905   948 298.9 359  4.2  0.00 50 7.31
 868  1318 296.4 343  5.8  0.00 53 5.48
 822  1795 293.0 335  7.4  0.00 59 3.65
 775  2294 289.5 334  8.2  0.00 64 3.65
2005082800001007  799.8 0.00 0     0.0     0.0   292.6   13.92    40.1     3.9   292.6
 797  2037 294.7  45  4.9  0.00 7013.92
 791  2107 293.7  43  4.2  0.00 7312.53
 782  2203 292.5  43  4.4  0.00 7611.14
 771  2325 292.0  43  5.4  0.00 75 9.74
 758  2479 291.1  43  6.3  0.00 74 8.35
 741  2674 290.1  44  7.2  0.00 73 6.96
 720  2912 288.1  40  7.1  0.00 76 5.57
 691  3263 285.2  31  6.4  0.00 78 4.18
 655  3714 282.1  21  6.3  0.00 72 2.78
 618  4185 279.0  24  5.6  0.00 61 2.78
2005082800002007  804.7 0.00 0     0.0     0.0   293.0   13.82    41.1     4.3   293.0
 802  1985 293.3  49  4.8  0.00 7513.82
 796  2056 292.8  44  5.2  0.00 7512.44
 787  2151 292.4  43  5.5  0.00 7411.06
 776  2273 291.8  43  6.1  0.00 74 9.68
 762  2427 291.1  43  7.2  0.00 73 8.29
 745  2622 290.1  42  7.4  0.00 72 6.91
 724  2860 288.2  38  7.2  0.00 74 5.53
 695  3211 285.4  29  6.8  0.00 75 4.15
 658  3663 282.3  19  6.6  0.00 68 2.76
 622  4134 279.3  20  6.0  0.00 58 2.76
2005082800003007  808.8 0.00 0     0.0     0.0   293.7   14.07    40.6     4.3   293.7
 806  1944 293.9  45  4.8  0.00 7114.07
 800  2014 294.1  48  5.5  0.00 6812.66
 791  2110 293.3  46  5.9  0.00 6911.25
 780  2233 292.4  44  6.2  0.00 70 9.85
 766  2386 291.7  46  7.1  0.00 68 8.44
 749  2581 289.8  40  7.1  0.00 72 7.03
 728  2819 288.0  36  7.1  0.00 72 5.63
 698  3170 285.4  27  6.9  0.00 71 4.22
 662  3622 282.4  18  6.8  0.00 64 2.81
 625  4093 279.5  16  6.3  0.00 55 2.81
2005082800004007  815.5 0.00 0     0.0     0.0   294.7   14.46    39.8     4.2   294.7
 813  1875 294.0  43  5.0  0.00 7114.46
 806  1945 293.8  44  5.4  0.00 6913.02
 797  2041 293.3  44  5.7  0.00 6811.57
 786  2163 292.4  42  6.0  0.00 6910.12
 772  2317 291.4  41  6.5  0.00 69 8.68
 755  2512 289.8  38  6.7  0.00 70 7.23
 734  2750 288.0  33  6.8  0.00 71 5.79
 704  3101 285.6  25  6.9  0.00 68 4.34
 667  3553 282.6  16  7.0  0.00 61 2.89
 630  4025 279.8  13  6.6  0.00 54 2.89
2005082800005007  824.7 0.00 0     0.0     0.0   295.8   14.81    40.5     3.9   295.8
 822  1779 294.3  41  4.7  0.00 7014.81
 815  1850 293.9  40  4.9  0.00 7013.33
 806  1946 293.4  41  5.3  0.00 6911.85
 795  2068 292.6  39  5.6  0.00 6910.37
 781  2222 291.5  37  6.0  0.00 70 8.89
 763  2417 290.1  34  6.3  0.00 70 7.41
 742  2656 288.3  29  6.6  0.00 71 5.93
 712  3007 285.9  22  6.9  0.00 68 4.44
 674  3461 283.0  14  7.1  0.00 62 2.96
 637  3934 280.2  11  6.8  0.00 54 2.96
2005082800006007  846.2 0.00 0     0.0     0.0   297.4   15.26    43.4     3.5   297.4
 843  1559 295.6  42  4.0  0.00 6915.26
 836  1630 295.1  41  4.3  0.00 6913.73
 827  1726 294.4  41  4.6  0.00 7012.21
 815  1850 293.6  39  4.9  0.00 7010.68
 801  2004 292.6  36  5.2  0.00 70 9.15
 783  2201 291.2  32  5.5  0.00 70 7.63
 761  2441 289.5  26  5.9  0.00 71 6.10
 730  2795 287.1  20  6.5  0.00 70 4.58
 692  3251 284.1  12  7.0  0.00 66 3.05
 653  3728 281.3   9  7.0  0.00 58 3.05
2005082800007007  896.3 0.00 0     0.0     0.0   299.0   15.75    47.6     3.0   299.0
 893  1060 299.3  56  3.7  0.00 6615.75
 886  1132 298.7  54  3.6  0.00 6614.18
 876  1230 298.0  46  3.7  0.00 6712.60
 864  1356 297.1  43  3.8  0.00 6811.03
 848  1513 296.0  38  4.0  0.00 69 9.45
 829  1713 294.4  36  4.1  0.00 70 7.88
 806  1957 292.6  29  4.5  0.00 71 6.30
 773  2317 290.0  18  5.3  0.00 71 4.73
 732  2781 286.9  11  6.5  0.00 70 3.15
 691  3265 283.9   6  7.0  0.00 67 3.15
2005082800008007  952.8 0.00 0     0.0     0.0   300.3   16.21    53.1     2.6   300.3
 950   523 303.6  65  4.2  0.00 5716.21
 943   596 303.1  64  4.0  0.00 5714.59
 932   697 302.4  61  3.6  0.00 5912.97
 919   824 301.1  61  3.0  0.00 6211.35
 902   985 300.0  55  2.7  0.00 63 9.73
 882  1189 298.7  54  3.5  0.00 65 8.11
 857  1438 296.5  43  3.6  0.00 69 6.48
 822  1804 293.4  20  3.8  0.00 72 4.86
 778  2276 290.1   8  5.3  0.00 71 3.24
 734  2769 286.9   3  6.6  0.00 71 3.24
2005082800009007  983.9 0.00 0     0.0     0.0   301.1   16.74    59.8     2.5   301.1
 982   238 305.2  71  4.2  0.00 5616.74
 974   312 304.8  72  4.4  0.00 5615.06
 963   413 304.0  72  4.4  0.00 5613.39
 949   542 303.1  71  3.9  0.00 5611.71
 932   704 301.2  61  2.8  0.00 6510.04
 911   909 301.0  61  3.8  0.00 56 8.37
 885  1160 298.5  45  3.5  0.00 63 6.69
 849  1530 295.4  18  3.1  0.00 69 5.02
 803  2007 291.8 359  4.6  0.00 71 3.35
 758  2504 288.5 356  6.3  0.00 70 3.35
2005082800010007  996.0 0.00 0     0.0     0.0   301.6   17.32    68.6     2.7   301.6
 994   128 305.0  76  3.9  0.00 6017.32
 985   202 304.5  77  4.3  0.00 5915.59
 974   303 303.9  78  4.6  0.00 5913.86
 960   432 302.8  77  4.1  0.00 6312.12
 943   594 301.5  73  3.6  0.00 6410.39
 922   800 301.0  62  3.6  0.00 56 8.66
 896  1051 299.1  40  3.0  0.00 59 6.93
 859  1422 296.1   5  3.2  0.00 64 5.20
 813  1900 292.4 348  4.9  0.00 68 3.46
 767  2398 289.0 348  6.6  0.00 69 3.46
2005082800011007 1002.7 0.00 0     0.0     0.0   301.9   17.84    75.1     3.1   301.9
1000    73 304.3  81  4.0  0.00 6317.84
 992   147 303.9  81  4.1  0.00 6216.06
 981   248 303.3  81  4.1  0.00 6214.27
 967   377 302.2  78  3.6  0.00 6712.49
 949   538 302.1  77  4.2  0.00 5510.70
 928   744 301.0  61  3.4  0.00 53 8.92
 902   995 299.3  30  2.8  0.00 55 7.14
 865  1366 296.5 351  3.7  0.00 59 5.35
 818  1844 292.8 340  5.7  0.00 64 3.57
 772  2343 289.3 342  7.3  0.00 68 3.57
2005082800012007 1006.5 0.00 0     0.0     0.0   302.1   18.21    78.2     3.3   302.1
1004    36 303.8  84  4.0  0.00 6518.21
 995   110 303.1  83  3.8  0.00 6616.39
 984   211 302.4  80  3.4  0.00 6914.57
 970   340 302.0  79  3.9  0.00 6512.75
 953   501 301.7  72  3.9  0.00 5610.93
 931   706 300.8  53  3.3  0.00 52 9.11
 905   957 299.2  17  3.0  0.00 53 7.29
 868  1328 296.6 344  4.4  0.00 56 5.46
 821  1806 293.0 335  6.4  0.00 62 3.64
 775  2305 289.5 338  7.8  0.00 66 3.64
2005082800013007 1006.9 0.00 0     0.0     0.0   302.2   18.49    78.6     3.2   302.2
1005    30 303.1  82  3.6  0.00 6718.49
 996   104 302.6  80  3.4  0.00 6816.64
 984   205 302.1  77  3.2  0.00 6914.79
 970   333 301.7  73  4.0  0.00 6112.94
 953   494 301.4  61  3.6  0.00 5311.09
 931   699 300.6  36  3.3  0.00 50 9.24
 905   950 299.1   7  3.7  0.00 51 7.39
 868  1320 296.5 343  5.1  0.00 55 5.55
 822  1798 293.0 334  7.0  0.00 60 3.70
 775  2297 289.6 335  8.0  0.00 65 3.70
2005082800014007 1006.6 0.00 0     0.0     0.0   302.2   18.60    76.3     2.8   302.2
1004    30 302.5  74  2.8  0.00 6918.60
 995   104 302.2  72  2.7  0.00 7216.74
 984   205 301.7  66  3.0  0.00 6614.88
 970   332 301.3  57  3.4  0.00 5913.02
 953   493 301.2  40  3.4  0.00 5111.16
 931   698 300.5  18  3.8  0.00 48 9.30
 905   948 298.9   0  4.6  0.00 50 7.44
 868  1318 296.3 344  6.0  0.00 54 5.58
 821  1795 293.0 335  7.3  0.00 59 3.72
 775  2294 289.6 334  8.0  0.00 65 3.72
2005082800001008  802.3 0.00 0     0.0     0.0   293.7   13.96    45.8     4.1   293.7
 800  2011 294.0  45  4.4  0.00 7213.96
 793  2081 293.4  54  5.0  0.00 7212.56
 785  2177 292.9  54  5.4  0.00 7211.17
 774  2299 292.1  53  6.1  0.00 72 9.77
 760  2453 291.2  55  7.3  0.00 71 8.37
 743  2647 289.9  48  7.4  0.00 73 6.98
 722  2886 287.9  41  6.9  0.00 76 5.58
 693  3236 285.2  28  6.0  0.00 78 4.19
 657  3688 282.2  15  6.1  0.00 69 2.79
 620  4159 279.1  16  5.6  0.00 59 2.79
2005082800002008  814.1 0.00 0     0.0     0.0   294.2   14.13    46.4     4.3   294.2
 811  1887 294.3  48  4.2  0.00 7114.13
 805  1957 294.4  50  5.4  0.00 6912.72
 796  2054 294.1  50  5.9  0.00 6811.30
 785  2176 293.1  49  6.3  0.00 69 9.89
 771  2330 292.4  50  7.6  0.00 68 8.48
 754  2526 290.5  47  7.3  0.00 71 7.06
 733  2765 288.4  41  7.0  0.00 73 5.65
 703  3116 285.8  29  6.5  0.00 75 4.24
 666  3569 282.8  15  6.4  0.00 67 2.83
 629  4042 279.8  13  6.1  0.00 58 2.83
2005082800003008  832.7 0.00 0     0.0     0.0   295.1   14.71    45.4     4.2   295.1
 830  1693 295.0  46  4.1  0.00 7314.71
 823  1764 294.7  47  4.5  0.00 7113.24
 814  1860 294.4  48  5.1  0.00 7011.77
 803  1983 293.9  48  5.6  0.00 6810.30
 788  2138 292.9  48  6.3  0.00 68 8.83
 771  2334 291.4  44  6.6  0.00 69 7.36
 749  2574 289.4  39  6.7  0.00 71 5.88
 719  2928 286.8  28  6.6  0.00 70 4.41
 681  3383 283.8  15  6.6  0.00 65 2.94
 643  3858 280.8  11  6.5  0.00 57 2.94
2005082800004008  851.6 0.00 0     0.0     0.0   296.3   15.43    44.2     3.8   296.3
 849  1500 296.2  49  4.0  0.00 7315.43
 842  1572 295.8  48  4.6  0.00 7213.89
 833  1669 295.2  46  4.9  0.00 7112.35
 821  1792 294.5  46  5.3  0.00 7010.80
 806  1948 293.5  45  5.9  0.00 69 9.26
 788  2145 292.2  42  5.9  0.00 68 7.72
 766  2386 290.3  36  6.1  0.00 69 6.17
 735  2741 287.7  25  6.4  0.00 69 4.63
 696  3199 284.8  14  6.8  0.00 64 3.09
 657  3677 281.7   9  6.7  0.00 57 3.09
2005082800005008  865.1 0.00 0     0.0     0.0   297.8   15.96    44.8     3.4   297.8
 862  1364 297.3  49  3.8  0.00 6615.96
 855  1436 297.1  52  4.2  0.00 6314.36
 846  1533 296.5  50  4.5  0.00 6112.77
 834  1658 295.5  48  4.8  0.00 6311.17
 819  1813 294.5  46  5.3  0.00 63 9.58
 800  2011 292.7  39  5.3  0.00 68 7.98
 778  2253 290.8  33  5.5  0.00 70 6.38
 747  2609 288.3  23  6.1  0.00 69 4.79
 707  3069 285.3  12  6.8  0.00 64 3.19
 668  3548 282.4   7  7.0  0.00 58 3.19
2005082800006008  898.4 0.00 0     0.0     0.0   300.0   16.45    48.8     3.0   300.0
 895  1036 299.5  52  3.5  0.00 6616.45
 888  1108 299.0  51  3.4  0.00 6514.81
 878  1207 298.4  55  4.0  0.00 6513.16
 866  1332 297.5  53  4.4  0.00 6411.52
 850  1490 296.5  51  4.7  0.00 63 9.87
 831  1690 294.9  43  4.5  0.00 65 8.23
 808  1934 292.9  33  4.6  0.00 68 6.58
 775  2294 290.2  21  5.3  0.00 70 4.94
 734  2758 287.1  11  6.5  0.00 67 3.29
 693  3243 284.1   5  7.1  0.00 63 3.29
2005082800007008  947.4 0.00 0     0.0     0.0   302.1   16.84    55.3     2.5   302.1
 945   567 303.6  69  4.0  0.00 5616.84
 937   640 302.8  70  3.9  0.00 5915.16
 926   741 302.4  63  3.3  0.00 5813.47
 913   868 301.5  67  4.1  0.00 5811.79
 897  1029 300.2  65  4.5  0.00 6110.10
 876  1232 298.5  57  3.8  0.00 63 8.42
 852  1481 296.3  44  3.5  0.00 66 6.74
 817  1847 293.3  23  3.9  0.00 70 5.05
 773  2319 289.9   9  5.7  0.00 70 3.37
 730  2811 286.6   2  7.0  0.00 67 3.37
2005082800008008  978.2 0.00 0     0.0     0.0   303.7   17.11    63.3     2.3   303.7
 975   281 306.0  76  4.5  0.00 4917.11
 967   355 304.9  77  4.6  0.00 5315.40
 956   456 303.7  69  2.6  0.00 5713.69
 943   585 303.6  78  4.6  0.00 5111.98
 926   746 302.4  76  4.8  0.00 5310.27
 905   952 300.8  69  3.9  0.00 58 8.55
 880  1203 298.5  56  3.2  0.00 63 6.84
 843  1572 295.2  24  2.9  0.00 69 5.13
 798  2049 291.5   2  4.7  0.00 71 3.42
 753  2545 288.3 359  6.8  0.00 68 3.42
2005082800009008  990.4 0.00 0     0.0     0.0   304.0   17.71    71.0     2.4   304.0
 987   170 305.9  78  3.8  0.00 5217.71
 979   244 305.5  79  3.7  0.00 5115.94
 968   345 304.0  75  2.8  0.00 6014.17
 955   474 303.7  81  4.7  0.00 5212.40
 937   636 302.9  80  5.0  0.00 5010.62
 916   842 301.3  70  4.0  0.00 54 8.85
 891  1093 299.2  54  3.2  0.00 59 7.08
 854  1464 295.9  14  2.7  0.00 67 5.31
 808  1942 292.1 352  4.7  0.00 71 3.54
 762  2439 288.8 353  6.9  0.00 69 3.54
2005082800010008  999.3 0.00 0     0.0     0.0   303.5   18.34    78.2     2.9   303.5
 996    91 304.9  82  3.8  0.00 5918.34
 988   165 304.3  82  3.5  0.00 6216.51
 977   266 303.5  81  3.4  0.00 6514.67
 963   395 303.2  83  4.8  0.00 5812.84
 946   557 302.7  78  5.0  0.00 5111.00
 924   762 301.4  67  3.9  0.00 52 9.17
 898  1014 299.5  42  3.1  0.00 56 7.34
 861  1385 296.4 359  3.2  0.00 63 5.50
 815  1863 292.6 343  5.3  0.00 69 3.67
 769  2362 289.2 346  7.2  0.00 70 3.67
2005082800011008 1005.4 0.00 0     0.0     0.0   302.8   18.77    81.9     3.5   302.8
1003    44 304.1  86  4.4  0.00 6418.77
 994   118 303.4  85  4.1  0.00 6616.89
 983   219 302.8  84  4.2  0.00 6815.02
 969   348 302.7  83  5.3  0.00 6013.14
 952   510 302.2  77  4.8  0.00 5311.26
 930   715 301.2  60  3.8  0.00 52 9.39
 904   966 299.5  28  3.2  0.00 54 7.51
 867  1337 296.7 348  4.1  0.00 59 5.63
 820  1816 293.0 338  6.1  0.00 66 3.75
 774  2316 289.5 341  7.7  0.00 70 3.75
2005082800012008 1006.7 0.00 0     0.0     0.0   302.3   18.99    82.5     3.9   302.3
1004    30 303.2  85  4.4  0.00 6818.99
 995   104 302.5  84  4.0  0.00 7117.09
 984   205 302.1  83  4.5  0.00 7015.19
 970   333 301.9  81  5.1  0.00 6413.29
 953   495 301.6  71  4.6  0.00 5511.40
 931   700 300.8  49  3.7  0.00 51 9.50
 905   951 299.3  15  3.6  0.00 53 7.60
 868  1321 296.6 343  4.9  0.00 57 5.70
 821  1800 293.1 335  6.9  0.00 64 3.80
 775  2299 289.6 338  8.0  0.00 69 3.80
2005082800013008 1006.5 0.00 0     0.0     0.0   302.2   19.02    80.1     3.8   302.2
1005    30 302.9  81  3.7  0.00 7319.02
 995   104 302.1  79  3.5  0.00 7317.11
 984   205 301.7  77  4.1  0.00 6915.21
 970   333 301.4  72  4.5  0.00 6313.31
 952   494 301.3  57  4.1  0.00 5411.41
 931   699 300.6  34  3.8  0.00 50 9.51
 905   949 299.0   6  4.2  0.00 51 7.61
 868  1319 296.4 343  5.6  0.00 55 5.70
 821  1797 293.1 335  7.2  0.00 61 3.80
 775  2296 289.6 336  8.1  0.00 67 3.80
2005082800014008 1006.3 0.00 0     0.0     0.0   302.1   18.89    73.8     3.2   302.1
1004    30 302.4  69  2.8  0.00 7318.89
 995   104 301.9  67  3.0  0.00 7217.00
 984   205 301.4  62  3.4  0.00 6715.11
 970   332 301.1  54  3.8  0.00 6113.22
 952   493 301.1  37  4.0  0.00 5211.33
 931   697 300.5  18  4.3  0.00 48 9.44
 905   948 298.9   2  5.1  0.00 50 7.56
 867  1317 296.3 346  6.1  0.00 54 5.67
 821  1795 293.1 335  7.2  0.00 59 3.78
 775  2294 289.7 334  7.9  0.00 65 3.78
2005082800001009  817.4 0.00 0     0.0     0.0   294.9   14.08    50.8     4.2   294.9
 815  1851 295.2  56  4.5  0.00 6914.08
 808  1922 294.9  60  5.0  0.00 6812.67
 799  2018 294.8  60  5.5  0.00 6611.27
 788  2141 293.7  59  6.2  0.00 68 9.86
 774  2296 292.9  59  7.4  0.00 67 8.45
 757  2492 291.0  54  7.4  0.00 70 7.04
 736  2731 288.8  48  7.0  0.00 75 5.63
 706  3083 286.1  33  6.1  0.00 79 4.22
 669  3537 283.1  14  6.2  0.00 71 2.82
 631  4011 280.0  11  6.1  0.00 60 2.82
2005082800002009  837.6 0.00 0     0.0     0.0   295.7   14.45    51.3     4.3   295.7
 835  1640 296.1  52  4.4  0.00 6814.45
 828  1711 295.5  52  4.4  0.00 6913.01
 819  1808 295.1  55  4.9  0.00 6811.56
 807  1931 294.5  55  5.6  0.00 6810.12
 793  2087 293.6  56  6.2  0.00 68 8.67
 775  2284 292.1  53  6.9  0.00 69 7.23
 754  2525 290.0  47  7.0  0.00 72 5.78
 723  2879 287.3  35  6.6  0.00 75 4.34
 685  3336 284.2  17  6.4  0.00 70 2.89
 647  3812 281.2   9  6.5  0.00 59 2.89
2005082800003009  858.1 0.00 0     0.0     0.0   296.8   15.21    50.9     3.9   296.8
 855  1432 297.0  55  3.9  0.00 6915.21
 848  1504 296.5  54  4.0  0.00 7013.69
 839  1601 295.9  54  4.8  0.00 6912.17
 827  1725 295.2  53  5.2  0.00 6910.65
 812  1881 294.2  53  5.9  0.00 69 9.13
 794  2079 293.0  50  6.1  0.00 68 7.61
 772  2322 291.1  44  6.3  0.00 70 6.09
 741  2678 288.3  33  6.5  0.00 72 4.56
 701  3137 285.2  17  6.7  0.00 68 3.04
 662  3616 282.2   9  6.7  0.00 59 3.04
2005082800004009  877.1 0.00 0     0.0     0.0   298.1   16.07    50.4     3.5   298.1
 874  1242 298.2  57  3.5  0.00 6916.07
 867  1314 297.9  51  3.8  0.00 6714.46
 857  1412 297.5  52  4.5  0.00 6212.86
 845  1537 296.9  51  4.8  0.00 6011.25
 830  1694 295.8  52  5.6  0.00 60 9.64
 812  1893 294.1  49  5.5  0.00 64 8.04
 789  2136 291.9  42  5.6  0.00 70 6.43
 757  2494 289.2  30  6.1  0.00 71 4.82
 717  2956 286.1  15  6.8  0.00 66 3.21
 677  3437 283.1   8  7.0  0.00 59 3.21
2005082800005009  916.6 0.00 0     0.0     0.0   299.7   16.67    51.8     3.1   299.7
 914   857 301.5  61  3.9  0.00 6316.67
 906   930 300.7  58  3.7  0.00 6515.00
 896  1029 299.6  55  3.4  0.00 6713.33
 884  1156 298.9  54  4.0  0.00 6511.67
 868  1314 297.8  55  4.9  0.00 6310.00
 848  1516 296.7  51  5.1  0.00 59 8.33
 824  1762 294.7  44  4.8  0.00 63 6.67
 791  2125 291.6  31  5.2  0.00 70 5.00
 749  2592 288.2  16  6.3  0.00 71 3.33
 707  3080 285.2   7  7.1  0.00 63 3.33
2005082800006009  958.2 0.00 0     0.0     0.0   301.9   17.14    57.5     2.7   301.9
 956   465 304.7  69  4.3  0.00 5517.14
 948   538 304.1  71  4.3  0.00 5615.43
 937   639 303.0  67  3.7  0.00 5913.71
 924   767 301.8  63  3.5  0.00 6312.00
 907   929 301.1  66  4.6  0.00 6110.28
 887  1133 299.8  62  4.3  0.00 59 8.57
 862  1383 297.7  51  3.9  0.00 60 6.86
 826  1751 294.4  34  4.1  0.00 66 5.14
 782  2224 290.6  15  5.4  0.00 71 3.43
 738  2718 287.2   6  7.0  0.00 69 3.43
2005082800007009  979.3 0.00 0     0.0     0.0   304.0   17.44    66.0     2.4   304.0
 976   269 306.3  77  4.6  0.00 4917.44
 968   343 305.6  77  4.2  0.00 5215.70
 958   445 304.4  77  3.8  0.00 5713.95
 944   574 303.6  78  4.3  0.00 5712.21
 927   736 302.7  78  4.8  0.00 5410.46
 906   941 301.2  72  4.0  0.00 56 8.72
 881  1193 299.0  61  3.3  0.00 61 6.98
 844  1563 295.6  32  3.0  0.00 66 5.23
 799  2040 291.7   7  4.8  0.00 71 3.49
 754  2536 288.3   3  7.1  0.00 70 3.49
2005082800008009  986.8 0.00 0     0.0     0.0   305.4   17.63    74.5     2.4   305.4
 984   197 305.6  80  3.6  0.00 5517.63
 976   272 306.0  82  4.3  0.00 4715.87
 965   373 305.3  82  4.5  0.00 4714.10
 951   502 304.2  84  5.5  0.00 4712.34
 934   664 303.1  83  5.1  0.00 5010.58
 913   870 301.5  77  4.1  0.00 54 8.81
 887  1121 299.3  63  3.1  0.00 59 7.05
 851  1492 295.9  22  2.4  0.00 67 5.29
 805  1969 292.0 356  4.7  0.00 71 3.53
 760  2467 288.6 357  7.3  0.00 70 3.53
2005082800009009  990.9 0.00 0     0.0     0.0   305.4   18.27    80.4     2.5   305.4
 988   160 305.4  82  3.0  0.00 5818.27
 980   234 305.3  85  4.4  0.00 5216.44
 969   335 304.9  85  5.6  0.00 4814.62
 955   464 304.0  84  5.7  0.00 4812.79
 938   626 302.9  81  5.2  0.00 4810.96
 916   831 301.5  73  4.1  0.00 52 9.14
 891  1083 299.3  53  3.0  0.00 57 7.31
 854  1453 296.0   5  2.7  0.00 66 5.48
 808  1931 292.2 347  5.1  0.00 71 3.65
 763  2429 288.8 351  7.5  0.00 70 3.65
2005082800010009 1001.4 0.00 0     0.0     0.0   304.5   18.92    84.3     3.2   304.5
 998    79 304.9  86  4.0  0.00 5918.92
 990   153 304.4  86  4.1  0.00 6317.03
 979   254 304.1  86  5.5  0.00 5715.13
 965   383 303.6  83  5.7  0.00 5313.24
 948   545 302.8  78  5.2  0.00 4911.35
 926   751 301.6  66  4.1  0.00 50 9.46
 900  1002 299.8  38  3.2  0.00 54 7.57
 863  1374 296.7 354  3.6  0.00 62 5.68
 817  1852 292.8 341  5.7  0.00 68 3.78
 771  2352 289.3 346  7.7  0.00 70 3.78
2005082800011009 1006.5 0.00 0     0.0     0.0   303.3   19.28    85.4     3.9   303.3
1005    30 304.0  87  4.4  0.00 6919.28
 995   105 303.3  86  4.2  0.00 7017.35
 984   206 302.9  85  5.2  0.00 6515.42
 970   334 302.5  82  5.6  0.00 6013.49
 952   496 302.2  74  5.1  0.00 5211.57
 931   701 301.3  55  4.1  0.00 50 9.64
 905   953 299.7  23  3.6  0.00 53 7.71
 868  1324 296.8 348  4.6  0.00 59 5.78
 821  1803 293.2 338  6.6  0.00 66 3.86
 775  2303 289.6 342  8.0  0.00 70 3.86
2005082800012009 1006.3 0.00 0     0.0     0.0   302.6   19.41    84.3     4.3   302.6
1004    30 302.9  84  4.1  0.00 7319.41
 995   104 302.4  84  4.4  0.00 7217.47
 984   205 302.0  82  5.0  0.00 6915.53
 970   333 301.7  78  5.3  0.00 6313.58
 952   494 301.5  65  4.7  0.00 5311.64
 931   699 300.8  42  4.1  0.00 50 9.70
 905   950 299.3  12  4.2  0.00 52 7.76
 867  1321 296.6 345  5.5  0.00 57 5.82
 821  1799 293.1 337  7.3  0.00 63 3.88
 774  2299 289.7 339  8.3  0.00 69 3.88
2005082800013009 1006.1 0.00 0     0.0     0.0   302.3   19.33    80.0     4.0   302.3
1003    30 302.5  78  3.6  0.00 7519.33
 995   104 302.0  76  3.9  0.00 7317.39
 983   205 301.5  73  4.4  0.00 6915.46
 969   333 301.2  67  4.6  0.00 6313.53
 952   494 301.2  51  4.4  0.00 5311.60
 930   698 300.6  29  4.3  0.00 49 9.66
 904   949 299.0   6  4.8  0.00 51 7.73
 867  1319 296.5 345  6.0  0.00 55 5.80
 821  1797 293.1 336  7.4  0.00 61 3.87
 774  2296 289.8 337  8.1  0.00 67 3.87
2005082800014009 1006.0 0.00 0     0.0     0.0   302.2   19.11    70.8     3.3   302.2
1003    30 302.2  65  2.9  0.00 7419.11
 994   104 301.8  61  3.2  0.00 7217.20
 983   204 301.3  57  3.7  0.00 6815.29
 969   332 301.0  49  4.1  0.00 6213.38
 952   493 301.0  33  4.4  0.00 5211.47
 930   697 300.5  17  4.7  0.00 48 9.56
 904   948 298.8   2  5.4  0.00 50 7.65
 867  1317 296.3 347  6.3  0.00 54 5.73
 821  1795 293.2 336  7.2  0.00 58 3.82
 774  2294 289.9 335  7.8  0.00 64 3.82
2005082800001010  848.0 0.00 0     0.0     0.0   296.4   14.46    57.3     3.9   296.4
 845  1532 298.1  65  4.8  0.00 6314.46
 839  1603 297.4  65  4.6  0.00 6413.01
 829  1701 296.4  63  4.2  0.00 6611.57
 818  1825 295.6  63  5.1  0.00 6610.12
 803  1981 294.7  62  5.6  0.00 67 8.67
 785  2179 293.1  62  6.9  0.00 69 7.23
 763  2421 291.0  57  7.1  0.00 72 5.78
 732  2777 288.0  45  6.6  0.00 77 4.34
 693  3236 284.8  22  6.4  0.00 76 2.89
 655  3715 281.9   9  6.8  0.00 64 2.89
2005082800002010  873.9 0.00 0     0.0     0.0   297.6   14.98    57.7     3.9   297.6
 871  1271 299.2  63  4.6  0.00 6414.98
 864  1343 298.6  65  4.5  0.00 6513.49
 855  1442 297.8  63  3.9  0.00 6511.99
 843  1567 296.9  63  4.9  0.00 6610.49
 828  1724 295.8  62  5.3  0.00 67 8.99
 809  1923 294.5  61  6.4  0.00 68 7.49
 786  2167 292.6  56  6.5  0.00 71 5.99
 754  2526 289.6  45  6.6  0.00 75 4.50
 714  2989 286.2  24  6.6  0.00 75 3.00
 674  3471 283.2  10  7.0  0.00 66 3.00
2005082800003010  884.2 0.00 0     0.0     0.0   298.9   15.80    58.2     3.5   298.9
 881  1170 299.7  61  3.5  0.00 6415.80
 874  1243 298.9  63  3.5  0.00 6514.22
 864  1341 298.4  61  4.0  0.00 6312.64
 852  1466 297.8  63  5.0  0.00 6011.06
 837  1624 296.7  62  5.7  0.00 61 9.48
 818  1824 295.0  59  5.8  0.00 64 7.90
 795  2068 292.8  51  5.6  0.00 70 6.32
 763  2428 289.9  39  6.1  0.00 74 4.74
 722  2891 286.6  21  6.8  0.00 73 3.16
 682  3375 283.6  10  7.2  0.00 63 3.16
2005082800004010  894.2 0.00 0     0.0     0.0   300.3   16.63    59.2     3.1   300.3
 891  1073 300.0  68  3.4  0.00 6416.63
 884  1145 299.5  64  3.3  0.00 6314.97
 874  1244 298.9  61  3.8  0.00 6213.30
 862  1370 298.1  61  4.5  0.00 6011.64
 846  1527 297.0  61  5.4  0.00 59 9.98
 827  1727 295.3  57  5.1  0.00 63 8.31
 804  1972 293.1  48  5.0  0.00 69 6.65
 771  2332 290.1  33  5.6  0.00 74 4.99
 730  2797 286.9  17  6.8  0.00 71 3.33
 689  3281 284.0   8  7.5  0.00 61 3.33
2005082800005010  953.1 0.00 0     0.0     0.0   301.8   17.20    61.8     2.8   301.8
 951   509 304.9  71  4.1  0.00 5417.20
 943   583 304.4  69  3.8  0.00 5415.48
 932   684 303.7  72  3.9  0.00 5413.76
 919   812 301.9  70  3.8  0.00 6212.04
 902   973 301.2  66  4.1  0.00 5910.32
 882  1178 300.0  62  4.4  0.00 55 8.60
 857  1427 297.7  56  4.2  0.00 57 6.88
 822  1795 294.3  40  4.3  0.00 66 5.16
 778  2268 290.4  19  5.5  0.00 74 3.44
 734  2762 287.0   8  7.3  0.00 72 3.44
2005082800006010  995.1 0.00 0     0.0     0.0   303.5   17.60    68.0     2.7   303.5
 993   127 307.5  77  4.2  0.00 5217.60
 985   202 307.0  78  4.5  0.00 5215.84
 974   304 306.3  78  4.6  0.00 5114.08
 960   434 305.4  76  3.4  0.00 5112.32
 942   597 303.6  72  3.0  0.00 5910.56
 921   804 302.7  74  4.1  0.00 53 8.80
 895  1057 300.6  66  3.7  0.00 57 7.04
 858  1430 297.4  45  3.2  0.00 61 5.28
 812  1910 293.1  17  4.4  0.00 70 3.52
 766  2410 289.3   7  6.8  0.00 74 3.52
2005082800007010  994.1 0.00 0     0.0     0.0   305.0   17.86    75.4     2.7   305.0
 991   132 307.2  80  4.0  0.00 4917.86
 983   207 306.8  80  4.0  0.00 4916.07
 972   308 306.0  81  4.1  0.00 5114.29
 958   438 304.8  83  4.2  0.00 5412.50
 941   601 303.9  83  4.5  0.00 4910.71
 920   807 302.3  80  4.3  0.00 53 8.93
 894  1060 300.2  68  3.2  0.00 57 7.14
 857  1432 296.9  34  2.5  0.00 63 5.36
 811  1911 292.8   3  4.5  0.00 71 3.57
 765  2411 289.1   1  7.3  0.00 74 3.57
2005082800008010  993.3 0.00 0     0.0     0.0   305.9   18.06    81.2     2.8   305.9
 990   137 306.3  83  3.4  0.00 5418.06
 982   211 305.9  84  3.9  0.00 5316.25
 971   313 305.6  84  4.8  0.00 4814.45
 957   442 304.6  85  5.6  0.00 4812.64
 940   604 303.4  85  5.7  0.00 4910.84
 919   810 301.9  80  4.2  0.00 52 9.03
 893  1062 299.9  63  2.8  0.00 57 7.22
 856  1434 296.6  11  2.3  0.00 65 5.42
 810  1912 292.6 351  4.9  0.00 72 3.61
 764  2411 289.0 356  7.8  0.00 73 3.61
2005082800009010  995.0 0.00 0     0.0     0.0   305.7   18.63    84.6     3.1   305.7
 992   121 305.7  85  3.6  0.00 5818.63
 984   195 305.4  85  4.6  0.00 5416.77
 973   297 304.9  85  6.3  0.00 4914.91
 959   426 304.1  84  6.2  0.00 4913.04
 942   587 303.0  81  5.5  0.00 4911.18
 920   793 301.7  72  4.1  0.00 51 9.32
 894  1045 299.7  47  2.8  0.00 56 7.45
 858  1416 296.5 356  3.0  0.00 64 5.59
 812  1895 292.6 345  5.6  0.00 70 3.73
 766  2394 289.1 352  8.1  0.00 72 3.73
2005082800010010 1002.7 0.00 0     0.0     0.0   304.7   19.15    86.7     3.6   304.7
1000    63 305.1  87  4.0  0.00 6419.15
 991   138 304.5  86  4.5  0.00 6217.24
 980   239 304.0  85  5.8  0.00 5715.32
 966   368 303.4  81  5.9  0.00 5213.41
 949   529 302.8  74  5.3  0.00 4911.49
 927   735 301.6  60  4.1  0.00 50 9.58
 901   987 299.9  31  3.4  0.00 53 7.66
 864  1358 296.9 352  4.1  0.00 60 5.75
 818  1837 293.1 342  6.3  0.00 67 3.83
 772  2337 289.5 347  8.2  0.00 70 3.83
2005082800011010 1006.1 0.00 0     0.0     0.0   303.4   19.41    86.9     4.2   303.4
1004    30 303.9  87  4.3  0.00 7019.41
 995   105 303.3  86  4.6  0.00 6817.46
 983   206 302.8  83  5.3  0.00 6315.52
 969   334 302.4  78  5.6  0.00 5713.58
 952   495 302.1  66  5.0  0.00 5111.64
 930   701 301.3  45  4.3  0.00 49 9.70
 904   952 299.7  18  4.2  0.00 52 7.76
 867  1323 296.9 350  5.3  0.00 57 5.82
 821  1802 293.3 342  7.1  0.00 64 3.88
 774  2302 289.8 344  8.3  0.00 68 3.88
2005082800012010 1006.0 0.00 0     0.0     0.0   302.6   19.48    84.8     4.4   302.6
1003    30 302.8  84  4.2  0.00 7419.48
 994   104 302.4  82  4.5  0.00 7117.53
 983   205 301.9  78  4.9  0.00 6615.59
 969   333 301.5  70  5.1  0.00 6013.64
 952   494 301.6  54  4.7  0.00 5211.69
 930   699 300.9  32  4.5  0.00 49 9.74
 904   950 299.4   9  5.0  0.00 51 7.79
 867  1320 296.7 349  6.2  0.00 56 5.84
 821  1799 293.3 341  7.7  0.00 61 3.90
 774  2299 289.8 342  8.4  0.00 67 3.90
2005082800013010 1005.9 0.00 0     0.0     0.0   302.4   19.43    78.9     4.1   302.4
1003    30 302.4  76  3.7  0.00 7519.43
 994   104 302.0  72  3.9  0.00 7217.49
 983   205 301.5  67  4.3  0.00 6815.54
 969   332 301.1  59  4.5  0.00 6113.60
 952   493 301.2  41  4.5  0.00 5211.66
 930   698 300.6  22  4.8  0.00 49 9.71
 904   948 299.1   5  5.4  0.00 51 7.77
 867  1318 296.5 348  6.5  0.00 55 5.83
 821  1796 293.3 340  7.6  0.00 59 3.89
 774  2296 289.9 339  8.2  0.00 65 3.89
2005082800014010 1005.8 0.00 0     0.0     0.0   302.3   19.29    66.9     3.4   302.3
1002    30 302.3  59  3.0  0.00 7419.29
 994   104 301.9  55  3.3  0.00 7117.36
 983   204 301.3  50  3.7  0.00 6815.43
 969   332 300.9  41  4.1  0.00 6213.50
 952   493 300.9  28  4.6  0.00 5311.58
 930   697 300.4  14  5.1  0.00 49 9.65
 904   948 298.8   2  5.7  0.00 50 7.72
 867  1317 296.3 349  6.5  0.00 54 5.79
 820  1795 293.3 339  7.2  0.00 57 3.86
 774  2294 290.1 337  7.8  0.00 63 3.86
2005082800001011  872.4 0.00 0     0.0     0.0   298.0   14.88    67.3     3.5   298.0
 870  1284 299.7  74  4.7  0.00 6214.88
 863  1356 299.1  73  4.4  0.00 6213.39
 853  1455 298.4  73  3.5  0.00 6311.91
 841  1580 297.5  74  4.9  0.00 6410.42
 826  1737 296.3  74  5.8  0.00 65 8.93
 808  1937 294.8  72  7.1  0.00 67 7.44
 785  2181 292.6  67  6.7  0.00 71 5.95
 753  2540 289.5  55  6.3  0.00 77 4.46
 713  3003 286.1  28  6.3  0.00 78 2.98
 673  3485 283.1  10  7.4  0.00 69 2.98
2005082800002011  894.5 0.00 0     0.0     0.0   299.5   15.52    68.0     3.4   299.5
 892  1066 301.2  75  4.0  0.00 5915.52
 885  1138 300.6  75  3.7  0.00 6013.96
 875  1237 299.8  72  3.2  0.00 6112.41
 862  1364 298.9  72  4.5  0.00 6110.86
 847  1522 298.0  72  5.8  0.00 60 9.31
 828  1723 296.3  70  6.5  0.00 63 7.76
 805  1969 294.0  65  6.1  0.00 69 6.21
 772  2330 290.8  52  6.2  0.00 76 4.65
 731  2796 287.2  29  6.6  0.00 78 3.10
 690  3281 284.2  12  7.5  0.00 70 3.10
2005082800003011  914.1 0.00 0     0.0     0.0   301.2   16.26    69.9     3.1   301.2
 911   876 302.6  77  4.3  0.00 5716.26
 904   950 301.9  78  3.7  0.00 5814.64
 894  1049 301.0  71  3.1  0.00 6013.01
 881  1176 300.1  72  4.1  0.00 6011.38
 865  1335 298.9  71  5.3  0.00 60 9.76
 846  1538 297.4  69  5.5  0.00 60 8.13
 822  1784 295.2  62  5.3  0.00 65 6.51
 789  2148 291.9  46  5.5  0.00 74 4.88
 747  2616 288.2  26  6.6  0.00 79 3.25
 705  3104 285.1  12  7.7  0.00 71 3.25
2005082800004011  938.8 0.00 0     0.0     0.0   302.7   16.93    72.5     2.8   302.7
 936   640 304.7  81  4.2  0.00 5016.93
 928   713 304.1  81  3.8  0.00 5015.24
 918   814 302.6  75  3.2  0.00 5913.55
 905   942 302.1  73  3.7  0.00 5411.85
 889  1102 301.1  72  4.7  0.00 5210.16
 869  1306 299.3  71  4.8  0.00 54 8.47
 844  1555 296.8  62  4.6  0.00 60 6.77
 810  1921 293.5  45  4.7  0.00 70 5.08
 767  2392 289.6  22  6.1  0.00 78 3.39
 723  2884 286.3  10  7.8  0.00 73 3.39
2005082800005011  980.5 0.00 0     0.0     0.0   303.8   17.42    75.2     2.7   303.8
 978   253 307.3  83  4.3  0.00 5017.42
 970   328 306.8  83  4.4  0.00 5015.68
 959   430 306.1  82  3.9  0.00 4913.93
 945   559 304.8  82  3.1  0.00 5212.19
 928   722 303.7  80  3.4  0.00 5210.45
 907   928 302.4  77  4.4  0.00 50 8.71
 882  1181 300.1  69  4.0  0.00 54 6.97
 846  1552 296.6  51  3.7  0.00 61 5.23
 800  2030 292.2  22  4.7  0.00 73 3.48
 755  2528 288.4   8  7.2  0.00 79 3.48
2005082800006011 1003.8 0.00 0     0.0     0.0   304.8   17.76    78.8     2.8   304.8
1001    59 308.4  85  4.5  0.00 5017.76
 993   134 307.9  85  4.9  0.00 5015.99
 982   236 307.2  85  5.1  0.00 5014.21
 968   367 306.0  83  3.4  0.00 5212.43
 950   530 305.0  86  4.6  0.00 4910.66
 929   738 303.7  84  4.6  0.00 48 8.88
 903   992 301.5  75  3.4  0.00 53 7.10
 866  1365 298.2  49  2.7  0.00 59 5.33
 819  1847 293.8  13  4.0  0.00 70 3.55
 773  2348 289.7   5  7.0  0.00 78 3.55
2005082800007011  998.9 0.00 0     0.0     0.0   305.5   17.99    82.1     3.1   305.5
 996    85 307.4  85  4.7  0.00 5117.99
 988   160 306.7  85  4.5  0.00 5316.19
 977   262 305.8  87  6.1  0.00 5614.40
 963   392 305.0  87  5.0  0.00 5312.60
 946   555 304.2  87  6.0  0.00 4910.80
 924   761 302.7  84  4.6  0.00 52 9.00
 898  1014 300.7  71  2.9  0.00 55 7.20
 861  1387 297.4  24  2.1  0.00 62 5.40
 815  1867 293.3 356  4.6  0.00 72 3.60
 769  2368 289.4   0  7.8  0.00 78 3.60
2005082800008011  998.5 0.00 0     0.0     0.0   305.8   18.21    84.3     3.5   305.8
 995    88 306.4  86  4.6  0.00 5418.21
 987   162 305.7  85  4.2  0.00 5616.39
 976   264 305.6  87  6.6  0.00 5114.57
 962   393 304.7  87  6.9  0.00 5012.75
 945   556 303.5  86  6.2  0.00 5110.93
 923   762 302.1  81  4.4  0.00 53 9.11
 898  1014 300.2  60  2.6  0.00 56 7.28
 861  1386 297.1 357  2.4  0.00 63 5.46
 814  1866 293.1 346  5.4  0.00 72 3.64
 768  2367 289.3 356  8.4  0.00 77 3.64
2005082800009011 1002.3 0.00 0     0.0     0.0   305.4   18.68    85.9     3.7   305.4
1000    66 305.8  86  4.4  0.00 6018.68
 991   141 305.2  85  4.6  0.00 5816.81
 980   242 304.8  85  6.5  0.00 5414.94
 966   371 304.1  84  6.8  0.00 5113.07
 948   533 303.2  80  6.0  0.00 5011.21
 927   739 301.9  70  4.3  0.00 52 9.34
 901   991 300.1  41  2.8  0.00 55 7.47
 864  1363 297.1 350  3.3  0.00 62 5.60
 818  1843 293.3 343  6.1  0.00 69 3.74
 771  2344 289.6 352  8.6  0.00 75 3.74
2005082800010011 1005.1 0.00 0     0.0     0.0   304.4   19.06    87.4     4.1   304.4
1003    38 304.8  87  4.3  0.00 6519.06
 994   112 304.2  85  4.7  0.00 6317.15
 982   213 303.7  83  5.9  0.00 5815.25
 968   342 303.2  79  6.2  0.00 5313.34
 951   504 302.7  70  5.5  0.00 5011.43
 929   709 301.6  53  4.3  0.00 51 9.53
 903   961 300.0  24  3.8  0.00 53 7.62
 866  1333 297.2 351  4.7  0.00 59 5.72
 820  1813 293.4 344  6.9  0.00 65 3.81
 773  2313 289.8 349  8.6  0.00 70 3.81
2005082800011011 1005.8 0.00 0     0.0     0.0   303.3   19.24    87.4     4.4   303.3
1003    30 303.5  87  4.4  0.00 7019.24
 994   104 303.0  83  4.7  0.00 6717.32
 983   205 302.6  79  5.3  0.00 6115.39
 969   333 302.2  71  5.5  0.00 5513.47
 952   495 302.1  55  5.0  0.00 5011.54
 930   700 301.2  35  4.7  0.00 49 9.62
 904   951 299.7  13  4.9  0.00 52 7.70
 867  1322 297.0 353  6.1  0.00 56 5.77
 820  1801 293.5 345  7.7  0.00 61 3.85
 774  2302 290.0 346  8.6  0.00 66 3.85
2005082800012011 1005.7 0.00 0     0.0     0.0   302.6   19.33    84.6     4.5   302.6
1002    30 302.6  83  4.2  0.00 7319.33
 994   104 302.2  78  4.4  0.00 6917.40
 983   205 301.8  71  4.7  0.00 6415.47
 969   332 301.5  61  4.8  0.00 5713.53
 952   493 301.6  41  4.8  0.00 5011.60
 930   698 300.9  23  5.1  0.00 49 9.67
 904   949 299.4   7  5.8  0.00 51 7.73
 867  1320 296.8 353  6.9  0.00 55 5.80
 820  1798 293.4 346  8.1  0.00 59 3.87
 774  2298 290.0 344  8.5  0.00 63 3.87
2005082800013011 1005.6 0.00 0     0.0     0.0   302.4   19.39    77.1     4.1   302.4
1002    30 302.3  73  3.6  0.00 7419.39
 994   104 302.0  67  3.8  0.00 7017.45
 983   204 301.4  59  4.1  0.00 6615.52
 969   332 301.1  48  4.4  0.00 5913.58
 951   493 301.2  31  4.7  0.00 5211.64
 930   697 300.5  16  5.3  0.00 49 9.70
 904   948 299.1   5  6.0  0.00 51 7.76
 867  1318 296.6 352  7.0  0.00 54 5.82
 820  1796 293.4 344  7.9  0.00 57 3.88
 774  2296 290.1 342  8.3  0.00 62 3.88
2005082800014011 1005.6 0.00 0     0.0     0.0   302.5   19.42    62.1     3.4   302.5
1002    30 302.3  53  3.0  0.00 7419.42
 994   104 301.9  48  3.3  0.00 7117.48
 983   204 301.3  42  3.7  0.00 6715.54
 969   332 300.9  33  4.2  0.00 6213.60
 951   493 300.8  22  4.8  0.00 5411.65
 930   697 300.2  12  5.3  0.00 49 9.71
 904   947 298.7   3  6.0  0.00 50 7.77
 867  1317 296.3 351  6.6  0.00 53 5.83
 820  1795 293.4 342  7.3  0.00 57 3.88
 774  2295 290.2 339  7.9  0.00 61 3.88
2005082800001012  883.2 0.00 0     0.0     0.0   299.4   15.05    79.5     3.3   299.4
 881  1175 300.5  83  3.4  0.00 5915.05
 873  1248 299.9  83  3.3  0.00 6013.54
 864  1346 299.3  86  5.1  0.00 6012.04
 851  1472 298.7  83  5.8  0.00 5810.53
 836  1630 297.5  82  7.8  0.00 59 9.03
 817  1830 295.8  79  7.2  0.00 63 7.52
 795  2075 293.3  75  6.6  0.00 70 6.02
 762  2435 290.0  63  5.9  0.00 78 4.51
 722  2899 286.5  31  5.9  0.00 79 3.01
 681  3383 283.6  10  7.6  0.00 71 3.01
2005082800002012  891.1 0.00 0     0.0     0.0   301.2   15.71    81.1     3.1   301.2
 888  1098 300.9  83  3.1  0.00 5815.71
 881  1171 300.4  83  3.2  0.00 5814.14
 871  1270 299.7  82  3.9  0.00 5812.57
 859  1396 298.9  81  4.8  0.00 5811.00
 844  1554 297.7  79  5.5  0.00 59 9.43
 824  1754 295.8  76  6.1  0.00 64 7.86
 801  2000 293.5  69  6.1  0.00 71 6.29
 769  2360 290.2  54  5.9  0.00 79 4.71
 728  2825 286.7  27  6.6  0.00 80 3.14
 687  3309 283.9  11  7.9  0.00 70 3.14
2005082800003012  922.6 0.00 0     0.0     0.0   303.1   16.32    83.9     2.8   303.1
 920   792 303.4  86  3.4  0.00 5316.32
 912   866 302.8  86  3.2  0.00 5414.68
 902   966 302.3  80  3.3  0.00 5213.05
 889  1093 301.3  79  4.0  0.00 5311.42
 873  1253 300.1  76  4.7  0.00 53 9.79
 853  1455 298.2  76  5.2  0.00 57 8.16
 830  1703 295.8  69  5.2  0.00 64 6.53
 796  2067 292.4  51  5.3  0.00 74 4.89
 753  2537 288.5  26  6.4  0.00 82 3.26
 711  3026 285.4  11  8.0  0.00 74 3.26
2005082800004012  971.9 0.00 0     0.0     0.0   304.7   16.78    86.4     2.7   304.7
 969   328 307.5  89  4.1  0.00 4616.78
 961   402 307.0  89  3.7  0.00 4515.10
 950   504 306.3  90  3.2  0.00 4413.42
 937   633 304.6  86  3.3  0.00 5111.74
 920   795 304.1  84  4.3  0.00 4510.07
 899  1001 302.2  81  4.7  0.00 49 8.39
 874  1253 299.9  74  4.5  0.00 53 6.71
 838  1624 296.3  59  4.3  0.00 62 5.03
 793  2101 291.8  27  5.1  0.00 76 3.36
 748  2598 288.0  11  7.6  0.00 82 3.36
2005082800005012  996.3 0.00 0     0.0     0.0   305.5   17.22    87.3     2.7   305.5
 994   107 308.9  90  4.4  0.00 4617.22
 985   182 308.4  89  4.5  0.00 4615.50
 974   284 307.6  90  4.3  0.00 4613.78
 960   415 305.6  90  3.2  0.00 5312.06
 943   578 305.8  89  4.9  0.00 4210.33
 922   785 303.9  85  4.7  0.00 45 8.61
 896  1039 301.6  78  3.9  0.00 49 6.89
 859  1412 298.1  60  3.5  0.00 58 5.17
 813  1893 293.4  23  4.2  0.00 71 3.44
 767  2394 289.3   7  7.1  0.00 82 3.44
2005082800006012 1002.7 0.00 0     0.0     0.0   305.8   17.62    86.8     3.1   305.8
1000    66 308.6  90  4.9  0.00 4817.62
 992   141 307.8  89  4.7  0.00 5015.85
 981   243 306.7  89  4.5  0.00 5214.09
 967   373 305.7  89  4.0  0.00 5212.33
 949   537 305.3  90  5.9  0.00 4610.57
 928   744 303.7  87  4.9  0.00 47 8.81
 902   998 301.6  78  3.4  0.00 51 7.05
 864  1371 298.2  47  2.5  0.00 59 5.28
 818  1853 293.8   7  4.1  0.00 71 3.52
 772  2355 289.6   2  7.5  0.00 82 3.52
2005082800007012 1002.9 0.00 0     0.0     0.0   305.7   17.91    86.1     3.5   305.7
1000    62 307.7  88  5.4  0.00 5117.91
 992   137 306.7  88  4.5  0.00 5316.12
 981   239 305.9  88  5.1  0.00 5414.33
 967   368 305.5  89  6.1  0.00 5012.54
 949   531 304.3  89  6.5  0.00 5010.75
 928   738 302.9  86  4.9  0.00 51 8.95
 902   992 300.9  72  2.8  0.00 54 7.16
 864  1365 297.8  14  2.1  0.00 61 5.37
 818  1846 293.7 351  4.9  0.00 72 3.58
 772  2347 289.6 357  8.3  0.00 82 3.58
2005082800008012 1002.9 0.00 0     0.0     0.0   305.5   18.17    85.6     4.0   305.5
1000    59 306.6  87  5.0  0.00 5418.17
 991   134 305.4  86  4.7  0.00 5716.35
 980   235 305.2  87  6.7  0.00 5414.53
 966   365 304.6  87  7.6  0.00 5312.72
 949   527 303.5  86  6.7  0.00 5310.90
 927   734 302.1  80  4.7  0.00 54 9.08
 901   986 300.3  57  2.5  0.00 56 7.27
 864  1359 297.5 349  2.7  0.00 62 5.45
 818  1840 293.6 343  5.8  0.00 71 3.63
 772  2341 289.6 354  8.9  0.00 80 3.63
2005082800009012 1004.2 0.00 0     0.0     0.0   304.9   18.56    86.0     4.3   304.9
1001    45 305.1  86  4.4  0.00 6218.56
 993   119 304.7  85  5.1  0.00 6016.71
 982   221 304.4  85  6.8  0.00 5614.85
 968   350 303.8  83  7.3  0.00 5412.99
 950   512 303.0  79  6.3  0.00 5311.14
 929   718 301.7  67  4.4  0.00 54 9.28
 903   970 300.1  35  2.9  0.00 56 7.43
 865  1342 297.3 346  3.8  0.00 61 5.57
 819  1823 293.6 342  6.7  0.00 69 3.71
 773  2324 289.8 351  9.1  0.00 76 3.71
2005082800010012 1005.4 0.00 0     0.0     0.0   304.0   18.87    87.0     4.5   304.0
1002    32 304.1  87  4.5  0.00 6618.87
 994   106 303.8  84  5.1  0.00 6316.98
 983   207 303.4  81  6.1  0.00 5815.09
 969   336 302.9  76  6.4  0.00 5413.21
 951   497 302.5  65  5.6  0.00 5111.32
 930   703 301.5  47  4.6  0.00 52 9.43
 904   955 299.9  19  4.2  0.00 54 7.55
 867  1326 297.2 351  5.3  0.00 58 5.66
 820  1806 293.6 345  7.5  0.00 64 3.77
 774  2307 290.0 350  9.1  0.00 70 3.77
2005082800011012 1005.5 0.00 0     0.0     0.0   303.1   19.04    86.9     4.6   303.1
1002    30 303.1  86  4.5  0.00 7019.04
 994   104 302.8  80  4.8  0.00 6617.14
 983   205 302.3  74  5.3  0.00 6015.23
 969   333 302.0  65  5.4  0.00 5413.33
 951   494 302.0  47  5.1  0.00 4911.42
 930   699 301.2  28  5.1  0.00 50 9.52
 904   950 299.7  11  5.6  0.00 52 7.62
 867  1321 297.1 355  6.7  0.00 55 5.71
 820  1801 293.6 348  8.2  0.00 60 3.81
 774  2301 290.1 348  8.9  0.00 65 3.81
2005082800012012 1005.4 0.00 0     0.0     0.0   302.6   19.18    83.5     4.5   302.6
1002    30 302.4  79  4.2  0.00 7219.18
 994   104 302.1  73  4.4  0.00 6717.26
 983   204 301.6  64  4.6  0.00 6215.35
 969   332 301.4  52  4.8  0.00 5513.43
 951   493 301.6  32  5.1  0.00 5011.51
 930   698 300.8  18  5.7  0.00 49 9.59
 904   949 299.4   7  6.4  0.00 51 7.67
 867  1319 296.9 355  7.5  0.00 54 5.75
 820  1798 293.6 349  8.5  0.00 57 3.84
 774  2298 290.2 346  8.7  0.00 61 3.84
2005082800013012 1005.4 0.00 0     0.0     0.0   302.5   19.36    74.5     4.0   302.5
1002    30 302.1  68  3.7  0.00 7219.36
 994   104 301.6  61  3.8  0.00 6817.43
 983   204 301.2  52  4.1  0.00 6415.49
 969   332 301.0  40  4.5  0.00 5813.55
 951   492 301.1  24  5.1  0.00 5211.62
 930   697 300.5  13  5.8  0.00 49 9.68
 904   947 299.0   5  6.5  0.00 50 7.74
 866  1317 296.6 355  7.4  0.00 53 5.81
 820  1795 293.5 347  8.1  0.00 56 3.87
 774  2295 290.3 344  8.4  0.00 60 3.87
2005082800014012 1005.4 0.00 0     0.0     0.0   302.6   19.55    57.3     3.4   302.6
1002    30 302.2  47  3.2  0.00 7219.55
 994   104 301.7  42  3.5  0.00 6917.60
 983   204 301.2  35  3.9  0.00 6615.64
 969   332 300.8  28  4.4  0.00 6213.69
 951   492 300.7  18  5.0  0.00 5511.73
 930   697 300.1  11  5.6  0.00 50 9.78
 904   947 298.7   3  6.2  0.00 51 7.82
 866  1316 296.3 353  6.7  0.00 53 5.87
 820  1794 293.4 344  7.4  0.00 56 3.91
 774  2294 290.4 341  7.9  0.00 60 3.91
2005082800001013  885.0 0.00 0     0.0     0.0   300.2   14.86    89.1     3.4   300.2
 882  1157 300.9  91  3.7  0.00 5614.86
 875  1230 300.4  91  3.9  0.00 5713.37
 865  1329 299.7  90  4.5  0.00 5611.89
 853  1454 299.0  88  6.1  0.00 5510.40
 838  1612 297.7  87  7.1  0.00 57 8.92
 819  1813 295.9  84  7.3  0.00 62 7.43
 796  2058 293.5  79  6.7  0.00 69 5.94
 764  2418 290.1  68  5.8  0.00 77 4.46
 723  2882 286.5  35  5.7  0.00 80 2.97
 683  3366 283.5  10  7.5  0.00 73 2.97
2005082800002013  878.6 0.00 0     0.0     0.0   302.2   15.49    91.1     3.1   302.2
 875  1222 300.4  88  3.7  0.00 5515.49
 868  1295 299.8  87  4.2  0.00 5513.94
 859  1393 299.1  85  4.7  0.00 5612.39
 847  1518 298.1  84  5.5  0.00 5710.84
 831  1676 296.6  82  6.0  0.00 61 9.29
 813  1875 294.7  77  6.2  0.00 66 7.74
 790  2119 292.3  70  6.0  0.00 74 6.20
 758  2478 289.1  52  5.6  0.00 81 4.65
 718  2940 285.8  23  6.6  0.00 79 3.10
 677  3423 283.1   9  8.0  0.00 67 3.10
2005082800003013  911.1 0.00 0     0.0     0.0   304.3   15.97    93.1     2.9   304.3
 908   902 303.0  89  3.5  0.00 4915.97
 900   975 302.4  87  4.2  0.00 4914.37
 890  1075 301.6  85  4.7  0.00 5012.77
 878  1201 300.5  83  4.8  0.00 5211.18
 862  1361 299.2  81  5.1  0.00 54 9.58
 843  1562 297.3  77  5.2  0.00 59 7.98
 819  1809 294.8  69  5.2  0.00 67 6.39
 786  2172 291.4  49  5.1  0.00 77 4.79
 744  2639 287.6  23  6.3  0.00 83 3.19
 702  3127 284.7   9  8.1  0.00 73 3.19
2005082800004013  968.3 0.00 0     0.0     0.0   306.0   16.30    94.2     2.9   306.0
 965   359 307.3  92  3.8  0.00 4516.30
 957   433 306.5  92  4.1  0.00 4814.67
 947   535 305.7  92  4.1  0.00 4713.04
 933   664 305.1  89  4.9  0.00 4411.41
 917   826 304.0  87  5.0  0.00 43 9.78
 896  1031 302.1  83  4.7  0.00 47 8.15
 871  1283 299.7  76  4.5  0.00 53 6.52
 835  1653 296.0  60  4.2  0.00 63 4.89
 790  2130 291.5  27  4.8  0.00 77 3.26
 746  2626 287.7   9  7.4  0.00 83 3.26
2005082800005013  992.5 0.00 0     0.0     0.0   306.7   16.78    93.4     2.9   306.7
 990   138 309.0  91  4.3  0.00 4316.78
 981   213 308.5  91  3.8  0.00 4315.10
 970   315 307.0  92  3.3  0.00 4813.42
 957   445 306.5  90  4.9  0.00 4311.74
 940   608 305.7  89  5.6  0.00 4010.07
 918   815 303.8  85  4.8  0.00 43 8.39
 892  1068 301.4  77  4.1  0.00 48 6.71
 856  1441 297.8  58  3.6  0.00 58 5.03
 810  1921 293.2  21  4.3  0.00 73 3.36
 764  2422 289.0   6  7.2  0.00 83 3.36
2005082800006013  998.8 0.00 0     0.0     0.0   306.5   17.32    90.7     3.2   306.5
 996    82 308.4  90  4.8  0.00 4717.32
 988   157 307.5  90  4.2  0.00 4915.59
 977   259 306.5  90  4.0  0.00 5113.86
 963   389 305.9  90  5.7  0.00 4812.12
 945   552 305.1  89  6.1  0.00 4510.39
 924   759 303.5  86  5.0  0.00 47 8.66
 898  1012 301.3  75  3.6  0.00 51 6.93
 861  1385 298.0  42  2.8  0.00 59 5.20
 815  1866 293.5   4  4.6  0.00 72 3.46
 769  2368 289.4 359  7.8  0.00 84 3.46
2005082800007013 1004.5 0.00 0     0.0     0.0   305.9   17.74    88.0     3.7   305.9
1002    44 307.8  89  5.6  0.00 5117.74
 993   119 306.8  88  4.6  0.00 5315.97
 982   221 305.9  89  5.5  0.00 5414.19
 968   351 305.5  89  7.2  0.00 5112.42
 951   514 304.3  88  6.7  0.00 5110.65
 929   721 302.8  85  5.1  0.00 52 8.87
 903   974 300.9  70  3.1  0.00 54 7.10
 866  1347 298.0  13  2.4  0.00 61 5.32
 819  1829 293.9 349  5.3  0.00 72 3.55
 773  2331 289.8 354  8.6  0.00 83 3.55
2005082800008013 1004.3 0.00 0     0.0     0.0   305.2   18.09    86.1     4.2   305.2
1001    44 306.5  87  5.2  0.00 5518.09
 993   119 305.2  87  4.8  0.00 5816.28
 982   220 305.0  87  6.6  0.00 5614.47
 968   349 304.4  87  7.7  0.00 5512.66
 950   512 303.3  85  7.0  0.00 5510.85
 929   718 301.9  79  5.0  0.00 56 9.04
 903   971 300.2  56  2.8  0.00 57 7.23
 866  1343 297.5 351  3.0  0.00 62 5.43
 819  1824 293.8 342  6.3  0.00 71 3.62
 773  2326 289.8 351  9.3  0.00 82 3.62
2005082800009013 1004.8 0.00 0     0.0     0.0   304.6   18.49    85.7     4.4   304.6
1002    37 304.9  85  4.5  0.00 6218.49
 993   112 304.4  85  5.1  0.00 6116.64
 982   213 304.1  84  6.7  0.00 5814.79
 968   342 303.5  82  7.4  0.00 5612.94
 951   504 302.7  77  6.5  0.00 5511.09
 929   710 301.5  65  4.7  0.00 55 9.25
 903   962 299.9  34  3.3  0.00 57 7.40
 866  1334 297.3 348  4.2  0.00 61 5.55
 820  1814 293.7 341  7.2  0.00 69 3.70
 773  2316 289.9 349  9.6  0.00 77 3.70
2005082800010013 1005.3 0.00 0     0.0     0.0   303.8   18.81    86.0     4.6   303.8
1002    31 303.9  85  4.6  0.00 6718.81
 994   106 303.5  83  5.2  0.00 6416.93
 983   206 303.1  79  6.1  0.00 5915.05
 969   335 302.6  74  6.5  0.00 5513.17
 951   496 302.2  62  5.8  0.00 5211.29
 930   702 301.2  45  4.9  0.00 53 9.41
 904   953 299.7  19  4.6  0.00 55 7.52
 866  1325 297.2 352  5.8  0.00 58 5.64
 820  1805 293.7 345  8.1  0.00 64 3.76
 774  2306 290.1 348  9.6  0.00 71 3.76
2005082800011013 1005.3 0.00 0     0.0     0.0   303.0   19.03    85.3     4.6   303.0
1002    30 303.0  83  4.6  0.00 7019.03
 994   104 302.6  77  4.9  0.00 6617.13
 983   205 302.1  71  5.3  0.00 6015.22
 969   333 301.8  61  5.5  0.00 5513.32
 951   494 301.8  44  5.4  0.00 5011.42
 930   699 301.0  27  5.6  0.00 50 9.51
 904   950 299.6  11  6.0  0.00 52 7.61
 866  1321 297.0 355  7.2  0.00 55 5.71
 820  1800 293.7 348  8.7  0.00 59 3.81
 774  2300 290.2 347  9.4  0.00 65 3.81
2005082800012013 1005.2 0.00 0     0.0     0.0   302.6   19.22    81.3     4.5   302.6
1002    30 302.1  76  4.4  0.00 7119.22
 994   104 301.7  69  4.5  0.00 6717.30
 982   204 301.3  60  4.7  0.00 6215.37
 968   331 301.2  48  5.0  0.00 5613.45
 951   492 301.4  30  5.5  0.00 5011.53
 929   697 300.7  17  6.1  0.00 49 9.61
 904   948 299.3   7  6.9  0.00 51 7.69
 866  1318 296.8 356  8.0  0.00 54 5.77
 820  1797 293.6 349  8.9  0.00 57 3.84
 774  2297 290.3 346  9.1  0.00 61 3.84
2005082800013013 1005.2 0.00 0     0.0     0.0   302.5   19.46    71.3     4.1   302.5
1002    30 302.0  64  3.9  0.00 7219.46
 994   104 301.5  57  4.1  0.00 6817.51
 982   204 301.1  48  4.3  0.00 6415.57
 968   331 300.8  37  4.7  0.00 5913.62
 951   492 301.0  23  5.4  0.00 5211.68
 929   696 300.4  13  6.1  0.00 49 9.73
 903   947 299.0   5  6.8  0.00 50 7.78
 866  1317 296.6 355  7.7  0.00 53 5.84
 820  1795 293.5 348  8.4  0.00 56 3.89
 774  2295 290.4 344  8.7  0.00 60 3.89
2005082800014013 1005.3 0.00 0     0.0     0.0   302.7   19.72    53.5     3.6   302.7
1002    30 302.3  43  3.4  0.00 7219.72
 994   104 301.7  38  3.7  0.00 6917.74
 982   204 301.2  33  4.1  0.00 6715.77
 968   332 300.7  27  4.7  0.00 6313.80
 951   492 300.5  19  5.3  0.00 5611.83
 929   697 300.0  12  5.8  0.00 51 9.86
 903   947 298.6   4  6.3  0.00 51 7.89
 866  1316 296.3 353  6.8  0.00 54 5.91
 820  1794 293.5 344  7.5  0.00 56 3.94
 774  2294 290.4 342  8.1  0.00 60 3.94
2005082800001014  882.5 0.00 0     0.0     0.0   300.8   14.28    94.4     3.7   300.8
 880  1182 301.3  95  4.0  0.00 5214.28
 873  1254 300.9  95  4.2  0.00 5312.86
 863  1353 300.2  94  4.5  0.00 5211.43
 851  1479 299.1  91  6.2  0.00 5210.00
 836  1637 297.7  89  7.2  0.00 54 8.57
 817  1837 295.9  87  7.4  0.00 59 7.14
 794  2082 293.5  82  6.7  0.00 67 5.71
 762  2442 290.1  71  5.8  0.00 76 4.29
 721  2906 286.4  39  5.5  0.00 81 2.86
 681  3390 283.3  11  7.3  0.00 77 2.86
2005082800002014  877.1 0.00 0     0.0     0.0   302.9   14.79    95.0     3.4   302.9
 874  1237 300.8  90  4.0  0.00 5114.79
 867  1310 300.2  89  4.4  0.00 5213.31
 857  1408 299.3  87  5.0  0.00 5311.84
 845  1533 298.2  85  5.6  0.00 5510.36
 830  1691 296.7  83  6.1  0.00 58 8.88
 811  1890 294.7  79  6.3  0.00 64 7.40
 789  2134 292.4  72  6.1  0.00 72 5.92
 757  2493 289.1  55  5.6  0.00 80 4.44
 716  2955 285.7  26  6.3  0.00 80 2.96
 676  3437 282.9   9  7.9  0.00 70 2.96
2005082800003014  912.7 0.00 0     0.0     0.0   305.1   15.14    94.8     3.3   305.1
 909   887 303.6  89  3.8  0.00 4615.14
 902   960 302.8  87  4.5  0.00 4613.63
 892  1060 301.9  84  4.9  0.00 4812.11
 879  1187 300.8  82  5.1  0.00 5010.60
 864  1346 299.4  80  5.4  0.00 52 9.09
 844  1548 297.6  77  5.5  0.00 57 7.57
 821  1795 295.2  70  5.5  0.00 64 6.06
 787  2158 291.7  53  5.2  0.00 75 4.54
 745  2626 287.8  26  5.9  0.00 83 3.03
 703  3113 284.7   9  7.8  0.00 74 3.03
2005082800004014  965.8 0.00 0     0.0     0.0   306.8   15.41    93.9     3.1   306.8
 963   382 307.6  89  4.0  0.00 4215.41
 955   456 307.0  90  4.2  0.00 4413.87
 944   558 306.2  90  4.6  0.00 4312.33
 931   687 305.3  87  5.2  0.00 4110.79
 914   849 303.9  83  5.2  0.00 42 9.25
 893  1055 302.0  79  5.1  0.00 46 7.71
 868  1306 299.6  73  5.0  0.00 52 6.16
 833  1676 296.0  59  4.7  0.00 63 4.62
 788  2152 291.4  30  5.0  0.00 77 3.08
 744  2648 287.4  10  7.0  0.00 83 3.08
2005082800005014  989.5 0.00 0     0.0     0.0   307.3   15.99    92.4     3.1   307.3
 987   165 309.0  88  4.4  0.00 4015.99
 978   240 308.5  87  3.8  0.00 4014.39
 968   342 307.3  89  3.8  0.00 4512.79
 954   472 306.7  87  5.2  0.00 4011.19
 937   635 305.5  84  5.8  0.00 39 9.59
 915   842 303.6  80  5.2  0.00 43 7.99
 890  1095 301.3  72  4.6  0.00 48 6.39
 853  1467 297.7  55  4.2  0.00 58 4.80
 808  1947 293.1  23  4.7  0.00 73 3.20
 762  2447 288.8   6  7.1  0.00 84 3.20
2005082800006014  998.9 0.00 0     0.0     0.0   306.7   16.75    90.2     3.4   306.7
 996    82 308.4  88  4.7  0.00 4516.75
 988   157 307.8  88  4.3  0.00 4715.07
 977   259 306.8  88  3.6  0.00 4913.40
 963   389 306.1  87  5.0  0.00 4711.72
 946   552 305.1  86  6.3  0.00 4510.05
 924   759 303.4  82  5.4  0.00 47 8.37
 898  1013 301.2  70  4.2  0.00 51 6.70
 861  1386 298.0  41  3.5  0.00 59 5.02
 815  1867 293.7   6  5.0  0.00 72 3.35
 769  2368 289.4 358  7.9  0.00 84 3.35
2005082800007014 1004.7 0.00 0     0.0     0.0   305.7   17.36    88.1     3.8   305.7
1002    42 307.6  87  5.5  0.00 5117.36
 993   116 306.8  87  4.8  0.00 5215.62
 982   218 305.7  88  4.5  0.00 5413.89
 968   348 305.4  87  6.1  0.00 5112.15
 951   511 304.1  86  6.8  0.00 5210.42
 929   718 302.6  81  5.5  0.00 54 8.68
 903   971 300.7  67  3.8  0.00 56 6.94
 866  1344 297.9  20  3.1  0.00 61 5.21
 820  1826 294.0 351  5.7  0.00 72 3.47
 773  2328 289.9 351  8.8  0.00 83 3.47
2005082800008014 1004.5 0.00 0     0.0     0.0   304.7   17.82    86.2     4.1   304.7
1002    41 306.2  86  5.8  0.00 5617.82
 993   115 305.2  86  4.8  0.00 5816.04
 982   217 304.6  86  5.7  0.00 5714.25
 968   346 304.1  86  7.3  0.00 5612.47
 951   508 302.9  83  7.0  0.00 5710.69
 929   715 301.6  77  5.4  0.00 58 8.91
 903   967 299.9  56  3.6  0.00 59 7.13
 866  1339 297.4   2  3.6  0.00 63 5.35
 819  1821 293.9 343  6.8  0.00 72 3.56
 773  2323 289.9 346  9.7  0.00 82 3.56
2005082800009014 1005.2 0.00 0     0.0     0.0   304.1   18.29    84.9     4.3   304.1
1002    33 305.1  84  5.2  0.00 6018.29
 994   107 304.1  84  4.7  0.00 6316.46
 983   208 303.7  83  6.1  0.00 6014.63
 969   337 303.2  81  7.0  0.00 5812.80
 951   499 302.3  76  6.6  0.00 5710.98
 930   705 301.1  65  5.2  0.00 58 9.15
 904   956 299.6  39  3.9  0.00 59 7.32
 866  1328 297.2 355  4.7  0.00 62 5.49
 820  1809 293.8 341  7.8  0.00 69 3.66
 773  2311 290.0 345 10.1  0.00 78 3.66
2005082800010014 1005.3 0.00 0     0.0     0.0   303.4   18.71    84.0     4.5   303.4
1003    30 303.8  83  4.5  0.00 6718.71
 994   104 303.2  81  4.8  0.00 6616.84
 983   205 302.7  77  5.8  0.00 6214.97
 969   334 302.3  72  6.3  0.00 5813.10
 951   495 301.9  61  6.0  0.00 5411.23
 930   700 300.9  46  5.3  0.00 54 9.36
 904   952 299.4  23  5.0  0.00 56 7.49
 866  1323 297.0 355  6.2  0.00 59 5.61
 820  1803 293.7 343  8.6  0.00 65 3.74
 774  2304 290.1 344 10.2  0.00 72 3.74
2005082800011014 1005.2 0.00 0     0.0     0.0   302.9   19.05    82.0     4.6   302.9
1002    30 302.9  79  4.5  0.00 7119.05
 994   104 302.4  74  4.8  0.00 6817.14
 982   205 301.9  69  5.3  0.00 6315.24
 968   333 301.5  60  5.6  0.00 5713.33
 951   493 301.5  44  5.8  0.00 5111.43
 929   698 300.8  29  5.9  0.00 50 9.52
 903   949 299.4  14  6.3  0.00 52 7.62
 866  1320 296.9 356  7.6  0.00 56 5.71
 820  1799 293.7 346  9.3  0.00 60 3.81
 774  2300 290.2 345 10.0  0.00 66 3.81
2005082800012014 1005.1 0.00 0     0.0     0.0   302.5   19.32    77.2     4.5   302.5
1002    30 302.1  71  4.4  0.00 7119.32
 993   104 301.6  66  4.6  0.00 6817.39
 982   204 301.1  58  4.9  0.00 6415.46
 968   331 300.9  48  5.2  0.00 5813.53
 951   492 301.2  32  5.8  0.00 5111.59
 929   697 300.6  20  6.4  0.00 48 9.66
 903   947 299.2   9  7.0  0.00 51 7.73
 866  1318 296.7 356  8.2  0.00 54 5.80
 820  1796 293.6 347  9.4  0.00 58 3.86
 774  2296 290.3 344  9.7  0.00 62 3.86
2005082800013014 1005.1 0.00 0     0.0     0.0   302.5   19.61    67.0     4.1   302.5
1002    30 302.0  59  4.0  0.00 7219.61
 993   104 301.5  54  4.3  0.00 6917.65
 982   204 300.9  47  4.6  0.00 6615.69
 968   331 300.6  38  5.1  0.00 6213.73
 951   492 300.7  26  5.8  0.00 5411.77
 929   696 300.2  17  6.4  0.00 49 9.81
 903   947 298.8   7  6.9  0.00 51 7.85
 866  1316 296.5 354  7.8  0.00 54 5.88
 820  1795 293.5 346  8.7  0.00 57 3.92
 774  2295 290.4 343  9.1  0.00 61 3.92
2005082800014014 1005.2 0.00 0     0.0     0.0   302.7   19.89    50.4     3.8   302.7
1002    30 302.3  41  3.7  0.00 7219.89
 994   104 301.7  37  4.0  0.00 7017.90
 982   204 301.0  34  4.4  0.00 6915.91
 968   332 300.5  29  5.0  0.00 6613.92
 951   492 300.2  22  5.6  0.00 5811.93
 929   697 299.8  15  6.0  0.00 51 9.94
 903   947 298.5   6  6.3  0.00 51 7.96
 866  1316 296.2 352  6.8  0.00 54 5.97
 820  1794 293.4 343  7.6  0.00 57 3.98
 774  2294 290.4 341  8.3  0.00 61 3.98
2005082801001001  749.3 0.00 0     0.0     0.0   288.5   13.75   330.8     1.7   288.5
 747  2594 288.1 352  2.9  0.00 9213.75
 741  2662 287.8 353  3.1  0.00 9212.38
 732  2756 287.4 355  3.4  0.00 9111.00
 722  2875 286.8 358  3.7  0.00 90 9.63
 710  3024 285.6   2  4.0  0.00 92 8.25
 694  3215 285.1   7  4.6  0.00 89 6.88
 675  3447 283.5  14  5.1  0.00 93 5.50
 648  3791 281.1  21  5.6  0.00 99 4.13
 614  4234 278.2  28  5.9  0.00 98 2.75
 580  4696 275.4  34  5.7  0.00 94 2.75
2005082801002001  731.8 0.00 0     0.0     0.0   288.0   13.71   338.5     1.7   288.0
 729  2792 287.2   3  3.5  0.00 9113.71
 723  2860 286.9   5  3.8  0.00 9012.34
 715  2953 286.5   7  4.1  0.00 8910.97
 705  3072 286.0   9  4.5  0.00 87 9.60
 693  3221 285.2  11  4.9  0.00 88 8.23
 677  3410 283.9  14  5.3  0.00 92 6.86
 659  3641 282.2  17  5.8  0.00 97 5.49
 632  3982 279.8  21  6.1  0.00 99 4.11
 599  4422 277.0  26  6.2  0.00 95 2.74
 566  4881 274.3  33  5.9  0.00 91 2.74
2005082801003001  740.2 0.00 0     0.0     0.0   288.6   14.36   345.2     1.3   288.6
 737  2696 288.0   6  3.2  0.00 9114.36
 732  2764 287.7   7  3.4  0.00 9012.93
 724  2857 287.2   9  3.7  0.00 8811.49
 713  2976 286.7  10  4.1  0.00 8610.05
 701  3126 285.9  12  4.6  0.00 84 8.62
 685  3315 284.6  14  5.1  0.00 87 7.18
 667  3548 282.9  15  5.7  0.00 92 5.75
 640  3889 280.4  17  6.2  0.00 96 4.31
 606  4330 277.5  21  6.3  0.00 92 2.87
 573  4791 274.8  29  6.1  0.00 88 2.87
2005082801004001  753.5 0.00 0     0.0     0.0   289.7   14.83   359.6     1.0   289.7
 751  2544 290.7  13  2.3  0.00 7014.83
 745  2613 290.2  13  2.6  0.00 7013.35
 737  2707 289.4  14  2.9  0.00 7211.87
 726  2827 288.5  14  3.4  0.00 7510.38
 714  2977 287.5  15  3.8  0.00 73 8.90
 698  3168 285.7  15  4.6  0.00 82 7.42
 679  3401 283.9  15  5.2  0.00 87 5.93
 651  3745 281.4  15  6.0  0.00 92 4.45
 617  4188 278.4  17  6.4  0.00 88 2.97
 583  4650 275.6  24  6.3  0.00 84 2.97
2005082801005001  741.1 0.00 0     0.0     0.0   289.2   14.68    18.7     1.1   289.2
 738  2685 288.4  17  3.0  0.00 8914.68
 732  2754 288.0  16  3.3  0.00 8713.21
 724  2847 287.5  16  3.6  0.00 8611.74
 714  2966 286.8  16  4.0  0.00 8310.27
 702  3115 285.9  15  4.5  0.00 81 8.81
 686  3305 284.6  14  5.1  0.00 83 7.34
 667  3537 282.9  12  5.7  0.00 86 5.87
 641  3878 280.4  11  6.4  0.00 88 4.40
 607  4319 277.6  14  6.7  0.00 83 2.94
 574  4779 274.9  23  6.5  0.00 80 2.94
2005082801006001  729.8 0.00 0     0.0     0.0   288.6   13.58    31.7     1.5   288.6
 727  2814 287.3  21  3.6  0.00 8513.58
 721  2882 286.9  20  3.8  0.00 8412.22
 713  2975 286.4  19  4.1  0.00 8210.86
 703  3093 285.8  18  4.4  0.00 81 9.51
 691  3242 284.8  17  4.9  0.00 81 8.15
 676  3430 283.5  13  5.5  0.00 83 6.79
 657  3661 281.8  10  6.2  0.00 84 5.43
 631  4001 279.5   8  6.7  0.00 83 4.07
 598  4439 276.9  12  6.9  0.00 78 2.72
 565  4897 274.3  22  6.5  0.00 76 2.72
2005082801007001  758.9 0.00 0     0.0     0.0   289.1   12.82    45.5     1.9   289.1
 756  2483 289.9  38  2.8  0.00 7412.82
 750  2552 289.9  37  3.0  0.00 7011.53
 742  2646 289.1  34  3.2  0.00 7210.25
 732  2766 288.2  31  3.5  0.00 74 8.97
 719  2916 287.3  29  3.7  0.00 74 7.69
 703  3107 285.5  22  4.3  0.00 80 6.41
 683  3340 283.8  13  5.1  0.00 82 5.13
 656  3683 281.5   6  6.1  0.00 82 3.84
 622  4127 278.8   9  6.7  0.00 78 2.56
 587  4590 276.1  18  6.7  0.00 74 2.56
2005082801008001  771.7 0.00 0     0.0     0.0   289.1   12.56    51.2     2.2   289.1
 769  2342 289.7  45  2.9  0.00 8012.56
 763  2411 289.6  45  3.1  0.00 7711.30
 755  2505 289.5  43  3.2  0.00 7410.05
 744  2625 288.9  38  3.4  0.00 73 8.79
 731  2776 287.9  34  3.7  0.00 74 7.53
 715  2967 286.4  27  4.1  0.00 77 6.28
 695  3202 284.5  16  4.7  0.00 81 5.02
 667  3546 282.2   5  5.8  0.00 80 3.77
 632  3991 279.6   5  6.7  0.00 76 2.51
 597  4457 276.9  15  6.7  0.00 72 2.51
2005082801009001  765.0 0.00 0     0.0     0.0   289.0   12.34    51.6     2.4   289.0
 762  2417 289.2  37  3.2  0.00 7812.34
 756  2486 289.0  35  3.3  0.00 7611.11
 748  2580 288.7  33  3.5  0.00 75 9.87
 737  2699 287.8  29  3.8  0.00 76 8.64
 724  2849 286.9  25  4.2  0.00 77 7.40
 708  3040 285.5  19  4.7  0.00 79 6.17
 689  3273 283.8  11  5.3  0.00 80 4.94
 661  3617 281.7   2  6.3  0.00 78 3.70
 626  4061 279.1   5  6.8  0.00 73 2.47
 592  4525 276.5  14  6.7  0.00 69 2.47
2005082801010001  739.3 0.00 0     0.0     0.0   288.5   12.36    46.2     2.5   288.5
 736  2707 286.6  19  4.4  0.00 8212.36
 730  2775 286.3  18  4.6  0.00 8211.13
 722  2868 285.9  16  4.9  0.00 81 9.89
 712  2985 285.3  14  5.2  0.00 80 8.65
 700  3134 284.6  13  5.7  0.00 79 7.42
 684  3322 283.4   9  6.1  0.00 78 6.18
 666  3553 282.0   4  6.6  0.00 77 4.95
 639  3893 279.9   0  7.0  0.00 74 3.71
 605  4332 277.5   6  6.9  0.00 70 2.47
 572  4792 275.0  15  6.6  0.00 65 2.47
2005082801011001  744.4 0.00 0     0.0     0.0   288.9   12.84    45.7     2.3   288.9
 741  2649 286.8  16  4.6  0.00 8212.84
 735  2717 286.5  14  4.9  0.00 8211.56
 727  2810 286.0  13  5.1  0.00 8110.27
 717  2928 285.4  11  5.5  0.00 80 8.99
 705  3077 284.6  10  5.8  0.00 79 7.70
 689  3266 283.6   7  6.4  0.00 78 6.42
 670  3496 282.2   4  6.7  0.00 76 5.14
 643  3837 280.1   2  6.9  0.00 74 3.85
 609  4277 277.8   3  6.7  0.00 70 2.57
 576  4737 275.3  10  6.3  0.00 63 2.57
2005082801012001  851.9 0.00 0     0.0     0.0   292.1   14.72    63.8     1.7   292.1
 849  1504 293.5  50  1.9  0.00 8514.72
 842  1575 292.5  55  1.7  0.00 8913.25
 833  1671 292.0  46  1.9  0.00 8911.78
 821  1793 291.4  36  2.2  0.00 8810.30
 807  1947 290.4  28  2.5  0.00 89 8.83
 788  2143 289.6  22  3.1  0.00 87 7.36
 767  2382 288.4  19  3.6  0.00 86 5.89
 735  2736 286.5  10  4.6  0.00 83 4.42
 696  3193 284.0   1  5.8  0.00 77 2.94
 658  3670 281.2   2  6.0  0.00 74 2.94
2005082801013001  961.8 0.00 0     0.0     0.0   296.1   16.91    84.6     1.4   296.1
 960   459 300.6  81  1.7  0.00 7816.91
 952   532 300.1  82  1.7  0.00 7815.22
 941   632 299.5  81  1.6  0.00 7813.53
 928   759 298.6  82  1.5  0.00 7811.84
 911   918 297.8  86  1.4  0.00 7710.15
 890  1120 295.2  90  1.4  0.00 85 8.46
 865  1367 293.8  54  1.5  0.00 85 6.77
 830  1732 292.4  23  2.4  0.00 80 5.07
 785  2203 289.3   7  3.1  0.00 83 3.38
 741  2696 286.6 357  4.2  0.00 82 3.38
2005082801014001  998.8 0.00 0     0.0     0.0   299.0   17.98    69.7     1.5   299.0
 996   117 302.9  70  1.9  0.00 7117.98
 988   190 302.5  68  1.9  0.00 7016.18
 977   291 301.9  66  1.9  0.00 6914.38
 963   419 301.1  63  1.7  0.00 6912.59
 946   580 299.6  72  1.4  0.00 7310.79
 924   784 298.8  47  1.4  0.00 68 8.99
 898  1035 297.1  24  1.6  0.00 69 7.19
 861  1403 294.7   7  2.6  0.00 71 5.39
 815  1880 291.5   0  3.9  0.00 75 3.60
 769  2377 288.3 351  4.9  0.00 78 3.60
2005082801001002  732.2 0.00 0     0.0     0.0   287.7   13.04   347.8     2.0   287.7
 729  2791 287.1   8  3.8  0.00 8913.04
 724  2859 287.0   9  4.1  0.00 8811.74
 716  2952 286.6  11  4.5  0.00 8710.43
 706  3070 286.0  14  4.9  0.00 86 9.13
 693  3219 285.2  16  5.4  0.00 87 7.82
 678  3408 283.9  18  5.8  0.00 91 6.52
 659  3640 282.3  20  6.1  0.00 95 5.22
 633  3981 279.9  23  6.2  0.00 95 3.91
 600  4420 277.0  28  6.0  0.00 89 2.61
 567  4879 274.4  32  5.5  0.00 83 2.61
2005082801002002  721.7 0.00 0     0.0     0.0   287.5   13.04     0.3     2.1   287.5
 719  2912 286.5  17  4.6  0.00 8813.04
 713  2980 286.4  19  5.0  0.00 8711.74
 705  3072 286.1  20  5.4  0.00 8610.43
 696  3190 285.4  21  5.8  0.00 86 9.13
 683  3339 284.4  22  6.2  0.00 88 7.82
 668  3527 283.1  22  6.5  0.00 91 6.52
 650  3757 281.4  21  6.7  0.00 95 5.22
 624  4097 279.1  22  6.8  0.00 92 3.91
 591  4534 276.4  26  6.5  0.00 85 2.61
 559  4991 273.8  31  6.0  0.00 80 2.61
2005082801003002  724.0 0.00 0     0.0     0.0   288.0   13.53    10.4     1.8   288.0
 721  2885 286.8  21  4.3  0.00 8713.53
 715  2953 286.6  23  4.8  0.00 8612.18
 708  3046 286.2  24  5.2  0.00 8510.82
 698  3164 285.6  25  5.6  0.00 84 9.47
 685  3313 284.6  24  6.1  0.00 86 8.12
 670  3501 283.2  23  6.4  0.00 88 6.76
 652  3731 281.5  21  6.7  0.00 91 5.41
 626  4071 279.2  20  6.9  0.00 87 4.06
 593  4508 276.5  22  6.7  0.00 80 2.71
 561  4965 274.0  28  6.3  0.00 77 2.71
2005082801004002  743.8 0.00 0     0.0     0.0   289.3   14.42    23.0     1.5   289.3
 741  2656 288.1  26  3.5  0.00 8914.42
 735  2725 287.9  27  4.0  0.00 8812.98
 727  2818 287.4  27  4.4  0.00 8611.53
 717  2937 286.8  27  4.8  0.00 8410.09
 704  3087 285.9  27  5.3  0.00 84 8.65
 689  3277 284.8  24  5.7  0.00 83 7.21
 670  3509 283.1  20  6.2  0.00 84 5.77
 643  3851 280.6  16  6.6  0.00 85 4.33
 609  4292 277.8  16  6.8  0.00 78 2.88
 576  4752 275.2  23  6.6  0.00 75 2.88
2005082801005002  737.7 0.00 0     0.0     0.0   288.7   13.68    32.1     1.9   288.7
 735  2726 287.6  28  3.9  0.00 8613.68
 729  2794 287.4  27  4.3  0.00 8512.31
 721  2887 287.0  27  4.7  0.00 8410.94
 711  3006 286.4  26  5.1  0.00 82 9.57
 699  3155 285.6  25  5.5  0.00 81 8.21
 683  3344 284.2  20  6.0  0.00 81 6.84
 664  3575 282.5  16  6.4  0.00 82 5.47
 638  3916 280.2  12  6.9  0.00 80 4.10
 604  4356 277.4  13  7.1  0.00 74 2.74
 571  4815 274.8  20  6.8  0.00 72 2.74
2005082801006002  727.5 0.00 0     0.0     0.0   288.1   12.86    37.9     2.2   288.1
 725  2844 286.6  28  4.5  0.00 8412.86
 719  2912 286.4  28  4.9  0.00 8311.58
 711  3004 286.0  27  5.2  0.00 8210.29
 701  3122 285.4  26  5.5  0.00 81 9.00
 689  3271 284.5  23  5.9  0.00 81 7.72
 674  3459 283.2  18  6.3  0.00 80 6.43
 655  3689 281.6  13  6.7  0.00 80 5.15
 629  4028 279.4   9  7.2  0.00 76 3.86
 596  4466 276.9  12  7.2  0.00 71 2.57
 563  4923 274.3  20  6.7  0.00 70 2.57
2005082801007002  745.9 0.00 0     0.0     0.0   288.0   12.20    42.8     2.5   288.0
 743  2633 287.2  32  3.9  0.00 8512.20
 737  2701 287.1  32  4.2  0.00 8410.98
 729  2794 286.7  31  4.4  0.00 83 9.76
 719  2913 286.1  29  4.7  0.00 82 8.54
 706  3062 285.0  28  4.9  0.00 84 7.32
 691  3251 284.4  21  5.4  0.00 80 6.10
 672  3483 282.9  13  6.0  0.00 78 4.88
 645  3824 280.7   7  6.8  0.00 76 3.66
 611  4265 278.1  11  7.0  0.00 71 2.44
 577  4726 275.5  18  6.7  0.00 69 2.44
2005082801008002  749.5 0.00 0     0.0     0.0   288.0   11.86    44.5     2.6   288.0
 747  2594 287.3  32  3.7  0.00 8311.86
 741  2662 287.1  31  3.9  0.00 8210.67
 733  2755 286.7  29  4.1  0.00 82 9.49
 722  2873 286.1  27  4.4  0.00 81 8.30
 710  3022 284.7  26  4.7  0.00 84 7.12
 694  3212 284.3  20  5.2  0.00 80 5.93
 675  3443 282.9  11  5.8  0.00 77 4.74
 648  3785 280.8   4  6.6  0.00 74 3.56
 614  4226 278.3   8  7.0  0.00 70 2.37
 580  4688 275.7  15  6.6  0.00 67 2.37
2005082801009002  748.7 0.00 0     0.0     0.0   288.5   11.96    44.1     2.7   288.5
 746  2603 287.0  24  3.9  0.00 8211.96
 740  2671 286.8  23  4.2  0.00 8110.76
 732  2764 286.4  22  4.4  0.00 80 9.57
 721  2882 285.8  20  4.8  0.00 80 8.37
 709  3031 284.9  18  5.1  0.00 80 7.18
 693  3220 284.1  13  5.6  0.00 78 5.98
 674  3452 282.7   7  6.2  0.00 76 4.78
 647  3793 280.7   2  6.9  0.00 73 3.59
 613  4234 278.3   7  7.1  0.00 68 2.39
 579  4695 275.7  14  6.7  0.00 64 2.39
2005082801010002  739.4 0.00 0     0.0     0.0   289.1   12.37    43.4     2.7   289.1
 736  2709 286.4  16  4.8  0.00 8012.37
 730  2777 286.2  16  5.2  0.00 7911.13
 722  2870 285.8  15  5.4  0.00 78 9.89
 712  2988 285.2  13  5.8  0.00 78 8.66
 700  3136 284.4  12  6.0  0.00 77 7.42
 684  3324 283.3   8  6.6  0.00 76 6.18
 665  3555 281.9   5  7.0  0.00 74 4.95
 639  3895 279.9   3  7.3  0.00 71 3.71
 605  4334 277.6   8  7.2  0.00 66 2.47
 572  4793 275.1  15  6.8  0.00 60 2.47
2005082801011002  747.9 0.00 0     0.0     0.0   290.0   13.03    47.2     2.3   290.0
 744  2614 286.8  14  4.6  0.00 8013.03
 739  2682 286.6  15  5.0  0.00 7911.72
 730  2775 286.1  13  5.3  0.00 7810.42
 720  2893 285.5  12  5.7  0.00 78 9.12
 708  3042 284.7  10  6.1  0.00 77 7.82
 692  3231 283.7   8  6.6  0.00 76 6.51
 673  3462 282.3   6  6.9  0.00 74 5.21
 646  3802 280.3   6  7.0  0.00 72 3.91
 612  4243 278.0   9  6.8  0.00 66 2.61
 578  4703 275.5  16  6.4  0.00 59 2.61
2005082801012002  839.6 0.00 0     0.0     0.0   292.9   14.47    75.8     1.6   292.9
 836  1629 292.4  49  1.6  0.00 8314.47
 830  1699 292.0  47  1.8  0.00 8313.02
 820  1795 291.5  38  2.1  0.00 8211.58
 809  1917 290.9  28  2.4  0.00 8110.13
 795  2070 290.1  23  3.0  0.00 81 8.68
 777  2265 289.0  20  3.5  0.00 81 7.24
 755  2503 287.7  16  4.1  0.00 80 5.79
 725  2855 285.8   9  4.9  0.00 77 4.34
 686  3310 283.2   5  5.7  0.00 74 2.89
 648  3785 280.5   9  5.6  0.00 71 2.89
2005082801013002  946.6 0.00 0     0.0     0.0   297.0   16.79   110.2     1.3   297.0
 944   588 299.6 127  1.7  0.00 7416.79
 936   661 299.3 134  2.0  0.00 7415.12
 926   760 298.7 135  1.9  0.00 7413.44
 913   886 297.0 130  1.4  0.00 8011.76
 896  1044 297.1 127  1.4  0.00 7110.08
 876  1246 296.2 103  1.0  0.00 69 8.40
 851  1492 294.1  40  1.1  0.00 74 6.72
 816  1856 291.6   6  2.0  0.00 76 5.04
 773  2325 288.7 356  3.1  0.00 78 3.36
 729  2816 285.9 352  4.0  0.00 77 3.36
2005082801014002  996.1 0.00 0     0.0     0.0   299.5   17.86    95.8     1.1   299.5
 993   133 302.5 117  1.5  0.00 6917.86
 985   206 302.2 121  1.5  0.00 6716.08
 974   307 301.6 123  1.4  0.00 6614.29
 960   435 300.3 134  1.3  0.00 7212.50
 943   595 299.0 124  0.9  0.00 7510.72
 922   799 298.9  90  0.3  0.00 64 8.93
 896  1049 297.3 351  0.8  0.00 65 7.14
 859  1418 294.8 344  2.2  0.00 67 5.36
 813  1893 291.6 344  3.7  0.00 72 3.57
 767  2391 288.3 340  4.8  0.00 75 3.57
2005082801001003  731.8 0.00 0     0.0     0.0   287.6   12.80     9.4     2.3   287.6
 729  2797 287.1  23  4.2  0.00 8812.80
 723  2865 287.1  24  4.9  0.00 8711.52
 715  2958 286.6  26  5.4  0.00 8610.24
 705  3076 286.1  28  5.9  0.00 85 8.96
 693  3225 285.2  29  6.4  0.00 85 7.68
 677  3414 283.9  29  6.6  0.00 87 6.40
 659  3645 282.3  29  6.6  0.00 90 5.12
 632  3986 279.9  30  6.4  0.00 87 3.84
 599  4425 277.1  33  5.8  0.00 77 2.56
 566  4883 274.5  36  5.2  0.00 69 2.56
2005082801002003  733.5 0.00 0     0.0     0.0   287.6   12.72    16.2     2.6   287.6
 731  2776 287.1  25  4.8  0.00 8812.72
 725  2845 287.0  28  5.6  0.00 8711.45
 717  2937 286.6  29  6.1  0.00 8610.18
 707  3056 286.1  31  6.6  0.00 85 8.91
 695  3205 285.3  32  7.0  0.00 84 7.63
 679  3394 284.0  30  7.1  0.00 86 6.36
 660  3625 282.4  28  7.0  0.00 87 5.09
 634  3966 280.0  26  6.8  0.00 84 3.82
 601  4405 277.3  28  6.3  0.00 73 2.54
 568  4864 274.6  32  5.7  0.00 67 2.54
2005082801003003  745.7 0.00 0     0.0     0.0   288.3   12.96    21.5     2.4   288.3
 743  2637 287.8  27  4.7  0.00 8812.96
 737  2706 287.7  30  5.6  0.00 8711.66
 729  2799 287.3  32  6.1  0.00 8610.37
 719  2918 286.7  32  6.5  0.00 85 9.07
 706  3067 285.8  33  7.1  0.00 85 7.78
 690  3257 284.9  32  7.1  0.00 83 6.48
 671  3490 283.2  28  7.1  0.00 83 5.18
 644  3832 280.8  23  7.0  0.00 81 3.89
 611  4273 278.0  22  6.7  0.00 72 2.59
 577  4733 275.4  27  6.2  0.00 65 2.59
2005082801004003  766.8 0.00 0     0.0     0.0   289.3   13.27    29.9     2.6   289.3
 764  2398 289.9  35  4.3  0.00 8213.27
 758  2468 290.1  37  5.2  0.00 7811.94
 750  2562 290.1  37  5.8  0.00 7410.61
 739  2682 289.2  36  6.2  0.00 75 9.29
 726  2833 288.4  36  6.7  0.00 75 7.96
 710  3025 286.8  33  6.8  0.00 78 6.63
 690  3260 284.7  28  6.9  0.00 81 5.31
 663  3605 282.3  21  6.9  0.00 78 3.98
 628  4049 279.4  17  6.9  0.00 71 2.65
 593  4513 276.7  20  6.6  0.00 64 2.65
2005082801005003  761.3 0.00 0     0.0     0.0   289.2   12.99    39.6     2.8   289.2
 759  2459 289.7  40  4.8  0.00 7812.99
 753  2528 289.9  39  5.6  0.00 7511.69
 744  2622 289.4  38  6.0  0.00 7510.39
 734  2742 288.5  36  6.2  0.00 76 9.09
 721  2893 287.6  35  6.6  0.00 76 7.79
 705  3084 286.0  31  6.8  0.00 78 6.49
 685  3318 284.2  25  6.9  0.00 78 5.20
 658  3662 281.9  17  7.1  0.00 74 3.90
 623  4105 279.1  13  7.1  0.00 67 2.60
 589  4568 276.4  17  6.7  0.00 62 2.60
2005082801006003  744.6 0.00 0     0.0     0.0   288.2   12.31    42.2     3.0   288.2
 742  2649 287.2  38  5.0  0.00 8512.31
 736  2717 287.1  37  5.5  0.00 8411.08
 728  2810 286.7  35  5.8  0.00 83 9.85
 718  2929 286.2  33  6.2  0.00 82 8.62
 705  3078 285.1  32  6.5  0.00 82 7.39
 689  3267 284.4  26  6.8  0.00 78 6.16
 670  3499 282.9  20  7.0  0.00 74 4.92
 644  3840 280.7  13  7.2  0.00 69 3.69
 610  4281 278.1  12  7.1  0.00 64 2.46
 576  4741 275.5  17  6.6  0.00 62 2.46
2005082801007003  740.0 0.00 0     0.0     0.0   287.7   11.81    42.0     3.0   287.7
 737  2703 286.6  33  4.6  0.00 8511.81
 731  2771 286.4  32  4.9  0.00 8410.63
 723  2864 286.1  31  5.3  0.00 82 9.45
 713  2982 285.6  30  5.7  0.00 82 8.27
 701  3130 284.9  29  6.1  0.00 81 7.09
 685  3319 283.8  23  6.4  0.00 78 5.90
 666  3550 282.4  16  6.8  0.00 74 4.72
 640  3891 280.3  10  7.1  0.00 69 3.54
 606  4330 277.9  12  7.1  0.00 64 2.36
 573  4790 275.3  17  6.5  0.00 62 2.36
2005082801008003  742.7 0.00 0     0.0     0.0   287.8   11.77    43.7     2.8   287.8
 740  2673 286.7  31  4.0  0.00 8411.77
 734  2741 286.5  30  4.4  0.00 8310.60
 726  2833 286.1  29  4.8  0.00 82 9.42
 716  2951 285.5  27  5.1  0.00 81 8.24
 703  3100 284.4  25  5.5  0.00 82 7.06
 687  3289 283.7  19  6.0  0.00 78 5.89
 669  3520 282.3  13  6.5  0.00 74 4.71
 642  3860 280.4   8  7.0  0.00 69 3.53
 608  4300 278.0  10  7.1  0.00 64 2.35
 575  4760 275.5  15  6.6  0.00 61 2.35
2005082801009003  752.7 0.00 0     0.0     0.0   288.8   11.98    45.0     2.5   288.8
 750  2561 287.2  24  3.5  0.00 8211.98
 744  2629 287.0  23  3.9  0.00 8110.78
 735  2722 286.5  21  4.3  0.00 80 9.58
 725  2840 285.9  20  4.7  0.00 79 8.39
 712  2989 284.8  18  5.1  0.00 80 7.19
 697  3178 284.2  15  5.7  0.00 77 5.99
 677  3410 282.8  10  6.2  0.00 74 4.79
 650  3751 280.8   6  6.8  0.00 70 3.59
 616  4193 278.5   9  7.1  0.00 65 2.40
 582  4655 276.0  14  6.7  0.00 60 2.40
2005082801010003  761.1 0.00 0     0.0     0.0   290.3   12.50    45.0     2.3   290.3
 758  2468 288.2  13  3.4  0.00 7712.50
 752  2536 288.0  13  3.9  0.00 7611.25
 743  2629 287.4  11  4.2  0.00 7510.00
 733  2748 286.7  10  4.7  0.00 75 8.75
 720  2898 285.8   9  5.0  0.00 75 7.50
 704  3087 284.6   8  5.7  0.00 75 6.25
 685  3320 283.2   6  6.2  0.00 73 5.00
 657  3662 281.2   4  6.6  0.00 70 3.75
 623  4105 278.8   7  6.8  0.00 65 2.50
 588  4567 276.4  13  6.5  0.00 59 2.50
2005082801011003  785.4 0.00 0     0.0     0.0   292.4   13.36    53.6     1.6   292.4
 782  2200 289.5   7  2.8  0.00 7613.36
 776  2269 289.3   8  3.3  0.00 7412.02
 767  2363 288.8   6  3.8  0.00 7410.69
 756  2483 288.1   4  4.3  0.00 73 9.35
 743  2633 287.2   2  4.8  0.00 73 8.01
 726  2824 286.0   1  5.4  0.00 72 6.68
 707  3058 284.7   0  5.8  0.00 71 5.34
 678  3404 282.6   0  6.2  0.00 71 4.01
 642  3850 280.1   4  6.3  0.00 67 2.67
 607  4316 277.7  11  6.1  0.00 61 2.67
2005082801012003  849.3 0.00 0     0.0     0.0   294.7   14.48    91.2     1.0   294.7
 846  1529 293.5  20  0.7  0.00 7414.48
 839  1600 293.2  26  1.0  0.00 7313.03
 830  1696 292.7  13  1.5  0.00 7311.58
 818  1818 292.0   5  2.0  0.00 7210.13
 804  1972 291.0   1  2.7  0.00 71 8.69
 785  2167 289.9 357  3.4  0.00 71 7.24
 764  2406 288.4 356  4.2  0.00 71 5.79
 733  2758 286.3 354  5.2  0.00 71 4.34
 694  3214 283.7 356  5.8  0.00 69 2.90
 655  3690 281.1   2  5.6  0.00 67 2.90
2005082801013003  931.3 0.00 0     0.0     0.0   297.8   16.37   119.2     1.0   297.8
 928   725 298.7 155  1.4  0.00 7116.37
 921   797 298.9 156  1.8  0.00 6614.73
 910   896 298.2 159  1.5  0.00 6513.10
 897  1021 297.4 159  0.7  0.00 6511.46
 881  1179 296.5  83  0.1  0.00 65 9.82
 861  1379 295.2 350  0.9  0.00 65 8.19
 837  1625 293.5 344  1.9  0.00 67 6.55
 803  1986 291.0 342  3.3  0.00 69 4.91
 760  2453 288.1 343  4.7  0.00 71 3.27
 718  2941 285.2 346  5.4  0.00 71 3.27
2005082801014003  991.5 0.00 0     0.0     0.0   300.3   17.52   111.6     1.1   300.3
 989   169 302.1 135  1.6  0.00 6517.52
 980   242 301.9 143  1.7  0.00 6315.77
 969   342 301.2 152  1.7  0.00 6614.02
 956   470 300.4 162  1.6  0.00 6712.26
 938   630 300.2 153  0.5  0.00 5810.51
 917   834 298.9 285  0.2  0.00 59 8.76
 891  1084 297.3 325  1.4  0.00 59 7.01
 855  1452 294.8 332  3.1  0.00 62 5.26
 809  1927 291.5 335  4.8  0.00 67 3.50
 763  2424 288.3 336  5.8  0.00 71 3.50
2005082801001004  739.0 0.00 0     0.0     0.0   288.0   12.94    26.6     2.6   288.0
 736  2715 287.8  34  4.2  0.00 8912.94
 730  2783 287.7  36  5.3  0.00 8711.65
 722  2876 287.2  37  5.9  0.00 8610.35
 712  2995 286.5  38  6.5  0.00 85 9.06
 700  3144 285.7  38  6.9  0.00 82 7.76
 684  3334 284.4  37  7.0  0.00 83 6.47
 665  3566 282.9  34  6.9  0.00 83 5.18
 639  3907 280.5  31  6.4  0.00 80 3.88
 605  4347 277.7  33  5.8  0.00 67 2.59
 572  4807 275.0  36  5.0  0.00 57 2.59
2005082801002004  742.2 0.00 0     0.0     0.0   288.0   12.61    26.8     3.0   288.0
 739  2678 287.7  32  4.6  0.00 8812.61
 734  2746 287.7  37  5.8  0.00 8711.35
 725  2839 287.2  38  6.4  0.00 8610.09
 715  2958 286.5  39  6.9  0.00 85 8.83
 703  3107 285.7  39  7.4  0.00 83 7.57
 687  3297 284.5  37  7.5  0.00 83 6.31
 668  3529 283.0  33  7.3  0.00 82 5.05
 641  3871 280.7  28  6.8  0.00 77 3.78
 608  4311 278.0  28  6.2  0.00 65 2.52
 574  4771 275.3  31  5.5  0.00 55 2.52
2005082801003004  761.7 0.00 0     0.0     0.0   288.9   12.63    29.4     3.2   288.9
 759  2456 289.6  31  4.7  0.00 8312.63
 753  2525 289.9  37  6.2  0.00 8011.36
 745  2619 289.5  40  7.1  0.00 7910.10
 734  2739 288.6  39  7.3  0.00 79 8.84
 721  2890 287.8  39  7.8  0.00 78 7.58
 705  3082 286.1  38  7.7  0.00 79 6.31
 686  3315 284.3  33  7.3  0.00 79 5.05
 658  3660 282.0  26  7.0  0.00 74 3.79
 624  4103 279.2  22  6.7  0.00 64 2.53
 589  4566 276.5  25  6.1  0.00 56 2.53
2005082801004004  773.4 0.00 0     0.0     0.0   289.5   12.67    35.7     3.4   289.5
 771  2326 290.0  40  4.8  0.00 8212.67
 765  2395 290.1  44  6.3  0.00 8011.40
 756  2490 289.9  45  7.3  0.00 7810.13
 746  2610 289.4  42  7.5  0.00 76 8.87
 732  2761 288.5  41  7.9  0.00 76 7.60
 716  2954 287.1  38  7.8  0.00 76 6.33
 696  3188 285.2  32  7.4  0.00 76 5.07
 668  3534 282.8  24  7.1  0.00 71 3.80
 633  3979 280.0  17  6.9  0.00 61 2.53
 598  4444 277.2  19  6.5  0.00 54 2.53
2005082801005004  762.9 0.00 0     0.0     0.0   289.5   12.55    41.5     3.6   289.5
 760  2444 289.4  43  5.8  0.00 8012.55
 754  2513 289.4  44  6.7  0.00 7911.30
 746  2607 289.0  44  7.2  0.00 7810.04
 735  2727 288.2  41  7.4  0.00 77 8.79
 722  2877 287.3  39  7.7  0.00 76 7.53
 706  3068 285.9  35  7.6  0.00 76 6.28
 687  3302 284.3  29  7.4  0.00 72 5.02
 659  3646 282.1  20  7.2  0.00 65 3.77
 625  4089 279.4  14  7.1  0.00 57 2.51
 590  4552 276.7  17  6.7  0.00 53 2.51
2005082801006004  746.1 0.00 0     0.0     0.0   288.5   12.10    44.3     3.5   288.5
 743  2634 287.3  42  5.5  0.00 8512.10
 737  2702 287.0  42  6.0  0.00 8510.89
 729  2795 286.6  41  6.4  0.00 83 9.68
 719  2914 286.1  37  6.9  0.00 80 8.47
 706  3063 285.1  35  7.2  0.00 80 7.26
 691  3252 284.3  30  7.3  0.00 75 6.05
 672  3484 283.0  23  7.3  0.00 69 4.84
 645  3825 280.9  16  7.3  0.00 62 3.63
 611  4265 278.4  14  7.2  0.00 55 2.42
 577  4726 275.8  17  6.6  0.00 54 2.42
2005082801007004  741.2 0.00 0     0.0     0.0   289.0   12.66    43.7     3.1   289.0
 738  2691 286.6  35  4.3  0.00 8612.66
 732  2759 286.2  35  4.8  0.00 8611.40
 724  2851 286.0  34  5.5  0.00 8410.13
 714  2970 285.5  32  6.0  0.00 82 8.86
 702  3118 284.6  30  6.4  0.00 81 7.60
 686  3307 283.6  26  6.8  0.00 75 6.33
 667  3538 282.3  20  7.0  0.00 70 5.06
 641  3878 280.4  14  7.2  0.00 63 3.80
 607  4318 278.1  14  7.2  0.00 58 2.53
 574  4778 275.5  17  6.6  0.00 55 2.53
2005082801008004  766.7 0.00 0     0.0     0.0   289.1   12.39    44.1     2.4   289.1
 764  2405 288.7  33  2.9  0.00 8412.39
 758  2474 288.5  32  3.5  0.00 8211.15
 749  2568 288.1  31  4.0  0.00 80 9.91
 739  2687 287.3  29  4.5  0.00 80 8.67
 726  2837 286.4  26  5.0  0.00 80 7.43
 710  3028 285.1  23  5.6  0.00 79 6.19
 690  3261 283.7  19  6.2  0.00 76 4.95
 662  3604 281.7  13  6.7  0.00 70 3.72
 628  4048 279.4  12  7.2  0.00 62 2.48
 593  4512 277.0  14  6.8  0.00 58 2.48
2005082801009004  809.7 0.00 0     0.0     0.0   291.1   12.86    56.0     1.7   291.1
 807  1941 291.7  32  1.9  0.00 7612.86
 800  2010 291.7  30  2.5  0.00 7411.58
 791  2106 291.1  28  2.7  0.00 7310.29
 780  2227 290.3  23  3.2  0.00 74 9.00
 766  2379 289.4  20  3.6  0.00 74 7.72
 749  2572 287.9  16  4.4  0.00 76 6.43
 729  2809 286.4  14  5.1  0.00 77 5.15
 699  3157 284.2  11  5.8  0.00 76 3.86
 662  3608 281.7   9  6.6  0.00 69 2.57
 625  4078 279.2  11  6.8  0.00 62 2.57
2005082801010004  842.6 0.00 0     0.0     0.0   293.4   13.51    72.3     1.3   293.4
 839  1597 293.6  38  1.1  0.00 7213.51
 833  1668 293.4  30  1.6  0.00 7012.16
 823  1764 292.9  23  1.9  0.00 7010.81
 812  1886 292.2  16  2.6  0.00 69 9.46
 797  2040 291.4  10  3.3  0.00 68 8.11
 780  2235 290.1   6  4.0  0.00 69 6.75
 758  2474 288.5   3  4.6  0.00 70 5.40
 727  2826 286.2   2  5.4  0.00 72 4.05
 689  3281 283.4   4  6.2  0.00 70 2.70
 650  3757 280.8   6  6.5  0.00 66 2.70
2005082801011004  877.8 0.00 0     0.0     0.0   295.9   14.38    95.6     1.0   295.9
 874  1241 296.2  73  0.3  0.00 6614.38
 867  1312 296.1  33  0.8  0.00 6312.94
 858  1410 295.6  16  1.4  0.00 6211.51
 846  1533 294.9   7  2.1  0.00 6110.07
 831  1689 293.8   1  2.8  0.00 62 8.63
 812  1886 292.3 357  3.5  0.00 64 7.19
 789  2127 290.6 354  4.3  0.00 65 5.75
 757  2483 288.2 352  5.2  0.00 67 4.31
 717  2943 285.4 354  6.1  0.00 68 2.88
 677  3424 282.6 359  6.3  0.00 67 2.88
2005082801012004  915.2 0.00 0     0.0     0.0   298.2   15.12   118.4     1.0   298.2
 912   874 298.4 158  1.1  0.00 6315.12
 904   946 298.6 137  1.0  0.00 5913.61
 894  1045 298.1  90  0.5  0.00 5812.10
 882  1170 297.3  20  0.7  0.00 5810.59
 866  1327 296.3 356  1.4  0.00 57 9.07
 846  1527 294.8 349  2.4  0.00 59 7.56
 823  1771 293.0 346  3.5  0.00 61 6.05
 789  2131 290.5 345  4.8  0.00 63 4.54
 747  2595 287.4 346  6.0  0.00 66 3.02
 705  3081 284.5 349  6.3  0.00 66 3.02
2005082801013004  955.2 0.00 0     0.0     0.0   299.8   16.46   137.8     1.2   299.8
 952   496 300.3 153  1.9  0.00 6816.46
 944   569 300.4 156  2.3  0.00 6414.81
 934   668 300.1 156  1.8  0.00 6013.17
 920   795 299.6 155  1.1  0.00 5611.52
 904   954 298.6 155  0.3  0.00 55 9.87
 883  1156 297.3 332  0.8  0.00 56 8.23
 859  1403 295.6 334  2.3  0.00 57 6.58
 824  1767 293.0 336  4.0  0.00 60 4.94
 780  2238 289.7 338  5.7  0.00 64 3.29
 736  2729 286.5 340  6.4  0.00 67 3.29
2005082801014004  995.5 0.00 0     0.0     0.0   301.8   18.17   148.5     1.9   301.8
 992   129 302.4 142  2.1  0.00 6718.17
 984   203 301.9 149  2.1  0.00 6816.35
 973   303 301.3 156  2.3  0.00 6914.54
 959   431 301.0 160  1.8  0.00 6112.72
 942   591 300.6 165  0.9  0.00 5310.90
 921   795 299.5 284  0.3  0.00 54 9.09
 895  1045 298.0 325  1.7  0.00 54 7.27
 858  1413 295.4 328  3.7  0.00 57 5.45
 812  1889 292.1 332  5.7  0.00 62 3.63
 766  2386 288.7 334  6.7  0.00 67 3.63
2005082801001005  755.8 0.00 0     0.0     0.0   288.9   13.27    42.8     2.8   288.9
 753  2523 289.7  54  4.1  0.00 8513.27
 747  2593 289.9  54  6.0  0.00 8211.95
 739  2687 289.2  51  6.6  0.00 8210.62
 729  2807 288.2  48  6.9  0.00 81 9.29
 716  2957 287.6  46  7.4  0.00 77 7.96
 700  3148 285.7  41  7.1  0.00 80 6.64
 681  3382 284.1  35  6.8  0.00 80 5.31
 653  3725 281.7  29  6.5  0.00 80 3.98
 619  4169 278.9  26  5.8  0.00 68 2.65
 585  4631 276.1  31  4.9  0.00 55 2.65
2005082801002005  760.0 0.00 0     0.0     0.0   288.8   12.71    40.5     3.1   288.8
 757  2477 289.6  48  4.3  0.00 8412.71
 751  2546 289.8  52  6.4  0.00 8211.44
 743  2640 289.2  51  7.1  0.00 8110.17
 733  2760 288.4  47  7.3  0.00 81 8.89
 720  2911 287.6  45  7.6  0.00 79 7.62
 704  3102 285.9  40  7.4  0.00 79 6.35
 684  3335 284.2  34  7.0  0.00 78 5.08
 657  3679 281.9  26  6.7  0.00 75 3.81
 622  4123 279.2  22  6.2  0.00 64 2.54
 588  4586 276.4  25  5.5  0.00 53 2.54
2005082801003005  777.7 0.00 0     0.0     0.0   289.5   12.58    38.9     3.5   289.5
 775  2279 290.1  43  4.4  0.00 8412.58
 769  2349 290.3  50  6.4  0.00 8211.32
 760  2443 290.0  49  7.3  0.00 8010.06
 750  2564 289.6  46  7.6  0.00 77 8.80
 736  2716 288.7  43  7.9  0.00 76 7.55
 720  2908 287.4  39  7.7  0.00 75 6.29
 700  3143 285.5  33  7.3  0.00 74 5.03
 672  3489 283.2  25  7.0  0.00 71 3.77
 637  3936 280.3  17  6.6  0.00 62 2.52
 601  4402 277.5  19  6.1  0.00 53 2.52
2005082801004005  781.9 0.00 0     0.0     0.0   290.1   12.68    43.2     3.7   290.1
 779  2234 290.4  49  4.9  0.00 8212.68
 773  2303 290.4  52  6.5  0.00 8111.42
 764  2398 290.1  50  7.2  0.00 7810.15
 754  2519 289.6  46  7.7  0.00 76 8.88
 740  2670 288.7  42  8.0  0.00 75 7.61
 724  2863 287.4  37  7.9  0.00 73 6.34
 704  3098 285.8  32  7.6  0.00 72 5.07
 675  3445 283.4  23  7.2  0.00 67 3.81
 640  3891 280.6  14  6.9  0.00 57 2.54
 605  4358 277.8  15  6.4  0.00 51 2.54
2005082801005005  769.2 0.00 0     0.0     0.0   290.2   12.68    46.7     3.8   290.2
 766  2375 289.5  50  5.6  0.00 8312.68
 760  2444 289.3  51  6.6  0.00 8311.41
 752  2538 288.9  48  7.1  0.00 8110.14
 741  2658 288.4  44  7.5  0.00 77 8.87
 728  2809 287.4  39  7.8  0.00 75 7.61
 712  3000 286.2  35  7.8  0.00 73 6.34
 692  3234 284.6  29  7.6  0.00 70 5.07
 665  3578 282.4  20  7.4  0.00 63 3.80
 630  4022 279.9  14  7.1  0.00 53 2.54
 595  4487 277.1  15  6.6  0.00 49 2.54
2005082801006005  760.9 0.00 0     0.0     0.0   290.7   13.20    49.1     3.5   290.7
 758  2469 288.8  47  4.9  0.00 8413.20
 752  2538 288.4  47  5.4  0.00 8411.88
 744  2631 287.8  46  5.9  0.00 8410.56
 733  2750 287.3  40  6.6  0.00 80 9.24
 720  2900 286.4  36  7.0  0.00 78 7.92
 704  3091 285.1  31  7.3  0.00 75 6.60
 685  3323 283.7  26  7.4  0.00 70 5.28
 657  3666 281.7  19  7.4  0.00 62 3.96
 623  4109 279.3  15  7.3  0.00 54 2.64
 589  4572 276.7  16  6.7  0.00 50 2.64
2005082801007005  772.6 0.00 0     0.0     0.0   291.1   13.63    50.3     2.5   291.1
 770  2341 289.3  45  3.1  0.00 8513.63
 763  2410 288.8  43  3.5  0.00 8512.27
 755  2504 288.1  38  4.2  0.00 8510.91
 744  2623 287.9  34  5.1  0.00 81 9.54
 731  2774 286.8  30  5.5  0.00 80 8.18
 715  2965 285.7  27  6.2  0.00 77 6.82
 695  3198 284.2  23  6.7  0.00 74 5.45
 667  3542 282.2  19  7.1  0.00 67 4.09
 632  3987 279.8  15  7.4  0.00 58 2.73
 597  4452 277.4  16  6.9  0.00 53 2.73
2005082801008005  825.7 0.00 0     0.0     0.0   291.7   13.39    51.6     1.5   291.7
 823  1773 292.7  43  1.4  0.00 8013.39
 816  1843 292.5  43  2.1  0.00 7812.05
 807  1939 292.1  41  2.3  0.00 7610.71
 796  2061 291.4  36  3.0  0.00 75 9.37
 782  2214 290.5  32  3.3  0.00 75 8.04
 764  2409 289.2  24  4.4  0.00 76 6.70
 743  2647 287.5  21  5.1  0.00 77 5.36
 713  2998 285.3  17  5.9  0.00 76 4.02
 675  3451 282.7  14  6.9  0.00 69 2.68
 638  3924 280.2  14  7.1  0.00 61 2.68
2005082801009005  902.2 0.00 0     0.0     0.0   294.8   14.36    65.6     1.0   294.8
 900  1006 298.4  70  0.6  0.00 6914.36
 892  1078 298.2  60  1.4  0.00 6912.93
 882  1176 297.5  57  1.5  0.00 6911.49
 870  1301 296.4  46  1.9  0.00 7010.05
 854  1458 294.9  45  2.1  0.00 72 8.62
 835  1657 293.6  32  2.7  0.00 72 7.18
 812  1901 292.3  19  3.6  0.00 71 5.74
 779  2261 290.0  11  4.5  0.00 72 4.31
 737  2725 287.0   9  5.8  0.00 73 2.87
 696  3210 284.1   9  6.6  0.00 71 2.87
2005082801010005  951.6 0.00 0     0.0     0.0   297.5   14.77   108.4     0.9   297.5
 949   537 301.4 136  1.2  0.00 6314.77
 941   610 301.4 116  1.3  0.00 6213.29
 931   710 300.9  90  1.4  0.00 6211.81
 917   837 300.0  66  1.5  0.00 6310.34
 901   997 298.9  51  1.9  0.00 63 8.86
 880  1199 296.8  41  2.1  0.00 67 7.38
 856  1446 295.4  19  2.6  0.00 65 5.91
 821  1811 293.1   4  3.9  0.00 65 4.43
 777  2282 289.8 358  5.4  0.00 68 2.95
 733  2774 286.6   0  6.4  0.00 70 2.95
2005082801011005  975.2 0.00 0     0.0     0.0   299.6   15.18   122.5     1.1   299.6
 972   317 302.6 137  1.9  0.00 6015.18
 964   390 302.7 126  1.8  0.00 5813.66
 954   490 302.3 106  1.8  0.00 5712.15
 940   618 301.3  87  1.6  0.00 5910.63
 923   778 299.8  71  1.6  0.00 62 9.11
 902   982 298.9  45  1.9  0.00 58 7.59
 877  1231 297.3  14  2.3  0.00 57 6.07
 841  1598 294.5 355  3.7  0.00 60 4.55
 796  2072 291.1 350  5.6  0.00 64 3.04
 751  2567 287.8 351  6.7  0.00 67 3.04
2005082801012005  988.7 0.00 0     0.0     0.0   300.8   15.72   124.3     1.3   300.8
 986   191 303.0 135  2.3  0.00 5815.72
 977   265 303.1 132  2.5  0.00 5614.15
 967   365 302.6 121  2.3  0.00 5712.58
 953   493 301.5 114  1.8  0.00 5911.01
 936   654 300.7  97  1.6  0.00 57 9.43
 914   858 299.7  61  1.4  0.00 54 7.86
 889  1108 298.0   9  1.9  0.00 54 6.29
 852  1476 295.3 347  3.6  0.00 57 4.72
 807  1952 291.8 343  5.8  0.00 61 3.14
 761  2448 288.5 344  7.0  0.00 65 3.14
2005082801013005  996.1 0.00 0     0.0     0.0   301.1   16.85   125.1     1.5   301.1
 993   123 302.6 133  2.5  0.00 6216.85
 985   196 302.7 140  3.0  0.00 6015.17
 974   297 302.4 140  2.8  0.00 5713.48
 960   425 301.8 138  2.1  0.00 5811.80
 943   585 301.2 123  1.5  0.00 5210.11
 921   790 299.9  73  0.8  0.00 52 8.43
 896  1040 298.3 357  1.6  0.00 53 6.74
 859  1409 295.7 339  3.6  0.00 55 5.06
 813  1885 292.2 337  5.9  0.00 60 3.37
 767  2382 288.8 339  7.1  0.00 65 3.37
2005082801014005 1004.6 0.00 0     0.0     0.0   302.3   18.77   140.4     2.2   302.3
1002    49 302.8 135  2.6  0.00 6718.77
 993   123 302.3 138  2.5  0.00 6916.89
 982   224 301.8 146  2.5  0.00 6815.01
 968   351 301.5 148  2.0  0.00 5613.14
 951   512 301.1 146  1.1  0.00 5111.26
 929   717 300.1  17  0.3  0.00 51 9.38
 903   967 298.6 339  1.8  0.00 52 7.51
 866  1336 296.1 332  4.0  0.00 55 5.63
 820  1813 292.7 332  6.2  0.00 60 3.75
 773  2312 289.3 334  7.3  0.00 66 3.75
2005082801001006  782.6 0.00 0     0.0     0.0   290.0   13.38    51.2     2.9   290.0
 780  2225 291.2  60  3.5  0.00 8413.38
 774  2294 290.9  56  4.9  0.00 8412.04
 765  2389 290.6  55  6.0  0.00 8210.70
 754  2510 290.3  54  6.7  0.00 79 9.36
 741  2663 289.5  51  7.4  0.00 77 8.03
 724  2856 288.1  47  7.3  0.00 78 6.69
 705  3092 286.1  40  6.9  0.00 79 5.35
 676  3439 283.6  30  6.4  0.00 80 4.01
 641  3887 280.6  21  6.0  0.00 73 2.68
 605  4355 277.7  23  5.2  0.00 59 2.68
2005082801002006  785.6 0.00 0     0.0     0.0   290.1   13.03    49.8     3.2   290.1
 783  2193 290.6  56  3.8  0.00 8413.03
 777  2262 290.8  56  5.4  0.00 8211.73
 768  2357 290.5  54  6.3  0.00 8010.42
 757  2478 290.2  52  6.9  0.00 78 9.12
 744  2630 289.4  49  7.3  0.00 76 7.82
 727  2823 288.1  44  7.4  0.00 75 6.52
 707  3059 286.3  37  7.1  0.00 75 5.21
 679  3407 283.7  28  6.8  0.00 74 3.91
 643  3855 280.8  18  6.4  0.00 67 2.61
 607  4322 277.9  20  5.6  0.00 57 2.61
2005082801003006  792.1 0.00 0     0.0     0.0   290.5   12.96    48.2     3.5   290.5
 789  2122 290.9  54  4.1  0.00 8212.96
 783  2192 291.1  56  5.6  0.00 8011.66
 774  2287 290.7  54  6.2  0.00 7810.37
 764  2408 290.2  49  6.8  0.00 77 9.07
 750  2560 289.5  46  7.3  0.00 75 7.78
 733  2754 288.2  41  7.5  0.00 74 6.48
 713  2990 286.6  35  7.4  0.00 72 5.18
 684  3338 284.1  26  7.0  0.00 69 3.89
 648  3787 281.2  16  6.7  0.00 62 2.59
 612  4255 278.3  16  6.1  0.00 54 2.59
2005082801004006  795.0 0.00 0     0.0     0.0   291.1   13.10    49.4     3.5   291.1
 792  2093 291.1  54  4.5  0.00 8113.10
 786  2163 291.1  55  5.6  0.00 7911.79
 777  2258 290.7  51  6.1  0.00 7810.48
 766  2379 290.1  47  6.6  0.00 76 9.17
 753  2531 289.3  42  7.2  0.00 74 7.86
 736  2724 288.1  38  7.4  0.00 73 6.55
 716  2961 286.5  32  7.5  0.00 71 5.24
 687  3308 284.1  25  7.3  0.00 67 3.93
 651  3757 281.4  15  7.0  0.00 57 2.62
 614  4226 278.6  14  6.4  0.00 51 2.62
2005082801005006  794.9 0.00 0     0.0     0.0   291.7   13.30    53.8     3.2   291.7
 792  2095 291.0  56  4.1  0.00 8113.30
 786  2164 290.9  54  5.1  0.00 8011.97
 777  2259 290.4  49  5.5  0.00 7810.64
 766  2380 289.8  43  6.1  0.00 77 9.31
 753  2532 288.9  39  6.7  0.00 75 7.98
 736  2725 287.7  34  7.1  0.00 73 6.65
 715  2961 286.2  29  7.3  0.00 71 5.32
 687  3308 283.9  23  7.4  0.00 67 3.99
 650  3757 281.3  15  7.3  0.00 56 2.66
 614  4225 278.6  15  6.7  0.00 50 2.66
2005082801006006  800.7 0.00 0     0.0     0.0   292.2   13.41    57.9     2.6   292.2
 798  2035 291.3  56  3.1  0.00 8113.41
 791  2105 291.1  54  3.9  0.00 8012.07
 783  2200 290.5  48  4.3  0.00 7910.73
 772  2321 289.9  40  5.0  0.00 77 9.39
 758  2473 288.8  35  5.6  0.00 76 8.05
 741  2666 287.8  30  6.3  0.00 74 6.71
 721  2902 286.3  25  6.8  0.00 73 5.37
 691  3250 284.0  21  7.2  0.00 69 4.02
 655  3699 281.5  15  7.4  0.00 59 2.68
 619  4168 278.9  15  6.9  0.00 52 2.68
2005082801007006  831.4 0.00 0     0.0     0.0   293.6   14.05    60.3     1.6   293.6
 828  1712 293.4  68  1.5  0.00 7814.05
 822  1783 293.3  62  2.3  0.00 7612.65
 813  1879 292.7  52  2.8  0.00 7611.24
 801  2001 292.0  42  3.4  0.00 75 9.84
 787  2155 291.0  36  4.1  0.00 74 8.43
 769  2350 289.7  27  4.8  0.00 74 7.03
 748  2588 288.1  22  5.6  0.00 74 5.62
 718  2940 285.8  18  6.5  0.00 73 4.22
 680  3394 283.1  15  7.2  0.00 67 2.81
 642  3868 280.5  14  7.2  0.00 58 2.81
2005082801008006  897.1 0.00 0     0.0     0.0   296.1   15.13    70.5     1.0   296.1
 894  1054 298.2  93  0.8  0.00 7115.13
 887  1126 298.0  87  1.5  0.00 7013.62
 877  1224 297.2  81  1.8  0.00 7012.11
 865  1349 296.2  72  2.0  0.00 7110.59
 849  1506 295.4  64  2.1  0.00 71 9.08
 830  1706 294.1  35  2.9  0.00 71 7.57
 807  1950 292.3  25  3.8  0.00 71 6.05
 774  2309 289.8  16  4.8  0.00 72 4.54
 733  2773 286.8  11  6.3  0.00 72 3.03
 692  3257 283.8  10  7.0  0.00 69 3.03
2005082801009006  962.7 0.00 0     0.0     0.0   298.1   15.57    98.8     0.8   298.1
 960   435 302.3 119  1.2  0.00 6415.57
 952   508 302.2 106  1.7  0.00 6314.01
 942   608 301.7  94  2.2  0.00 6312.46
 928   736 300.9  89  2.3  0.00 6410.90
 912   897 300.1  89  1.9  0.00 63 9.34
 891  1100 297.6  67  1.8  0.00 69 7.79
 866  1349 295.8  37  2.6  0.00 70 6.23
 830  1715 293.9  17  3.4  0.00 69 4.67
 786  2188 290.5   4  5.1  0.00 70 3.11
 742  2682 287.3   3  6.5  0.00 71 3.11
2005082801010006  994.6 0.00 0     0.0     0.0   299.5   15.98    97.7     1.2   299.5
 992   144 303.7 119  1.7  0.00 6315.98
 984   218 303.7 116  2.3  0.00 6114.38
 973   319 303.3 103  2.9  0.00 6112.78
 959   448 302.5  99  2.8  0.00 6211.19
 942   609 301.7 101  2.3  0.00 60 9.59
 920   815 299.8  94  1.8  0.00 64 7.99
 894  1066 298.5  59  1.7  0.00 62 6.39
 858  1436 295.9  13  2.8  0.00 64 4.79
 812  1913 292.3 355  4.8  0.00 67 3.20
 766  2411 288.9 355  6.6  0.00 69 3.20
2005082801011006 1003.0 0.00 0     0.0     0.0   300.2   16.41    97.3     1.6   300.2
1000    68 303.6 114  2.3  0.00 6216.41
 992   142 303.7 115  2.9  0.00 6014.77
 981   243 303.4 108  3.3  0.00 6013.13
 967   372 302.6 108  3.0  0.00 6011.48
 949   533 301.7 110  2.4  0.00 58 9.84
 928   739 300.3  89  2.0  0.00 60 8.20
 902   990 298.9  52  1.6  0.00 57 6.56
 865  1360 296.3 358  2.8  0.00 60 4.92
 818  1838 292.8 346  5.2  0.00 64 3.28
 772  2337 289.3 348  7.0  0.00 67 3.28
2005082801012006 1004.3 0.00 0     0.0     0.0   300.8   17.01    99.1     1.9   300.8
1001    54 303.1 113  2.8  0.00 6417.01
 993   127 303.3 117  3.2  0.00 6115.31
 982   228 303.0 116  3.2  0.00 6013.61
 968   357 302.0 116  2.8  0.00 6311.91
 951   518 301.5 111  2.4  0.00 5610.21
 929   723 300.5  92  1.9  0.00 53 8.50
 903   974 298.9  36  1.4  0.00 54 6.80
 866  1344 296.3 345  3.1  0.00 56 5.10
 819  1821 292.8 338  5.7  0.00 62 3.40
 773  2320 289.3 342  7.3  0.00 66 3.40
2005082801013006 1006.6 0.00 0     0.0     0.0   302.3   18.59   120.2     2.5   302.3
1004    31 303.2 118  3.0  0.00 6718.59
 995   105 302.7 122  3.0  0.00 6716.73
 984   205 302.4 129  2.9  0.00 6614.87
 970   334 301.9 124  2.6  0.00 6213.01
 953   495 301.4 114  2.1  0.00 5411.15
 931   700 300.5  80  1.3  0.00 51 9.29
 905   950 298.9   9  1.6  0.00 52 7.43
 868  1320 296.3 338  3.6  0.00 55 5.58
 821  1798 292.9 334  6.1  0.00 61 3.72
 775  2297 289.4 337  7.5  0.00 66 3.72
2005082801014006 1006.4 0.00 0     0.0     0.0   302.4   19.06   128.3     2.3   302.4
1004    30 302.7 127  2.5  0.00 6919.06
 995   104 302.2 129  2.4  0.00 7017.16
 984   205 301.8 132  2.3  0.00 6715.25
 970   332 301.5 125  2.0  0.00 5613.34
 952   493 301.1 106  1.1  0.00 5111.44
 931   698 300.3  25  1.0  0.00 49 9.53
 905   948 298.8 350  2.4  0.00 51 7.63
 868  1317 296.2 335  4.4  0.00 54 5.72
 821  1795 292.8 331  6.5  0.00 60 3.81
 775  2294 289.4 333  7.6  0.00 66 3.81
2005082801001007  799.9 0.00 0     0.0     0.0   291.1   13.61    51.2     3.3   291.1
 797  2037 292.9  58  4.5  0.00 7813.61
 791  2107 292.5  61  5.2  0.00 7912.25
 782  2202 291.6  61  5.8  0.00 8010.89
 771  2324 291.1  58  6.5  0.00 77 9.53
 758  2477 290.3  54  6.9  0.00 76 8.17
 741  2671 289.3  50  7.4  0.00 75 6.81
 720  2909 287.5  43  7.0  0.00 76 5.44
 691  3259 284.8  31  6.2  0.00 77 4.08
 655  3710 281.9  17  6.0  0.00 71 2.72
 618  4180 278.7  16  5.3  0.00 62 2.72
2005082801002007  804.8 0.00 0     0.0     0.0   291.4   13.56    52.5     3.4   291.4
 802  1985 292.1  63  4.3  0.00 8113.56
 796  2055 292.0  61  5.7  0.00 8012.20
 787  2151 291.6  60  6.1  0.00 7710.85
 776  2272 291.1  56  6.5  0.00 76 9.49
 762  2425 290.4  51  7.1  0.00 74 8.14
 745  2620 289.3  46  7.2  0.00 73 6.78
 724  2857 287.6  39  7.1  0.00 74 5.42
 695  3207 285.0  29  6.6  0.00 73 4.07
 659  3659 282.1  16  6.4  0.00 67 2.71
 622  4129 279.1  14  5.7  0.00 58 2.71
2005082801003007  808.8 0.00 0     0.0     0.0   291.9   13.68    54.0     3.3   291.9
 806  1944 292.6  63  4.1  0.00 7913.68
 800  2014 293.0  63  5.7  0.00 7512.32
 791  2110 292.4  60  6.0  0.00 7310.95
 780  2232 291.6  55  6.3  0.00 73 9.58
 766  2385 290.9  51  6.9  0.00 71 8.21
 749  2579 289.2  43  6.9  0.00 72 6.84
 728  2817 287.6  35  7.0  0.00 71 5.47
 699  3167 285.1  26  6.9  0.00 69 4.11
 662  3618 282.2  16  6.7  0.00 62 2.74
 625  4089 279.3  13  6.1  0.00 55 2.74
2005082801004007  815.5 0.00 0     0.0     0.0   292.6   13.97    57.2     3.0   292.6
 813  1875 292.8  66  3.8  0.00 7813.97
 806  1945 293.0  63  5.1  0.00 7512.57
 797  2041 292.5  59  5.4  0.00 7311.18
 786  2163 291.7  52  5.6  0.00 72 9.78
 772  2316 290.8  46  6.1  0.00 71 8.38
 755  2510 289.3  39  6.4  0.00 71 6.99
 734  2748 287.7  32  6.7  0.00 70 5.59
 704  3098 285.3  24  6.9  0.00 67 4.19
 667  3550 282.5  16  7.0  0.00 60 2.79
 630  4022 279.7  13  6.5  0.00 53 2.79
2005082801005007  824.7 0.00 0     0.0     0.0   293.7   14.33    61.1     2.4   293.7
 822  1779 293.3  69  2.9  0.00 7714.33
 815  1850 293.3  63  4.0  0.00 7512.90
 806  1945 292.8  58  4.4  0.00 7411.47
 795  2068 292.0  51  4.8  0.00 7310.03
 781  2221 291.0  43  5.3  0.00 72 8.60
 763  2416 289.7  35  5.9  0.00 71 7.17
 742  2654 288.0  28  6.5  0.00 70 5.73
 712  3005 285.7  22  6.9  0.00 68 4.30
 674  3458 282.9  16  7.2  0.00 61 2.87
 637  3931 280.2  13  6.9  0.00 54 2.87
2005082801006007  846.1 0.00 0     0.0     0.0   295.4   14.99    64.4     1.8   295.4
 843  1559 294.7  83  1.8  0.00 7514.99
 836  1630 294.7  71  2.8  0.00 7413.49
 827  1726 294.0  62  3.2  0.00 7311.99
 815  1849 293.2  53  3.7  0.00 7310.49
 801  2004 292.2  44  4.3  0.00 72 9.00
 783  2200 290.9  33  4.9  0.00 71 7.50
 761  2440 289.3  25  5.7  0.00 71 6.00
 730  2793 286.8  19  6.6  0.00 70 4.50
 692  3249 284.0  14  7.3  0.00 66 3.00
 653  3726 281.3  13  7.2  0.00 58 3.00
2005082801007007  896.1 0.00 0     0.0     0.0   297.8   15.79    79.6     1.1   297.8
 893  1060 298.3 113  1.5  0.00 7015.79
 886  1132 298.2 103  2.1  0.00 6914.21
 876  1230 297.6  85  2.1  0.00 6912.63
 864  1355 296.7  70  2.3  0.00 6911.05
 848  1513 295.6  54  2.7  0.00 70 9.47
 829  1712 294.2  44  3.3  0.00 70 7.90
 806  1956 292.4  29  4.1  0.00 70 6.32
 773  2315 289.9  18  5.3  0.00 71 4.74
 732  2779 286.8  13  6.8  0.00 70 3.16
 691  3263 283.9  10  7.3  0.00 67 3.16
2005082801008007  952.6 0.00 0     0.0     0.0   299.7   16.30   103.1     0.9   299.7
 950   523 302.2 115  1.9  0.00 6116.30
 942   596 302.1 116  2.6  0.00 6114.67
 931   696 301.6 108  2.8  0.00 6113.04
 918   823 300.5 109  2.5  0.00 6411.41
 902   983 299.5 100  1.9  0.00 65 9.78
 881  1187 298.2  77  2.5  0.00 66 8.15
 857  1436 296.2  52  2.8  0.00 69 6.52
 821  1802 293.3  20  3.5  0.00 71 4.89
 778  2274 290.0   9  5.6  0.00 71 3.26
 734  2766 286.8   7  7.1  0.00 71 3.26
2005082801009007  983.7 0.00 0     0.0     0.0   300.4   16.84    97.9     1.2   300.4
 981   238 303.6 111  2.3  0.00 6116.84
 973   312 303.6 111  3.3  0.00 6015.16
 962   413 303.1 107  3.9  0.00 6013.47
 948   541 302.2 108  3.5  0.00 6111.79
 931   702 300.7 114  2.4  0.00 6610.10
 910   907 300.1  97  2.7  0.00 60 8.42
 884  1158 298.1  68  2.4  0.00 64 6.74
 848  1527 295.2  21  2.5  0.00 69 5.05
 803  2004 291.7   1  4.7  0.00 71 3.37
 757  2500 288.4   2  6.9  0.00 71 3.37
2005082801010007  995.8 0.00 0     0.0     0.0   300.7   17.42    94.4     1.9   300.7
 993   128 303.4 105  2.8  0.00 6517.42
 985   202 303.5 108  3.8  0.00 6215.68
 974   303 303.2 108  4.2  0.00 6213.94
 960   431 302.2 111  3.8  0.00 6512.20
 943   593 301.1 112  3.2  0.00 6410.45
 921   798 300.4  99  2.7  0.00 58 8.71
 895  1049 298.7  69  1.9  0.00 60 6.97
 858  1419 295.9   5  2.4  0.00 64 5.23
 812  1897 292.3 349  4.8  0.00 69 3.48
 766  2395 288.9 354  6.9  0.00 71 3.48
2005082801011007 1002.2 0.00 0     0.0     0.0   300.9   17.95    95.7     2.4   300.9
 999    73 303.0 106  3.4  0.00 6717.95
 991   147 303.2 109  3.9  0.00 6416.15
 980   247 302.9 112  4.0  0.00 6314.36
 966   376 301.9 114  3.4  0.00 6612.56
 948   537 301.6 108  3.5  0.00 5610.77
 927   742 300.6  93  2.5  0.00 54 8.97
 901   993 299.0  48  1.6  0.00 56 7.18
 864  1364 296.3 348  3.0  0.00 60 5.38
 818  1842 292.7 340  5.4  0.00 66 3.59
 771  2341 289.2 346  7.3  0.00 69 3.59
2005082801012007 1006.0 0.00 0     0.0     0.0   302.2   19.02   108.2     3.1   302.2
1003    36 303.2 109  3.6  0.00 6919.02
 995   110 302.7 111  3.6  0.00 6917.12
 983   211 302.2 116  3.4  0.00 6815.21
 969   339 301.7 113  3.5  0.00 6413.31
 952   501 301.4 105  3.2  0.00 5611.41
 930   705 300.6  85  2.2  0.00 52 9.51
 904   956 299.1  25  1.7  0.00 53 7.61
 867  1327 296.4 340  3.6  0.00 57 5.71
 821  1805 292.9 335  6.1  0.00 64 3.80
 774  2304 289.4 340  7.6  0.00 68 3.80
2005082801013007 1006.4 0.00 0     0.0     0.0   302.3   19.31   113.4     3.0   302.3
1004    30 302.8 114  3.3  0.00 7019.31
 995   104 302.3 115  3.1  0.00 7117.38
 984   205 301.9 118  3.1  0.00 6915.45
 970   333 301.5 109  3.2  0.00 6013.52
 952   494 301.2  97  2.5  0.00 5311.59
 931   698 300.5  61  1.7  0.00 50 9.65
 905   949 298.9   6  2.2  0.00 52 7.72
 867  1319 296.3 337  4.2  0.00 56 5.79
 821  1797 292.9 332  6.5  0.00 62 3.86
 775  2296 289.5 336  7.7  0.00 67 3.86
2005082801014007 1006.2 0.00 0     0.0     0.0   302.3   19.10   119.0     2.4   302.3
1003    30 302.4 119  2.4  0.00 7019.10
 995   104 302.0 120  2.3  0.00 7217.19
 984   204 301.4 114  2.3  0.00 6815.28
 970   332 301.2 100  2.1  0.00 5813.37
 952   493 301.0  69  1.6  0.00 5111.46
 931   697 300.3  24  1.9  0.00 49 9.55
 905   948 298.7 356  3.0  0.00 51 7.64
 867  1317 296.2 337  4.8  0.00 55 5.73
 821  1794 292.9 330  6.6  0.00 60 3.82
 775  2293 289.5 333  7.6  0.00 66 3.82
2005082801001008  802.4 0.00 0     0.0     0.0   292.1   13.87    55.2     3.5   292.1
 800  2011 292.6  59  4.1  0.00 8013.87
 793  2081 292.5  69  5.8  0.00 7812.49
 785  2176 292.0  67  6.3  0.00 7611.10
 774  2298 291.3  63  6.7  0.00 75 9.71
 760  2451 290.4  60  7.4  0.00 74 8.32
 743  2645 289.2  51  7.3  0.00 75 6.94
 722  2883 287.4  42  6.8  0.00 76 5.55
 693  3233 284.9  28  6.1  0.00 76 4.16
 657  3684 282.0  13  6.1  0.00 67 2.77
 620  4154 278.9  13  5.5  0.00 59 2.77
2005082801002008  814.1 0.00 0     0.0     0.0   292.5   13.95    59.2     3.4   292.5
 811  1887 293.1  67  3.7  0.00 7913.95
 805  1957 293.4  68  5.5  0.00 7412.56
 796  2053 293.1  66  6.0  0.00 7211.16
 785  2175 292.3  61  6.4  0.00 72 9.77
 771  2329 291.5  57  7.3  0.00 71 8.37
 754  2524 289.8  49  7.0  0.00 73 6.98
 733  2762 288.0  41  6.9  0.00 74 5.58
 703  3113 285.5  29  6.5  0.00 74 4.19
 666  3566 282.6  15  6.4  0.00 65 2.79
 629  4038 279.6  12  6.0  0.00 57 2.79
2005082801003008  832.7 0.00 0     0.0     0.0   293.4   14.39    63.2     2.9   293.4
 830  1693 293.9  73  3.0  0.00 7814.39
 823  1763 294.1  69  4.5  0.00 7512.95
 814  1860 293.7  66  5.0  0.00 7311.51
 803  1983 293.2  62  5.5  0.00 7010.07
 788  2137 292.2  56  6.0  0.00 70 8.63
 771  2333 290.8  48  6.4  0.00 71 7.20
 749  2572 289.0  39  6.6  0.00 71 5.76
 719  2925 286.5  28  6.7  0.00 71 4.32
 681  3380 283.6  17  6.8  0.00 64 2.88
 643  3855 280.7  12  6.3  0.00 56 2.88
2005082801004008  851.5 0.00 0     0.0     0.0   294.6   15.02    64.4     2.4   294.6
 849  1500 295.2  83  2.7  0.00 7715.02
 842  1571 295.4  72  4.1  0.00 7413.52
 833  1668 294.8  67  4.4  0.00 7212.02
 821  1792 294.1  61  4.7  0.00 7110.52
 806  1947 293.1  54  5.3  0.00 70 9.01
 788  2144 291.8  46  5.5  0.00 69 7.51
 766  2385 290.0  37  6.0  0.00 70 6.01
 735  2739 287.5  27  6.5  0.00 70 4.51
 696  3197 284.6  17  7.0  0.00 64 3.00
 657  3674 281.7  13  6.7  0.00 57 3.00
2005082801005008  865.0 0.00 0     0.0     0.0   296.1   15.63    69.2     1.9   296.1
 862  1364 296.4  95  2.2  0.00 7115.63
 855  1436 296.7  81  3.4  0.00 6714.06
 846  1533 296.1  75  3.7  0.00 6512.50
 834  1657 295.1  66  4.0  0.00 6610.94
 819  1813 294.1  56  4.5  0.00 66 9.38
 800  2011 292.5  43  4.8  0.00 69 7.81
 778  2252 290.7  33  5.3  0.00 70 6.25
 747  2608 288.1  24  6.2  0.00 70 4.69
 707  3067 285.2  16  7.1  0.00 66 3.13
 668  3547 282.4  12  7.1  0.00 59 3.13
2005082801006008  898.2 0.00 0     0.0     0.0   298.5   16.27    91.3     1.3   298.5
 895  1036 298.6 117  1.7  0.00 6916.27
 888  1108 298.6 103  2.5  0.00 6714.64
 878  1206 298.1  91  3.1  0.00 6713.01
 866  1332 297.2  81  3.4  0.00 6611.39
 850  1489 296.2  70  3.6  0.00 65 9.76
 831  1689 294.7  53  3.6  0.00 66 8.13
 808  1933 292.8  35  4.2  0.00 68 6.51
 775  2293 290.1  22  5.3  0.00 71 4.88
 734  2757 287.0  15  6.9  0.00 70 3.25
 693  3242 284.0  11  7.4  0.00 64 3.25
2005082801007008  947.3 0.00 0     0.0     0.0   300.9   16.73   110.2     1.2   300.9
 944   567 302.2 121  2.3  0.00 6116.73
 937   640 302.0 120  3.3  0.00 6215.05
 926   740 301.7 111  3.2  0.00 6113.38
 913   867 300.9 103  3.6  0.00 6111.71
 897  1028 299.7  95  3.7  0.00 6310.04
 876  1231 298.1  83  3.1  0.00 65 8.36
 852  1479 296.1  56  2.8  0.00 67 6.69
 817  1845 293.2  25  3.8  0.00 70 5.02
 773  2316 289.8  12  6.1  0.00 71 3.35
 730  2808 286.6   9  7.5  0.00 70 3.35
2005082801008008  978.2 0.00 0     0.0     0.0   302.1   17.12   106.9     1.4   302.1
 975   281 304.1 111  3.1  0.00 5617.12
 967   354 303.6 114  4.1  0.00 5915.41
 956   455 302.9 120  3.5  0.00 6113.70
 943   583 302.6 110  4.6  0.00 5711.99
 926   745 301.5 108  4.3  0.00 5910.27
 905   950 300.0 102  3.6  0.00 61 8.56
 879  1200 298.1  84  2.7  0.00 64 6.85
 843  1570 295.0  31  2.3  0.00 70 5.14
 798  2046 291.4   6  4.9  0.00 72 3.42
 753  2542 288.1   6  7.5  0.00 72 3.42
2005082801009008  990.5 0.00 0     0.0     0.0   302.3   17.87   100.4     1.8   302.3
 987   170 304.0 108  3.1  0.00 6017.87
 979   244 304.1 112  3.9  0.00 5816.08
 968   345 303.1 117  3.7  0.00 6414.30
 954   473 302.7 111  4.8  0.00 5812.51
 937   635 302.0 108  4.6  0.00 5510.72
 916   840 300.7 102  3.6  0.00 56 8.94
 890  1091 298.8  82  2.5  0.00 60 7.15
 854  1461 295.8  20  2.0  0.00 67 5.36
 808  1939 292.1 355  4.6  0.00 71 3.57
 762  2437 288.7 359  7.3  0.00 73 3.57
2005082801010008  999.4 0.00 0     0.0     0.0   302.3   18.67    98.6     2.4   302.3
 996    90 303.6 107  3.5  0.00 6718.67
 988   164 303.4 112  3.8  0.00 6616.80
 977   265 302.9 115  3.9  0.00 6614.93
 963   394 302.5 111  4.6  0.00 6013.07
 946   556 302.1 105  4.4  0.00 5311.20
 924   761 301.0  95  3.2  0.00 53 9.33
 898  1012 299.2  64  2.1  0.00 56 7.47
 861  1383 296.3 359  2.5  0.00 63 5.60
 815  1861 292.6 345  5.1  0.00 69 3.73
 769  2360 289.1 352  7.4  0.00 72 3.73
2005082801011008 1005.1 0.00 0     0.0     0.0   302.7   19.62   108.5     3.5   302.7
1002    44 303.4 109  4.1  0.00 6919.62
 994   118 302.9 110  4.0  0.00 7017.65
 982   219 302.4 113  4.2  0.00 6815.69
 968   347 302.3 108  4.8  0.00 6113.73
 951   509 301.9 101  4.1  0.00 5311.77
 929   714 300.9  84  2.9  0.00 52 9.81
 903   965 299.3  38  2.1  0.00 54 7.85
 866  1336 296.6 346  3.4  0.00 60 5.88
 820  1814 292.9 339  5.8  0.00 67 3.92
 773  2314 289.4 345  7.6  0.00 71 3.92
2005082801012008 1006.4 0.00 0     0.0     0.0   302.4   19.80   107.8     3.6   302.4
1003    30 302.9 109  4.0  0.00 7219.80
 995   104 302.3 109  3.7  0.00 7417.82
 984   205 301.9 110  4.1  0.00 7015.84
 970   333 301.7 105  4.4  0.00 6213.86
 952   494 301.5  95  3.6  0.00 5411.88
 931   699 300.7  69  2.5  0.00 51 9.90
 904   950 299.1  17  2.3  0.00 53 7.92
 867  1320 296.5 340  4.2  0.00 58 5.94
 821  1799 293.0 335  6.5  0.00 64 3.96
 774  2298 289.5 340  7.9  0.00 69 3.96
2005082801013008 1006.2 0.00 0     0.0     0.0   302.3   19.55   108.5     3.2   302.3
1004    30 302.7 110  3.3  0.00 7419.55
 995   104 302.0 110  3.1  0.00 7417.60
 983   205 301.5 106  3.4  0.00 7115.64
 969   333 301.2  98  3.5  0.00 6213.69
 952   494 301.1  80  2.8  0.00 5311.73
 930   698 300.5  46  2.3  0.00 50 9.78
 904   949 298.9   4  2.9  0.00 52 7.82
 867  1318 296.3 338  4.7  0.00 56 5.87
 821  1796 293.0 333  6.7  0.00 62 3.91
 774  2296 289.6 336  7.8  0.00 67 3.91
2005082801014008 1006.0 0.00 0     0.0     0.0   302.3   19.22   108.1     2.5   302.3
1003    30 302.4 110  2.2  0.00 7319.22
 994   104 301.8 107  2.3  0.00 7217.30
 983   204 301.2  98  2.4  0.00 7015.38
 969   332 300.9  80  2.5  0.00 6113.46
 952   493 300.9  53  2.4  0.00 5211.53
 930   697 300.3  22  2.7  0.00 49 9.61
 904   947 298.7 358  3.5  0.00 51 7.69
 867  1317 296.2 339  5.0  0.00 55 5.77
 821  1794 293.0 331  6.7  0.00 60 3.84
 774  2293 289.7 333  7.6  0.00 65 3.84
2005082801001009  817.4 0.00 0     0.0     0.0   293.3   14.10    65.6     3.2   293.3
 815  1851 293.9  77  3.8  0.00 7614.10
 808  1921 294.0  78  5.4  0.00 7312.69
 799  2018 293.7  75  6.0  0.00 7111.28
 788  2140 292.8  70  6.5  0.00 71 9.87
 774  2294 291.9  65  7.2  0.00 72 8.46
 757  2490 290.2  57  7.1  0.00 73 7.05
 736  2729 288.3  48  6.8  0.00 75 5.64
 706  3080 285.7  33  6.2  0.00 77 4.23
 669  3533 282.8  15  6.4  0.00 69 2.82
 632  4006 279.8  11  6.2  0.00 60 2.82
2005082801002009  837.6 0.00 0     0.0     0.0   294.1   14.46    70.6     2.9   294.1
 835  1640 294.9  82  3.3  0.00 7514.46
 828  1711 294.9  79  4.4  0.00 7313.02
 819  1808 294.5  77  5.0  0.00 7011.57
 807  1931 293.9  70  5.6  0.00 6910.12
 793  2086 293.0  64  6.0  0.00 70 8.68
 775  2282 291.5  56  6.5  0.00 72 7.23
 754  2523 289.5  48  6.7  0.00 74 5.78
 723  2876 286.9  35  6.6  0.00 75 4.34
 685  3333 284.0  19  6.6  0.00 69 2.89
 647  3809 281.1  11  6.5  0.00 58 2.89
2005082801003009  858.0 0.00 0     0.0     0.0   295.2   15.10    70.5     2.5   295.2
 855  1432 296.0  91  2.7  0.00 7515.10
 848  1504 296.0  83  3.9  0.00 7313.59
 839  1601 295.5  77  4.6  0.00 7112.08
 827  1725 294.8  71  5.0  0.00 6910.57
 812  1881 293.9  64  5.5  0.00 69 9.06
 794  2078 292.6  55  5.7  0.00 70 7.55
 772  2320 290.7  45  6.1  0.00 71 6.04
 741  2676 288.0  33  6.6  0.00 73 4.53
 701  3135 285.1  20  6.9  0.00 68 3.02
 662  3614 282.2  13  6.7  0.00 59 3.02
2005082801004009  877.0 0.00 0     0.0     0.0   296.5   15.78    72.8     2.0   296.5
 874  1242 297.3  98  2.2  0.00 7315.78
 867  1314 297.4  83  3.1  0.00 7014.20
 858  1412 297.0  78  3.8  0.00 6612.62
 845  1537 296.3  72  4.4  0.00 6311.04
 830  1693 295.3  66  5.0  0.00 63 9.47
 812  1892 293.7  56  5.0  0.00 66 7.89
 789  2135 291.7  43  5.4  0.00 71 6.31
 757  2493 289.0  30  6.2  0.00 73 4.73
 717  2954 286.0  19  7.1  0.00 68 3.16
 677  3436 283.1  14  7.0  0.00 59 3.16
2005082801005009  916.4 0.00 0     0.0     0.0   298.7   16.54    84.1     1.4   298.7
 914   857 300.3 109  2.1  0.00 6616.54
 906   930 300.3  98  2.9  0.00 6614.89
 896  1029 299.5  93  3.0  0.00 6713.23
 883  1155 298.7  85  3.6  0.00 6511.58
 868  1314 297.6  75  4.2  0.00 64 9.92
 848  1515 296.4  64  4.3  0.00 62 8.27
 824  1761 294.4  49  4.3  0.00 65 6.62
 791  2123 291.4  32  5.2  0.00 71 4.96
 749  2591 288.1  19  6.8  0.00 72 3.31
 707  3078 285.1  13  7.5  0.00 65 3.31
2005082801006009  958.0 0.00 0     0.0     0.0   301.1   16.97   109.6     1.4   301.1
 955   464 303.3 116  2.7  0.00 5916.97
 948   538 303.3 113  3.8  0.00 5815.27
 937   639 302.6 106  3.8  0.00 6013.58
 924   767 301.5 103  3.7  0.00 6211.88
 907   927 300.7  95  4.3  0.00 6110.18
 886  1132 299.4  85  3.8  0.00 60 8.48
 862  1381 297.4  66  3.2  0.00 62 6.79
 826  1748 294.2  37  3.8  0.00 67 5.09
 782  2222 290.5  19  5.8  0.00 73 3.39
 738  2716 287.2  12  7.6  0.00 72 3.39
2005082801007009  979.2 0.00 0     0.0     0.0   302.6   17.33   108.8     1.8   302.6
 976   269 304.5 112  3.5  0.00 5617.33
 968   343 304.3 115  4.3  0.00 5615.60
 958   444 303.6 113  4.7  0.00 5913.87
 944   572 302.9 111  4.9  0.00 5912.13
 927   734 302.0 108  5.0  0.00 5710.40
 906   939 300.6 103  4.1  0.00 58 8.67
 881  1190 298.6  87  2.9  0.00 62 6.93
 844  1560 295.5  39  2.5  0.00 67 5.20
 799  2037 291.7  11  5.1  0.00 73 3.47
 754  2534 288.2   9  7.7  0.00 74 3.47
2005082801008009  987.0 0.00 0     0.0     0.0   303.4   17.73   104.3     2.1   303.4
 984   197 303.9 109  3.5  0.00 6217.73
 976   271 304.5 112  4.9  0.00 5515.96
 965   372 304.1 112  5.4  0.00 5414.19
 951   501 303.2 110  5.9  0.00 5412.41
 934   662 302.3 110  5.3  0.00 5410.64
 913   868 300.9 106  4.2  0.00 55 8.87
 887  1119 299.0  92  2.8  0.00 60 7.09
 851  1489 295.8  31  1.7  0.00 68 5.32
 805  1967 292.0   0  4.7  0.00 72 3.55
 760  2465 288.5   4  7.8  0.00 75 3.55
2005082801009009  991.2 0.00 0     0.0     0.0   303.3   18.56   101.6     2.4   303.3
 988   159 303.7 109  3.2  0.00 6618.56
 980   233 304.0 110  4.9  0.00 6016.70
 969   334 303.7 108  5.8  0.00 5614.85
 955   463 303.1 107  5.7  0.00 5312.99
 938   624 302.3 104  5.1  0.00 5111.13
 917   829 301.0  97  3.8  0.00 53 9.28
 891  1081 299.1  75  2.4  0.00 58 7.42
 854  1451 296.0   7  2.0  0.00 66 5.57
 809  1929 292.2 350  5.0  0.00 71 3.71
 763  2427 288.7 357  7.8  0.00 74 3.71
2005082801010009 1001.2 0.00 0     0.0     0.0   302.8   19.30   101.0     2.7   302.8
 998    79 303.6 107  3.8  0.00 6819.30
 990   153 303.4 111  4.3  0.00 6817.37
 979   254 303.2 108  5.4  0.00 6115.44
 965   382 302.9 105  5.4  0.00 5513.51
 947   544 302.3  99  4.7  0.00 5011.58
 926   749 301.2  86  3.5  0.00 51 9.65
 900  1001 299.5  52  2.4  0.00 54 7.72
 863  1371 296.6 354  2.9  0.00 62 5.79
 817  1850 292.8 344  5.5  0.00 69 3.86
 770  2350 289.3 351  7.8  0.00 73 3.86
2005082801011009 1006.4 0.00 0     0.0     0.0   303.1   20.14   109.0     3.7   303.1
1004    30 303.5 109  4.1  0.00 7320.14
 995   104 302.8 109  4.0  0.00 7318.12
 984   205 302.4 107  4.9  0.00 6716.11
 969   334 302.2 102  5.0  0.00 5914.10
 952   495 301.9  92  4.2  0.00 5212.08
 930   700 301.1  71  3.1  0.00 5010.07
 904   952 299.5  28  2.6  0.00 53 8.06
 867  1322 296.8 347  4.0  0.00 59 6.04
 821  1801 293.1 340  6.3  0.00 66 4.03
 774  2301 289.6 345  8.0  0.00 71 4.03
2005082801012009 1006.2 0.00 0     0.0     0.0   302.5   20.01   105.8     3.8   302.5
1003    30 302.7 107  3.7  0.00 7520.01
 994   104 302.1 106  3.8  0.00 7518.01
 983   205 301.7 104  4.4  0.00 6916.01
 969   333 301.5  97  4.4  0.00 6114.01
 952   494 301.4  82  3.6  0.00 5312.01
 930   699 300.7  53  2.9  0.00 5010.01
 904   950 299.2  12  3.1  0.00 52 8.01
 867  1320 296.6 343  4.9  0.00 57 6.00
 821  1798 293.1 337  6.9  0.00 63 4.00
 774  2298 289.6 341  8.2  0.00 68 4.00
2005082801013009 1006.0 0.00 0     0.0     0.0   302.4   19.66   103.1     3.3   302.4
1003    30 302.4 105  3.1  0.00 7519.66
 994   104 301.9 102  3.2  0.00 7417.70
 983   205 301.3  97  3.5  0.00 7115.73
 969   333 301.1  86  3.6  0.00 6313.76
 952   493 301.1  66  3.1  0.00 5311.80
 930   698 300.5  35  2.9  0.00 49 9.83
 904   948 298.9   3  3.5  0.00 51 7.87
 867  1318 296.4 341  5.2  0.00 55 5.90
 821  1796 293.1 335  7.0  0.00 61 3.93
 774  2296 289.7 337  8.0  0.00 66 3.93
2005082801014009 1005.9 0.00 0     0.0     0.0   302.3   19.35    97.0     2.5   302.3
1003    30 302.2  97  2.2  0.00 7419.35
 994   104 301.7  91  2.3  0.00 7317.42
 983   204 301.1  84  2.5  0.00 7115.48
 969   332 300.8  66  2.8  0.00 6313.55
 952   493 300.8  43  3.0  0.00 5311.61
 930   697 300.3  20  3.3  0.00 49 9.68
 904   947 298.7   0  4.0  0.00 51 7.74
 867  1317 296.2 342  5.3  0.00 54 5.81
 821  1794 293.1 334  6.8  0.00 59 3.87
 774  2293 289.8 334  7.7  0.00 64 3.87
2005082801001010  848.0 0.00 0     0.0     0.0   295.1   14.73    75.5     2.7   295.1
 845  1532 296.7  91  3.6  0.00 7014.73
 839  1603 296.5  86  4.7  0.00 6913.25
 829  1700 295.7  84  4.8  0.00 6911.78
 818  1824 295.0  79  5.6  0.00 6810.31
 803  1980 293.9  73  6.0  0.00 69 8.84
 785  2177 292.4  67  6.7  0.00 72 7.36
 763  2419 290.5  59  6.7  0.00 74 5.89
 732  2774 287.7  45  6.4  0.00 77 4.42
 693  3233 284.6  22  6.6  0.00 74 2.95
 655  3711 281.7  11  7.1  0.00 63 2.95
2005082801002010  873.8 0.00 0     0.0     0.0   296.4   15.25    81.3     2.5   296.4
 871  1271 297.9  96  3.3  0.00 7015.25
 864  1343 297.9  92  4.4  0.00 6713.73
 855  1441 297.3  89  4.3  0.00 6712.20
 843  1566 296.5  81  5.1  0.00 6610.68
 828  1723 295.5  74  5.3  0.00 67 9.15
 809  1922 294.0  66  6.0  0.00 69 7.63
 786  2165 292.1  58  6.1  0.00 72 6.10
 754  2524 289.2  45  6.4  0.00 76 4.58
 714  2986 286.0  26  6.7  0.00 74 3.05
 674  3468 283.1  13  7.1  0.00 64 3.05
2005082801003010  884.0 0.00 0     0.0     0.0   297.5   15.92    84.6     2.4   297.5
 881  1170 298.4 105  2.8  0.00 6915.92
 874  1242 298.5  98  3.7  0.00 6814.33
 864  1341 298.0  90  4.1  0.00 6512.74
 852  1466 297.4  82  4.9  0.00 6211.14
 837  1623 296.3  74  5.4  0.00 62 9.55
 818  1823 294.7  65  5.4  0.00 65 7.96
 795  2067 292.5  52  5.5  0.00 71 6.37
 763  2426 289.6  39  6.2  0.00 75 4.78
 722  2889 286.5  24  7.0  0.00 72 3.18
 682  3372 283.6  15  7.1  0.00 62 3.18
2005082801004010  894.0 0.00 0     0.0     0.0   298.5   16.51    90.0     1.8   298.5
 891  1073 299.0 114  2.4  0.00 6916.51
 884  1145 299.1 103  3.3  0.00 6614.86
 874  1244 298.5  93  3.6  0.00 6513.21
 862  1369 297.6  86  4.2  0.00 6311.56
 846  1527 296.6  78  4.9  0.00 62 9.90
 827  1727 294.9  69  4.7  0.00 65 8.25
 804  1971 292.9  52  4.8  0.00 70 6.60
 771  2331 290.0  35  5.7  0.00 75 4.95
 730  2795 286.8  21  7.2  0.00 73 3.30
 689  3280 284.0  14  7.6  0.00 62 3.30
2005082801005010  952.9 0.00 0     0.0     0.0   300.8   17.15   102.0     1.4   300.8
 950   509 303.4 117  2.2  0.00 5917.15
 943   583 303.5 109  3.2  0.00 5715.44
 932   683 303.0 104  3.8  0.00 5713.72
 919   811 301.5 101  4.0  0.00 6312.01
 902   972 300.6  95  4.2  0.00 6110.29
 882  1176 299.4  87  4.1  0.00 58 8.58
 857  1425 297.3  73  3.8  0.00 61 6.86
 822  1792 294.1  45  4.0  0.00 68 5.15
 778  2266 290.3  22  5.9  0.00 76 3.43
 734  2759 287.0  14  7.8  0.00 73 3.43
2005082801006010  994.9 0.00 0     0.0     0.0   302.5   17.58   100.2     1.7   302.5
 992   127 305.7 111  3.1  0.00 5617.58
 984   202 305.8 109  4.3  0.00 5515.82
 973   303 305.4 105  5.1  0.00 5414.06
 959   433 304.7 108  4.5  0.00 5312.31
 942   595 303.2 109  4.1  0.00 5810.55
 921   802 302.1 102  4.5  0.00 55 8.79
 895  1055 300.1  95  3.6  0.00 59 7.03
 858  1427 297.0  61  2.6  0.00 63 5.27
 812  1906 292.9  20  4.4  0.00 72 3.52
 766  2406 289.1  12  7.4  0.00 78 3.52
2005082801007010  994.2 0.00 0     0.0     0.0   303.5   17.90    98.0     2.4   303.5
 991   132 305.4 104  3.9  0.00 5617.90
 983   206 305.4 108  4.8  0.00 5516.11
 972   307 304.9 110  5.5  0.00 5514.32
 958   437 304.0 111  5.6  0.00 5612.53
 941   599 303.2 110  5.5  0.00 5110.74
 920   805 301.8 106  4.8  0.00 53 8.95
 894  1057 299.9  98  3.2  0.00 57 7.16
 857  1429 296.8  48  1.8  0.00 64 5.37
 811  1908 292.8   5  4.4  0.00 73 3.58
 765  2407 289.0   6  7.7  0.00 78 3.58
2005082801008010  993.6 0.00 0     0.0     0.0   304.0   18.29    99.8     2.8   304.0
 990   137 304.6 104  3.9  0.00 6218.29
 982   211 304.5 109  5.1  0.00 5916.46
 971   312 304.4 109  6.0  0.00 5414.63
 957   441 303.7 108  6.3  0.00 5112.80
 940   602 302.8 105  5.9  0.00 5010.97
 919   808 301.6 101  4.3  0.00 52 9.14
 893  1060 299.6  89  2.6  0.00 57 7.31
 856  1431 296.5  16  1.6  0.00 65 5.49
 811  1910 292.6 354  4.8  0.00 73 3.66
 765  2409 288.9   1  8.0  0.00 78 3.66
2005082801009010  995.4 0.00 0     0.0     0.0   303.7   18.93   101.7     2.8   303.7
 992   121 303.9 107  3.7  0.00 6718.93
 984   195 304.0 108  5.2  0.00 6217.03
 973   296 303.8 105  6.4  0.00 5515.14
 959   424 303.3 103  6.1  0.00 5113.25
 942   586 302.6  98  5.3  0.00 4911.36
 920   791 301.4  88  3.9  0.00 51 9.46
 895  1043 299.5  64  2.3  0.00 56 7.57
 858  1414 296.5 356  2.3  0.00 64 5.68
 812  1892 292.6 347  5.3  0.00 71 3.79
 766  2392 289.0 356  8.2  0.00 76 3.79
2005082801010010 1002.7 0.00 0     0.0     0.0   303.0   19.50   102.0     3.0   303.0
1000    63 303.7 108  3.8  0.00 7119.50
 991   137 303.5 108  4.6  0.00 6817.55
 980   238 303.1 104  5.6  0.00 6115.60
 966   367 302.8  99  5.5  0.00 5413.65
 949   528 302.4  90  4.7  0.00 4911.70
 927   733 301.4  73  3.5  0.00 50 9.75
 901   985 299.7  38  2.7  0.00 53 7.80
 864  1356 296.8 352  3.5  0.00 60 5.85
 818  1835 293.1 344  6.0  0.00 68 3.90
 772  2335 289.5 350  8.3  0.00 73 3.90
2005082801011010 1006.1 0.00 0     0.0     0.0   303.2   20.01   107.0     3.9   303.2
1003    30 303.4 108  4.0  0.00 7220.01
 994   104 302.8 106  4.2  0.00 7118.01
 983   205 302.3 102  4.8  0.00 6716.01
 969   334 302.1  94  4.8  0.00 5714.00
 952   495 301.9  80  4.1  0.00 5012.00
 930   700 301.1  55  3.3  0.00 4910.00
 904   951 299.6  20  3.4  0.00 52 8.00
 867  1322 296.9 349  4.7  0.00 57 6.00
 821  1801 293.3 342  6.8  0.00 64 4.00
 774  2301 289.8 346  8.5  0.00 69 4.00
2005082801012010 1005.9 0.00 0     0.0     0.0   302.6   19.85   102.9     3.9   302.6
1003    30 302.6 104  3.8  0.00 7419.85
 994   104 302.1 101  3.9  0.00 7317.86
 983   205 301.6  97  4.1  0.00 6915.88
 969   333 301.4  86  4.1  0.00 6013.89
 952   494 301.5  66  3.6  0.00 5111.91
 930   698 300.7  38  3.3  0.00 49 9.92
 904   949 299.2   9  4.0  0.00 51 7.94
 867  1320 296.7 347  5.5  0.00 56 5.95
 820  1798 293.3 341  7.4  0.00 61 3.97
 774  2298 289.8 342  8.5  0.00 67 3.97
2005082801013010 1005.8 0.00 0     0.0     0.0   302.5   19.64    97.2     3.3   302.5
1002    30 302.4  98  3.0  0.00 7519.64
 994   104 301.9  94  3.1  0.00 7317.68
 983   205 301.2  88  3.3  0.00 7115.71
 969   332 301.0  73  3.4  0.00 6213.75
 952   493 301.1  51  3.3  0.00 5211.78
 930   698 300.4  26  3.5  0.00 49 9.82
 904   948 298.9   3  4.2  0.00 51 7.86
 867  1318 296.5 346  5.7  0.00 55 5.89
 820  1796 293.3 339  7.4  0.00 59 3.93
 774  2296 289.9 339  8.3  0.00 64 3.93
2005082801014010 1005.7 0.00 0     0.0     0.0   302.4   19.42    86.4     2.5   302.4
1002    30 302.3  83  2.1  0.00 7419.42
 994   104 301.8  77  2.2  0.00 7317.48
 983   204 301.1  69  2.4  0.00 7115.54
 969   332 300.8  54  3.0  0.00 6313.60
 952   493 300.7  35  3.4  0.00 5411.65
 930   697 300.2  17  3.7  0.00 49 9.71
 904   947 298.6   1  4.3  0.00 51 7.77
 867  1317 296.2 345  5.6  0.00 54 5.83
 820  1794 293.2 336  7.0  0.00 57 3.88
 774  2294 290.0 336  7.8  0.00 62 3.88
2005082801001011  872.4 0.00 0     0.0     0.0   296.7   15.22    87.9     2.5   296.7
 870  1284 298.3  99  3.5  0.00 6815.22
 863  1356 298.4  95  4.5  0.00 6613.70
 853  1454 297.8  93  4.3  0.00 6612.17
 841  1579 296.9  89  5.5  0.00 6610.65
 826  1736 295.8  85  6.2  0.00 66 9.13
 808  1935 294.2  79  6.8  0.00 69 7.61
 785  2179 292.1  70  6.4  0.00 74 6.09
 753  2537 289.1  55  6.1  0.00 78 4.57
 713  2999 285.9  28  6.5  0.00 77 3.04
 673  3481 283.0  12  7.6  0.00 68 3.04
2005082801002011  894.5 0.00 0     0.0     0.0   297.9   15.77    89.5     2.3   297.9
 892  1066 299.7 102  3.1  0.00 6615.77
 885  1138 299.8  99  4.0  0.00 6414.19
 875  1237 299.2  95  4.0  0.00 6412.62
 862  1363 298.4  88  5.0  0.00 6311.04
 847  1521 297.4  83  5.9  0.00 62 9.46
 828  1722 295.8  78  6.2  0.00 65 7.89
 805  1967 293.5  69  5.9  0.00 71 6.31
 772  2328 290.4  53  6.1  0.00 78 4.73
 731  2793 287.0  30  6.8  0.00 78 3.15
 690  3278 284.2  15  7.5  0.00 67 3.15
2005082801003011  914.0 0.00 0     0.0     0.0   299.5   16.45    95.9     2.2   299.5
 911   876 301.1 106  3.4  0.00 6316.45
 904   949 301.2 104  4.2  0.00 6214.81
 894  1049 300.5 100  4.0  0.00 6213.16
 881  1175 299.6  91  4.6  0.00 6211.52
 865  1334 298.5  84  5.3  0.00 61 9.87
 846  1536 297.0  78  5.4  0.00 61 8.23
 822  1783 294.8  66  5.2  0.00 67 6.58
 789  2146 291.6  48  5.6  0.00 75 4.94
 747  2614 288.0  28  6.9  0.00 78 3.29
 705  3102 285.2  16  7.7  0.00 68 3.29
2005082801004011  938.7 0.00 0     0.0     0.0   301.2   17.06   107.7     2.0   301.2
 936   640 303.1 117  3.3  0.00 5717.06
 928   713 303.2 109  4.3  0.00 5515.35
 918   813 302.0 105  4.2  0.00 6113.65
 905   941 301.4  99  4.4  0.00 5811.94
 889  1101 300.4  92  4.9  0.00 5710.23
 869  1304 298.7  87  4.9  0.00 58 8.53
 844  1553 296.5  74  4.4  0.00 62 6.82
 810  1919 293.2  49  4.7  0.00 71 5.12
 767  2390 289.4  26  6.4  0.00 78 3.41
 723  2882 286.3  16  8.0  0.00 72 3.41
2005082801005011  980.5 0.00 0     0.0     0.0   302.5   17.57   104.7     1.8   302.5
 978   253 305.5 113  3.2  0.00 5617.57
 970   328 305.5 107  4.4  0.00 5415.82
 959   429 305.1 105  4.9  0.00 5314.06
 945   558 304.0 108  4.6  0.00 5512.30
 929   720 302.8 107  4.6  0.00 5610.54
 907   926 301.5 103  4.9  0.00 55 8.79
 882  1178 299.4  96  4.0  0.00 58 7.03
 846  1549 296.3  66  3.3  0.00 63 5.27
 800  2026 292.1  26  4.7  0.00 75 3.51
 755  2524 288.3  13  7.6  0.00 80 3.51
2005082801006011 1003.3 0.00 0     0.0     0.0   303.4   18.05    93.5     2.5   303.4
1001    59 306.5  98  4.0  0.00 5618.05
 993   133 306.4 100  5.3  0.00 5416.25
 981   235 306.1 102  6.2  0.00 5314.44
 967   365 305.2 107  5.2  0.00 5412.64
 950   528 304.2 107  5.7  0.00 5110.83
 928   735 302.9 106  5.2  0.00 50 9.03
 902   988 300.8 105  3.7  0.00 56 7.22
 865  1361 297.8  77  2.1  0.00 61 5.42
 819  1842 293.6  16  3.6  0.00 71 3.61
 772  2344 289.6   8  7.2  0.00 81 3.61
2005082801007011  999.2 0.00 0     0.0     0.0   304.0   18.28    92.4     3.0   304.0
 996    85 305.7  95  4.8  0.00 5818.28
 988   160 305.5 101  5.7  0.00 5816.45
 977   261 304.9 103  7.2  0.00 5814.62
 963   390 304.3 106  6.4  0.00 5412.79
 946   553 303.5 104  6.6  0.00 5010.97
 924   759 302.2 102  5.0  0.00 52 9.14
 898  1012 300.3  98  3.0  0.00 56 7.31
 861  1384 297.3  37  1.4  0.00 63 5.48
 815  1864 293.2 357  4.3  0.00 73 3.66
 769  2365 289.3   2  7.9  0.00 81 3.66
2005082801008011  999.0 0.00 0     0.0     0.0   304.0   18.62    94.8     3.2   304.0
 996    88 304.7  97  4.6  0.00 6218.62
 988   162 304.5 104  5.4  0.00 6216.75
 977   263 304.4 103  7.2  0.00 5514.89
 963   392 303.9 101  7.2  0.00 5113.03
 945   554 303.0  98  6.3  0.00 5011.17
 924   760 301.8  93  4.5  0.00 53 9.31
 898  1012 300.0  81  2.4  0.00 56 7.45
 861  1384 297.0 359  1.7  0.00 64 5.58
 815  1864 293.1 348  5.0  0.00 73 3.72
 769  2364 289.2 358  8.3  0.00 81 3.72
2005082801009011 1002.3 0.00 0     0.0     0.0   303.7   19.08    97.7     3.3   303.7
1000    66 304.3 102  4.3  0.00 6719.08
 991   140 304.1 105  5.0  0.00 6417.17
 980   241 303.8 102  6.4  0.00 5815.26
 966   370 303.4  97  6.5  0.00 5213.36
 948   532 302.7  91  5.7  0.00 5011.45
 927   737 301.6  80  4.1  0.00 52 9.54
 901   989 299.9  54  2.5  0.00 55 7.63
 864  1361 297.0 351  2.7  0.00 62 5.72
 818  1841 293.2 344  5.7  0.00 71 3.82
 771  2341 289.5 353  8.6  0.00 78 3.82
2005082801010011 1005.3 0.00 0     0.0     0.0   303.9   19.71   105.9     4.1   303.9
1002    38 304.0 106  4.2  0.00 6919.71
 994   112 303.5 104  4.6  0.00 6717.74
 983   213 302.9  99  5.4  0.00 6315.77
 968   341 302.7  92  5.6  0.00 5413.80
 951   503 302.4  80  4.8  0.00 5011.83
 929   708 301.4  61  3.7  0.00 50 9.85
 903   960 299.8  29  3.2  0.00 53 7.88
 866  1331 297.1 351  4.0  0.00 59 5.91
 820  1811 293.4 344  6.5  0.00 67 3.94
 774  2312 289.8 349  8.8  0.00 73 3.94
2005082801011011 1005.9 0.00 0     0.0     0.0   303.2   19.63   102.8     4.1   303.2
1003    30 303.2 103  4.1  0.00 7119.63
 994   104 302.7 100  4.3  0.00 6917.67
 983   205 302.1  95  4.5  0.00 6615.70
 969   333 302.0  84  4.6  0.00 5513.74
 952   494 301.9  65  4.1  0.00 5011.78
 930   699 301.1  41  3.8  0.00 49 9.82
 904   950 299.6  14  4.1  0.00 52 7.85
 867  1321 297.0 351  5.4  0.00 56 5.89
 820  1800 293.5 344  7.4  0.00 62 3.93
 774  2301 289.9 346  8.9  0.00 69 3.93
2005082801012011 1005.8 0.00 0     0.0     0.0   302.7   19.56    98.5     3.8   302.7
1002    30 302.5  99  3.6  0.00 7319.56
 994   104 302.1  94  3.7  0.00 7117.61
 983   205 301.5  88  3.8  0.00 6715.65
 969   332 301.3  74  3.9  0.00 5813.70
 952   493 301.4  51  3.7  0.00 5111.74
 930   698 300.7  27  4.0  0.00 49 9.78
 904   949 299.3   7  4.8  0.00 51 7.83
 867  1319 296.8 351  6.3  0.00 54 5.87
 820  1798 293.5 344  8.0  0.00 59 3.91
 774  2298 290.0 343  8.9  0.00 65 3.91
2005082801013011 1005.6 0.00 0     0.0     0.0   302.5   19.51    90.5     3.2   302.5
1002    30 302.4  89  2.9  0.00 7419.51
 994   104 301.9  84  2.9  0.00 7217.56
 983   204 301.2  76  3.0  0.00 6915.61
 969   332 300.9  60  3.4  0.00 6013.66
 951   493 301.0  39  3.6  0.00 5311.71
 930   697 300.4  20  4.0  0.00 49 9.76
 904   948 298.9   4  4.8  0.00 51 7.80
 867  1318 296.5 349  6.3  0.00 54 5.85
 820  1796 293.4 342  7.9  0.00 58 3.90
 774  2296 290.1 340  8.6  0.00 62 3.90
2005082801014011 1005.6 0.00 0     0.0     0.0   302.5   19.50    75.3     2.5   302.5
1002    30 302.3  69  2.2  0.00 7319.50
 994   104 301.8  63  2.3  0.00 7217.55
 983   204 301.1  55  2.5  0.00 7115.60
 969   332 300.7  44  3.2  0.00 6413.65
 951   493 300.6  30  3.6  0.00 5511.70
 930   697 300.0  16  4.0  0.00 50 9.75
 904   947 298.6   2  4.7  0.00 51 7.80
 867  1317 296.3 347  5.9  0.00 54 5.85
 820  1794 293.4 339  7.3  0.00 57 3.90
 774  2294 290.2 338  8.1  0.00 61 3.90
2005082801001012  883.3 0.00 0     0.0     0.0   297.9   15.42    94.6     2.7   297.9
 881  1175 299.1 103  3.2  0.00 6515.42
 874  1247 299.2 103  4.1  0.00 6413.88
 864  1346 298.7  99  5.7  0.00 6312.34
 852  1471 298.1  95  6.2  0.00 6110.80
 836  1629 297.0  91  7.6  0.00 61 9.25
 818  1829 295.2  87  7.1  0.00 66 7.71
 795  2074 292.8  79  6.4  0.00 73 6.17
 762  2433 289.7  63  5.9  0.00 79 4.63
 722  2897 286.3  32  6.2  0.00 79 3.08
 681  3380 283.5  11  7.7  0.00 72 3.08
2005082801002012  891.2 0.00 0     0.0     0.0   299.1   15.95    91.2     2.6   299.1
 888  1098 299.6  95  2.9  0.00 6515.95
 881  1170 299.6 100  4.2  0.00 6314.35
 871  1269 299.1  96  4.9  0.00 6212.76
 859  1395 298.2  93  5.5  0.00 6311.16
 844  1553 297.0  90  5.9  0.00 63 9.57
 825  1753 295.3  85  6.2  0.00 67 7.97
 802  1998 293.1  76  6.1  0.00 73 6.38
 769  2358 289.9  57  6.0  0.00 81 4.78
 728  2823 286.6  29  6.9  0.00 80 3.19
 687  3307 284.0  12  7.9  0.00 67 3.19
2005082801003012  922.7 0.00 0     0.0     0.0   300.9   16.54    98.8     2.1   300.9
 920   792 301.8 101  2.5  0.00 6116.54
 912   865 301.7 104  3.8  0.00 6014.89
 902   965 301.3  99  4.6  0.00 5813.23
 889  1092 300.3  95  5.1  0.00 6011.58
 874  1251 299.2  91  5.3  0.00 60 9.93
 854  1454 297.5  89  5.5  0.00 62 8.27
 830  1701 295.3  80  5.3  0.00 67 6.62
 796  2065 292.0  57  5.3  0.00 77 4.96
 753  2534 288.3  30  6.6  0.00 83 3.31
 711  3023 285.5  15  8.1  0.00 72 3.31
2005082801004012  972.1 0.00 0     0.0     0.0   302.9   17.18   106.5     2.1   302.9
 969   328 305.5 107  3.1  0.00 5417.18
 962   402 305.4 105  4.2  0.00 5215.46
 951   503 305.0 105  4.9  0.00 5113.74
 937   632 303.6 103  5.1  0.00 5612.02
 920   794 302.9  99  5.5  0.00 5310.31
 900   999 301.2  98  5.4  0.00 55 8.59
 874  1251 299.1  93  4.8  0.00 58 6.87
 838  1621 295.9  70  4.2  0.00 65 5.15
 794  2098 291.5  32  5.1  0.00 79 3.44
 749  2595 287.8  15  7.8  0.00 82 3.44
2005082801005012  996.5 0.00 0     0.0     0.0   303.9   17.74    97.9     2.5   303.9
 994   107 306.8  99  4.1  0.00 5417.74
 986   182 306.7  99  5.2  0.00 5215.96
 975   283 306.3 101  5.9  0.00 5114.19
 961   413 304.8 106  5.4  0.00 5512.42
 944   576 304.6 104  6.3  0.00 4810.64
 922   783 302.8 104  5.6  0.00 51 8.87
 896  1036 300.8 103  4.4  0.00 54 7.09
 859  1408 297.6  80  3.1  0.00 60 5.32
 813  1889 293.3  28  3.8  0.00 73 3.55
 767  2390 289.1  11  7.1  0.00 83 3.55
2005082801006012 1002.4 0.00 0     0.0     0.0   304.3   18.04    90.3     3.0   304.3
1000    66 306.6  92  5.0  0.00 5518.04
 992   141 306.4  96  5.9  0.00 5516.24
 980   242 305.6 101  6.3  0.00 5514.43
 966   372 304.8 104  6.0  0.00 5312.63
 949   535 304.3 102  6.8  0.00 4810.83
 927   742 302.9 103  5.6  0.00 50 9.02
 901   995 300.9 102  3.7  0.00 54 7.22
 864  1368 297.9  70  1.9  0.00 60 5.41
 818  1849 293.6   9  3.7  0.00 72 3.61
 772  2350 289.5   4  7.3  0.00 83 3.61
2005082801007012 1002.8 0.00 0     0.0     0.0   304.2   18.29    90.9     3.3   304.2
1000    62 305.8  92  5.3  0.00 5918.29
 992   136 305.4  98  5.8  0.00 5916.46
 981   238 304.8 101  6.6  0.00 5714.63
 967   367 304.6 100  7.0  0.00 5212.80
 949   529 303.6  98  6.9  0.00 5110.97
 928   736 302.4  96  5.2  0.00 52 9.15
 902   989 300.5  92  2.9  0.00 56 7.32
 865  1361 297.6  21  1.4  0.00 62 5.49
 818  1842 293.6 352  4.4  0.00 73 3.66
 772  2344 289.5 358  8.0  0.00 83 3.66
2005082801008012 1003.0 0.00 0     0.0     0.0   303.7   18.58    91.9     3.5   303.7
1000    59 304.9  94  4.8  0.00 6218.58
 992   133 304.3  99  5.5  0.00 6316.72
 981   234 304.2  99  7.1  0.00 5814.87
 967   363 303.8  95  7.5  0.00 5313.01
 949   525 303.0  92  6.6  0.00 5211.15
 928   732 301.8  87  4.7  0.00 54 9.29
 902   984 300.1  72  2.4  0.00 57 7.43
 865  1356 297.3 351  2.0  0.00 63 5.57
 818  1837 293.5 344  5.3  0.00 73 3.72
 772  2338 289.5 354  8.5  0.00 83 3.72
2005082801009012 1004.5 0.00 0     0.0     0.0   303.4   18.91    94.2     3.6   303.4
1001    45 304.0  98  4.3  0.00 6718.91
 993   119 303.8  99  5.2  0.00 6517.02
 982   220 303.4  97  6.4  0.00 6115.13
 968   349 303.1  91  6.8  0.00 5413.24
 950   510 302.6  84  5.8  0.00 5211.35
 929   716 301.5  72  4.2  0.00 53 9.46
 903   968 299.9  43  2.7  0.00 56 7.57
 866  1340 297.2 347  3.2  0.00 62 5.67
 819  1820 293.5 342  6.1  0.00 70 3.78
 773  2321 289.7 351  8.9  0.00 80 3.78
2005082801010012 1005.7 0.00 0     0.0     0.0   303.7   19.41   100.1     4.3   303.7
1002    32 303.7 100  4.4  0.00 6819.41
 994   106 303.2  97  4.8  0.00 6617.47
 983   207 302.6  93  5.4  0.00 6415.52
 969   335 302.4  85  5.6  0.00 5513.58
 952   497 302.2  71  4.9  0.00 5011.64
 930   702 301.3  51  4.0  0.00 51 9.70
 904   954 299.8  22  3.6  0.00 53 7.76
 867  1325 297.1 351  4.7  0.00 59 5.82
 820  1805 293.6 344  7.1  0.00 66 3.88
 774  2306 289.9 348  9.2  0.00 74 3.88
2005082801011012 1005.7 0.00 0     0.0     0.0   303.0   19.27    97.3     4.1   303.0
1002    30 302.9  97  4.1  0.00 7119.27
 994   104 302.5  93  4.2  0.00 6817.34
 983   205 301.9  87  4.4  0.00 6415.42
 969   333 301.8  74  4.6  0.00 5513.49
 952   494 301.8  54  4.3  0.00 4911.56
 930   698 301.0  32  4.3  0.00 49 9.63
 904   950 299.6  11  4.8  0.00 51 7.71
 867  1321 297.0 353  6.1  0.00 56 5.78
 820  1800 293.6 345  8.0  0.00 62 3.85
 774  2300 290.0 346  9.3  0.00 68 3.85
2005082801012012 1005.6 0.00 0     0.0     0.0   302.6   19.28    93.4     3.7   302.6
1002    30 302.4  91  3.5  0.00 7219.28
 994   104 302.0  86  3.5  0.00 6917.35
 983   204 301.3  78  3.6  0.00 6615.42
 969   332 301.2  62  3.9  0.00 5713.49
 951   493 301.3  40  4.1  0.00 5011.57
 930   697 300.7  22  4.6  0.00 49 9.64
 904   948 299.3   6  5.5  0.00 50 7.71
 867  1319 296.8 353  6.9  0.00 54 5.78
 820  1797 293.6 345  8.5  0.00 58 3.86
 774  2298 290.1 344  9.2  0.00 64 3.86
2005082801013012 1005.5 0.00 0     0.0     0.0   302.5   19.39    83.7     3.2   302.5
1002    30 302.2  79  2.9  0.00 7219.39
 994   104 301.6  73  2.9  0.00 7017.45
 983   204 301.1  64  3.0  0.00 6815.51
 969   332 300.8  51  3.6  0.00 6013.57
 951   492 300.9  33  4.0  0.00 5311.63
 930   697 300.3  18  4.5  0.00 49 9.69
 904   947 298.9   4  5.4  0.00 50 7.75
 866  1317 296.6 351  6.8  0.00 53 5.82
 820  1795 293.5 344  8.3  0.00 57 3.88
 774  2295 290.2 341  8.8  0.00 62 3.88
2005082801014012 1005.4 0.00 0     0.0     0.0   302.6   19.60    64.9     2.6   302.6
1002    30 302.3  57  2.4  0.00 7219.60
 994   104 301.7  52  2.6  0.00 7117.64
 983   204 301.1  45  2.8  0.00 7015.68
 969   332 300.6  38  3.4  0.00 6513.72
 951   493 300.4  28  3.9  0.00 5711.76
 930   697 299.9  16  4.3  0.00 51 9.80
 904   947 298.6   3  5.0  0.00 51 7.84
 866  1316 296.3 349  6.1  0.00 54 5.88
 820  1794 293.4 341  7.5  0.00 57 3.92
 774  2294 290.3 339  8.2  0.00 61 3.92
2005082801001013  885.1 0.00 0     0.0     0.0   298.8   15.23    96.9     3.1   298.8
 882  1157 299.6 100  4.0  0.00 6215.23
 875  1230 299.6 104  5.0  0.00 6013.70
 866  1328 299.2 102  5.7  0.00 5912.18
 853  1454 298.5  99  6.7  0.00 5810.66
 838  1611 297.3  96  7.3  0.00 59 9.14
 819  1812 295.4  91  7.3  0.00 63 7.61
 796  2056 293.1  84  6.7  0.00 71 6.09
 764  2416 289.8  68  6.0  0.00 79 4.57
 723  2880 286.3  36  5.9  0.00 81 3.05
 683  3364 283.4  11  7.5  0.00 75 3.05
2005082801002013  878.8 0.00 0     0.0     0.0   299.7   15.74    95.2     3.0   299.7
 876  1222 299.1  94  4.1  0.00 6315.74
 869  1294 299.0  99  5.5  0.00 6114.17
 859  1393 298.3  97  5.9  0.00 6112.59
 847  1518 297.3  94  6.3  0.00 6211.02
 832  1675 296.0  92  6.5  0.00 64 9.44
 813  1874 294.2  87  6.4  0.00 69 7.87
 790  2118 292.0  77  6.1  0.00 76 6.30
 758  2476 288.9  57  5.9  0.00 83 4.72
 718  2938 285.7  27  6.9  0.00 80 3.15
 678  3421 283.2  10  8.1  0.00 66 3.15
2005082801003013  911.4 0.00 0     0.0     0.0   301.5   16.17    97.8     2.5   301.5
 908   902 301.4  94  3.0  0.00 5816.17
 901   975 301.2  98  5.1  0.00 5714.55
 891  1074 300.5  98  5.8  0.00 5912.93
 878  1201 299.4  96  5.9  0.00 6111.32
 863  1359 298.2  95  5.9  0.00 62 9.70
 843  1561 296.5  92  5.7  0.00 65 8.08
 820  1807 294.3  84  5.3  0.00 70 6.47
 786  2170 291.1  59  5.0  0.00 79 4.85
 744  2637 287.4  29  6.3  0.00 85 3.23
 702  3124 284.7  13  8.1  0.00 71 3.23
2005082801004013  968.7 0.00 0     0.0     0.0   303.7   16.85    97.7     2.5   303.7
 966   358 305.3  95  3.4  0.00 5316.85
 958   433 305.0  98  5.1  0.00 5415.17
 947   534 304.4 100  5.8  0.00 5413.48
 934   662 303.7 100  6.4  0.00 5211.80
 917   824 302.6  99  6.1  0.00 5210.11
 896  1029 300.9  98  5.5  0.00 55 8.43
 871  1280 298.8  96  4.9  0.00 59 6.74
 835  1650 295.6  76  3.8  0.00 65 5.06
 791  2126 291.3  34  4.4  0.00 79 3.37
 746  2622 287.4  13  7.3  0.00 85 3.37
2005082801005013  993.0 0.00 0     0.0     0.0   304.7   17.41    93.7     2.8   304.7
 990   138 306.8  92  4.4  0.00 5217.41
 982   212 306.7  96  5.3  0.00 5015.67
 971   314 305.7 100  5.6  0.00 5313.93
 957   443 305.1 100  6.7  0.00 4912.19
 940   606 304.3 100  6.8  0.00 4710.45
 919   813 302.7 100  5.7  0.00 49 8.71
 893  1065 300.6  98  4.4  0.00 54 6.96
 856  1437 297.4  75  3.0  0.00 61 5.22
 810  1917 293.1  24  3.7  0.00 74 3.48
 764  2418 288.9   8  6.8  0.00 85 3.48
2005082801006013  999.3 0.00 0     0.0     0.0   304.8   17.85    91.5     3.1   304.8
 997    82 306.4  91  4.9  0.00 5517.85
 988   156 306.0  95  5.6  0.00 5516.07
 977   258 305.2  99  6.1  0.00 5514.28
 963   387 304.7  98  7.1  0.00 5112.50
 946   550 304.1  97  6.9  0.00 4910.71
 924   757 302.6  97  5.6  0.00 51 8.93
 899  1009 300.7  93  3.7  0.00 54 7.14
 862  1382 297.7  54  2.1  0.00 61 5.36
 815  1863 293.5   5  4.1  0.00 73 3.57
 769  2364 289.3   0  7.5  0.00 84 3.57
2005082801007013 1004.7 0.00 0     0.0     0.0   304.3   18.29    90.3     3.3   304.3
1002    44 305.9  91  5.3  0.00 5918.29
 993   119 305.4  95  5.6  0.00 5916.46
 982   220 304.7  97  6.6  0.00 5814.63
 968   349 304.4  94  7.7  0.00 5312.80
 951   512 303.6  92  7.0  0.00 5210.97
 929   718 302.3  90  5.3  0.00 53 9.15
 903   971 300.5  83  3.1  0.00 56 7.32
 866  1344 297.7  20  1.8  0.00 62 5.49
 820  1825 293.8 350  4.7  0.00 73 3.66
 773  2327 289.7 354  8.1  0.00 84 3.66
2005082801008013 1004.6 0.00 0     0.0     0.0   303.9   18.63    90.4     3.7   303.9
1001    44 305.1  92  5.1  0.00 6218.63
 993   118 304.2  95  5.3  0.00 6316.77
 982   219 303.9  94  6.7  0.00 6114.91
 968   348 303.5  91  7.5  0.00 5513.04
 951   510 302.8  87  6.7  0.00 5411.18
 929   716 301.6  81  4.9  0.00 55 9.32
 903   969 300.0  64  2.7  0.00 58 7.45
 866  1341 297.3 355  2.5  0.00 63 5.59
 819  1822 293.6 343  5.7  0.00 73 3.73
 773  2323 289.7 350  8.8  0.00 84 3.73
2005082801009013 1005.2 0.00 0     0.0     0.0   304.1   19.18    94.4     4.5   304.1
1002    37 304.3  95  4.6  0.00 6619.18
 994   111 303.7  94  5.1  0.00 6517.26
 982   212 303.2  92  6.1  0.00 6315.34
 968   341 302.8  86  6.7  0.00 5613.42
 951   503 302.4  78  5.9  0.00 5311.51
 929   708 301.3  66  4.4  0.00 54 9.59
 903   960 299.7  38  3.0  0.00 57 7.67
 866  1332 297.2 350  3.7  0.00 62 5.75
 820  1812 293.6 342  6.6  0.00 71 3.84
 773  2314 289.8 347  9.3  0.00 80 3.84
2005082801010013 1005.7 0.00 0     0.0     0.0   303.5   19.17    93.8     4.4   303.5
1002    31 303.5  94  4.4  0.00 6819.17
 994   105 303.0  91  4.7  0.00 6717.25
 983   206 302.4  88  5.3  0.00 6415.33
 969   334 302.2  79  5.6  0.00 5613.42
 951   496 302.0  65  5.2  0.00 5111.50
 930   701 301.1  46  4.4  0.00 51 9.58
 904   952 299.6  19  4.1  0.00 54 7.67
 867  1323 297.1 352  5.3  0.00 59 5.75
 820  1803 293.6 344  7.7  0.00 66 3.83
 774  2304 289.9 346  9.6  0.00 75 3.83
2005082801011013 1005.6 0.00 0     0.0     0.0   302.9   19.19    92.0     4.1   302.9
1002    30 302.8  91  4.0  0.00 7119.19
 994   104 302.3  86  4.1  0.00 6817.27
 983   205 301.7  80  4.4  0.00 6515.35
 969   332 301.5  68  4.8  0.00 5613.43
 951   493 301.6  49  4.7  0.00 5011.51
 930   698 300.9  30  4.8  0.00 49 9.59
 904   949 299.5  11  5.3  0.00 51 7.68
 867  1320 297.0 354  6.7  0.00 56 5.76
 820  1799 293.7 346  8.6  0.00 62 3.84
 774  2300 290.1 345  9.7  0.00 69 3.84
2005082801012013 1005.5 0.00 0     0.0     0.0   302.6   19.30    87.4     3.7   302.6
1002    30 302.2  83  3.6  0.00 7119.30
 994   104 301.7  78  3.6  0.00 6917.37
 983   204 301.1  70  3.7  0.00 6615.44
 969   332 301.0  56  4.2  0.00 5813.51
 951   492 301.2  38  4.6  0.00 5111.58
 930   697 300.6  21  5.1  0.00 48 9.65
 904   947 299.2   7  5.9  0.00 50 7.72
 866  1318 296.8 354  7.5  0.00 54 5.79
 820  1797 293.6 346  9.0  0.00 59 3.86
 774  2297 290.2 343  9.6  0.00 64 3.86
2005082801013013 1005.3 0.00 0     0.0     0.0   302.6   19.55    76.4     3.3   302.6
1002    30 302.1  71  3.1  0.00 7219.55
 994   104 301.6  65  3.2  0.00 7017.59
 982   204 301.0  57  3.3  0.00 6915.64
 968   332 300.6  46  3.9  0.00 6213.68
 951   492 300.7  32  4.5  0.00 5411.73
 929   697 300.2  19  4.9  0.00 50 9.77
 903   947 298.9   5  5.8  0.00 50 7.82
 866  1317 296.6 352  7.2  0.00 54 5.86
 820  1795 293.5 344  8.6  0.00 58 3.91
 774  2295 290.3 342  9.1  0.00 62 3.91
2005082801014013 1005.3 0.00 0     0.0     0.0   302.7   19.75    57.8     3.0   302.7
1002    30 302.3  50  2.8  0.00 7219.75
 994   104 301.8  46  3.0  0.00 7117.77
 982   204 301.1  41  3.3  0.00 7015.80
 968   332 300.4  36  3.8  0.00 6813.82
 951   493 300.2  29  4.4  0.00 5911.85
 929   697 299.8  19  4.7  0.00 52 9.87
 903   947 298.5   5  5.2  0.00 51 7.90
 866  1316 296.3 350  6.4  0.00 54 5.92
 820  1794 293.4 342  7.7  0.00 58 3.95
 774  2294 290.3 340  8.3  0.00 62 3.95
2005082801001014  882.7 0.00 0     0.0     0.0   299.4   14.61    98.2     3.5   299.4
 880  1182 300.0  99  4.4  0.00 5814.61
 873  1254 300.0 102  5.5  0.00 5613.15
 863  1353 299.5 101  6.1  0.00 5611.69
 851  1478 298.5  98  7.2  0.00 5510.23
 836  1636 297.2  96  7.7  0.00 56 8.77
 817  1836 295.4  92  7.7  0.00 61 7.31
 794  2080 293.1  86  7.0  0.00 69 5.85
 762  2440 289.8  72  6.2  0.00 79 4.38
 721  2903 286.2  41  5.6  0.00 83 2.92
 681  3387 283.2  10  7.2  0.00 78 2.92
2005082801002014  877.4 0.00 0     0.0     0.0   300.4   15.14   100.3     3.3   300.4
 874  1237 299.4  98  4.4  0.00 5915.14
 867  1309 299.3  99  5.9  0.00 5813.62
 858  1408 298.5  97  6.4  0.00 5912.11
 846  1533 297.4  94  6.8  0.00 6010.60
 831  1690 296.0  92  7.0  0.00 62 9.08
 812  1889 294.2  87  6.8  0.00 67 7.57
 789  2132 292.0  79  6.4  0.00 74 6.06
 757  2491 288.8  61  5.9  0.00 83 4.54
 717  2953 285.6  30  6.4  0.00 82 3.03
 677  3435 283.0  10  7.9  0.00 70 3.03
2005082801003014  913.0 0.00 0     0.0     0.0   302.2   15.63   103.6     2.8   302.2
 910   887 301.8 101  3.5  0.00 5515.63
 903   960 301.5  99  5.6  0.00 5514.07
 893  1059 300.8  97  6.2  0.00 5612.50
 880  1186 299.8  96  6.3  0.00 5810.94
 864  1345 298.4  95  6.3  0.00 59 9.38
 845  1546 296.8  92  6.0  0.00 62 7.82
 821  1793 294.7  85  5.5  0.00 67 6.25
 788  2155 291.4  63  5.0  0.00 78 4.69
 746  2623 287.5  33  5.7  0.00 86 3.13
 704  3110 284.6  12  7.6  0.00 75 3.13
2005082801004014  966.3 0.00 0     0.0     0.0   304.3   16.13    99.8     2.8   304.3
 963   382 305.5  97  3.8  0.00 5116.13
 956   456 305.2  98  5.5  0.00 5114.51
 945   557 304.7  99  6.3  0.00 5112.90
 931   686 303.8  98  6.6  0.00 5011.29
 915   847 302.5  97  6.3  0.00 51 9.68
 894  1052 300.8  95  5.7  0.00 54 8.06
 869  1303 298.7  91  4.9  0.00 57 6.45
 833  1672 295.6  72  4.0  0.00 65 4.84
 789  2148 291.2  35  4.4  0.00 79 3.23
 744  2644 287.2  12  6.6  0.00 85 3.23
2005082801005014  990.1 0.00 0     0.0     0.0   305.2   16.79    94.4     3.0   305.2
 987   165 306.8  92  4.5  0.00 5016.79
 979   239 306.6  94  5.4  0.00 4915.11
 968   341 305.7  97  5.9  0.00 5213.43
 954   470 305.1  96  6.8  0.00 4811.75
 937   633 304.1  95  6.8  0.00 4710.07
 916   839 302.4  94  5.7  0.00 50 8.40
 890  1091 300.4  89  4.5  0.00 54 6.72
 854  1463 297.3  64  3.4  0.00 61 5.04
 808  1943 292.9  22  4.1  0.00 74 3.36
 762  2443 288.6   5  6.6  0.00 85 3.36
2005082801006014  999.5 0.00 0     0.0     0.0   305.0   17.49    91.2     3.2   305.0
 997    82 306.4  90  4.8  0.00 5417.49
 988   157 306.1  92  5.5  0.00 5415.74
 977   258 305.4  95  5.6  0.00 5513.99
 963   388 304.7  94  6.5  0.00 5212.24
 946   550 303.9  91  7.0  0.00 5010.49
 925   757 302.5  90  5.7  0.00 52 8.74
 899  1009 300.6  83  4.1  0.00 55 7.00
 862  1382 297.7  47  2.9  0.00 61 5.25
 815  1863 293.6   5  4.5  0.00 73 3.50
 769  2364 289.3 357  7.4  0.00 84 3.50
2005082801007014 1004.9 0.00 0     0.0     0.0   304.2   18.08    88.4     3.3   304.2
1002    41 305.7  88  5.1  0.00 5918.08
 994   116 305.3  91  5.5  0.00 5916.27
 983   217 304.5  93  5.8  0.00 5914.46
 968   347 304.2  90  6.8  0.00 5412.65
 951   509 303.3  88  6.9  0.00 5310.85
 929   715 302.0  85  5.5  0.00 55 9.04
 903   968 300.3  74  3.6  0.00 58 7.23
 866  1341 297.6  26  2.7  0.00 63 5.42
 820  1822 293.8 351  5.2  0.00 73 3.62
 773  2324 289.7 350  8.3  0.00 84 3.62
2005082801008014 1004.9 0.00 0     0.0     0.0   303.6   18.54    87.9     3.5   303.6
1002    41 304.9  89  5.3  0.00 6318.54
 993   115 304.2  90  5.1  0.00 6416.69
 982   216 303.6  90  5.9  0.00 6314.83
 968   345 303.2  87  7.0  0.00 5712.98
 951   507 302.5  83  6.6  0.00 5611.12
 929   713 301.3  77  5.1  0.00 57 9.27
 903   965 299.7  58  3.4  0.00 59 7.42
 866  1337 297.2   6  3.2  0.00 64 5.56
 820  1818 293.7 344  6.3  0.00 73 3.71
 773  2320 289.8 346  9.2  0.00 83 3.71
2005082801009014 1005.6 0.00 0     0.0     0.0   303.8   19.08    90.1     4.3   303.8
1003    33 304.3  90  5.0  0.00 6519.08
 994   107 303.5  90  4.6  0.00 6717.17
 983   208 302.9  88  5.5  0.00 6515.26
 969   336 302.5  82  6.3  0.00 5813.35
 951   498 302.0  75  5.9  0.00 5511.45
 930   703 301.0  63  4.7  0.00 56 9.54
 904   955 299.5  38  3.6  0.00 58 7.63
 867  1326 297.0 358  4.4  0.00 63 5.72
 820  1807 293.7 343  7.3  0.00 71 3.82
 774  2309 289.9 344  9.8  0.00 81 3.82
2005082801010014 1005.7 0.00 0     0.0     0.0   303.2   19.10    88.8     4.2   303.2
1003    30 303.4  88  4.2  0.00 6919.10
 994   104 302.8  87  4.4  0.00 6817.19
 983   205 302.1  83  4.9  0.00 6615.28
 969   333 301.9  74  5.5  0.00 5813.37
 951   494 301.7  62  5.3  0.00 5311.46
 930   699 300.8  45  4.8  0.00 52 9.55
 904   950 299.4  21  4.6  0.00 55 7.64
 867  1322 296.9 355  5.9  0.00 60 5.73
 820  1801 293.7 344  8.4  0.00 67 3.82
 774  2303 290.0 343 10.1  0.00 76 3.82
2005082801011014 1005.5 0.00 0     0.0     0.0   302.8   19.25    86.1     3.9   302.8
1002    30 302.7  85  3.8  0.00 7219.25
 994   104 302.2  80  4.0  0.00 7017.33
 983   205 301.5  75  4.3  0.00 6715.40
 969   332 301.2  64  4.9  0.00 5813.48
 951   493 301.3  49  5.1  0.00 5111.55
 930   698 300.7  31  5.2  0.00 49 9.63
 904   949 299.3  12  5.7  0.00 52 7.70
 866  1319 296.9 355  7.2  0.00 56 5.78
 820  1798 293.6 345  9.2  0.00 63 3.85
 774  2299 290.1 343 10.2  0.00 70 3.85
2005082801012014 1005.3 0.00 0     0.0     0.0   302.6   19.45    80.3     3.7   302.6
1002    30 302.1  76  3.6  0.00 7219.45
 994   104 301.6  71  3.8  0.00 7017.51
 982   204 301.0  65  3.9  0.00 6815.56
 968   332 300.7  54  4.5  0.00 6113.62
 951   492 300.9  39  5.0  0.00 5211.67
 929   697 300.4  24  5.5  0.00 48 9.73
 903   947 299.1   8  6.2  0.00 50 7.78
 866  1317 296.7 354  7.8  0.00 55 5.84
 820  1796 293.6 345  9.5  0.00 60 3.89
 774  2296 290.2 342 10.0  0.00 65 3.89
2005082801013014 1005.3 0.00 0     0.0     0.0   302.6   19.69    69.1     3.5   302.6
1002    30 302.1  63  3.4  0.00 7319.69
 993   104 301.5  59  3.6  0.00 7117.72
 982   204 300.9  53  3.8  0.00 7015.75
 968   332 300.3  46  4.3  0.00 6613.78
 951   492 300.4  35  5.0  0.00 5611.81
 929   696 300.0  22  5.3  0.00 50 9.85
 903   947 298.8   7  6.0  0.00 51 7.88
 866  1316 296.5 353  7.5  0.00 54 5.91
 820  1795 293.5 344  9.0  0.00 59 3.94
 774  2295 290.3 342  9.4  0.00 63 3.94
2005082801014014 1005.3 0.00 0     0.0     0.0   302.8   19.92    53.3     3.4   302.8
1002    30 302.4  46  3.4  0.00 7319.92
 994   104 301.7  44  3.6  0.00 7217.93
 982   204 301.0  41  3.9  0.00 7215.94
 968   332 300.2  37  4.2  0.00 7113.94
 951   493 300.0  32  4.9  0.00 6111.95
 929   697 299.6  23  5.1  0.00 52 9.96
 903   947 298.4   8  5.4  0.00 52 7.97
 866  1316 296.2 351  6.5  0.00 55 5.98
 820  1794 293.3 342  7.8  0.00 59 3.98
 774  2294 290.3 341  8.5  0.00 63 3.98
2005082802001001  749.3 0.00 0     0.0     0.0   286.7   12.39   348.1     2.0   286.7
 747  2594 287.8 357  3.1  0.00 9312.39
 741  2662 287.4 358  3.3  0.00 9311.15
 733  2756 287.0 359  3.6  0.00 92 9.91
 722  2874 286.4   0  3.9  0.00 91 8.67
 710  3024 285.3   3  4.2  0.00 93 7.43
 694  3214 284.7   8  4.8  0.00 90 6.19
 675  3446 283.2  14  5.4  0.00 94 4.96
 648  3789 280.9  20  6.0  0.00 98 3.72
 614  4232 278.0  26  6.3  0.00 97 2.48
 580  4694 275.3  31  6.1  0.00 94 2.48
2005082802002001  731.7 0.00 0     0.0     0.0   285.8   12.02   356.6     2.1   285.8
 729  2792 286.8   6  3.8  0.00 9212.02
 723  2860 286.5   7  4.1  0.00 9110.82
 715  2953 286.1   8  4.4  0.00 90 9.62
 705  3071 285.6  10  4.7  0.00 89 8.41
 693  3220 284.8  11  5.1  0.00 89 7.21
 678  3409 283.5  14  5.6  0.00 92 6.01
 659  3640 281.9  17  6.1  0.00 96 4.81
 633  3980 279.6  20  6.5  0.00 97 3.61
 600  4419 276.8  24  6.6  0.00 94 2.40
 567  4878 274.2  30  6.4  0.00 91 2.40
2005082802003001  740.1 0.00 0     0.0     0.0   286.2   12.32     1.0     1.9   286.2
 738  2696 287.4   8  3.5  0.00 9212.32
 732  2764 287.1   9  3.7  0.00 9111.09
 724  2857 286.7  10  4.0  0.00 89 9.86
 714  2976 286.2  11  4.3  0.00 88 8.62
 701  3125 285.4  13  4.7  0.00 86 7.39
 685  3314 284.2  15  5.3  0.00 88 6.16
 667  3546 282.6  16  5.8  0.00 91 4.93
 640  3887 280.2  18  6.4  0.00 94 3.70
 606  4328 277.4  21  6.6  0.00 90 2.46
 573  4788 274.7  28  6.4  0.00 86 2.46
2005082802004001  753.6 0.00 0     0.0     0.0   287.8   12.43     8.1     1.6   287.8
 751  2544 290.0  12  2.7  0.00 7212.43
 745  2613 289.5  13  2.9  0.00 7311.18
 737  2707 288.8  14  3.2  0.00 75 9.94
 727  2826 287.9  15  3.5  0.00 77 8.70
 714  2976 287.0  15  3.9  0.00 76 7.46
 698  3167 285.3  16  4.5  0.00 83 6.21
 679  3399 283.5  17  5.2  0.00 87 4.97
 651  3743 281.1  17  6.1  0.00 90 3.73
 617  4185 278.2  18  6.5  0.00 86 2.49
 583  4647 275.5  25  6.4  0.00 82 2.49
2005082802005001  741.0 0.00 0     0.0     0.0   286.6   12.42    15.2     1.8   286.6
 738  2685 287.6  15  3.3  0.00 8912.42
 733  2753 287.3  15  3.6  0.00 8811.18
 725  2846 286.8  15  3.9  0.00 86 9.93
 714  2965 286.2  15  4.2  0.00 84 8.69
 702  3114 285.4  15  4.6  0.00 82 7.45
 686  3303 284.2  15  5.2  0.00 83 6.21
 667  3535 282.6  14  5.9  0.00 85 4.97
 641  3876 280.2  13  6.6  0.00 86 3.73
 607  4316 277.4  16  6.9  0.00 81 2.48
 574  4776 274.8  24  6.7  0.00 78 2.48
2005082802006001  729.7 0.00 0     0.0     0.0   285.8   11.48    21.0     2.1   285.8
 727  2814 286.7  18  3.9  0.00 8511.48
 721  2882 286.4  17  4.1  0.00 8410.33
 713  2975 285.9  17  4.4  0.00 83 9.18
 703  3093 285.4  16  4.7  0.00 81 8.03
 691  3241 284.4  16  5.1  0.00 81 6.89
 676  3429 283.2  13  5.7  0.00 82 5.74
 657  3659 281.5  11  6.4  0.00 83 4.59
 631  3999 279.4  10  7.0  0.00 81 3.44
 598  4437 276.8  14  7.0  0.00 76 2.30
 565  4894 274.2  23  6.8  0.00 74 2.30
2005082802007001  759.0 0.00 0     0.0     0.0   287.2   11.31    33.4     2.1   287.2
 756  2483 289.2  30  3.0  0.00 7511.31
 750  2552 289.2  30  3.1  0.00 7110.18
 742  2646 288.5  28  3.3  0.00 73 9.05
 732  2765 287.7  26  3.6  0.00 74 7.92
 719  2915 286.8  25  3.8  0.00 74 6.79
 703  3105 285.2  20  4.3  0.00 79 5.66
 684  3338 283.5  14  5.1  0.00 81 4.53
 656  3681 281.3   9  6.2  0.00 80 3.39
 622  4124 278.6  11  6.8  0.00 76 2.26
 587  4587 276.0  19  6.7  0.00 72 2.26
2005082802008001  771.8 0.00 0     0.0     0.0   287.5   11.59    38.7     2.2   287.5
 769  2342 289.0  35  3.0  0.00 8111.59
 763  2411 288.9  35  3.1  0.00 7810.43
 755  2505 288.8  34  3.2  0.00 75 9.27
 744  2624 288.3  31  3.4  0.00 73 8.11
 731  2775 287.5  28  3.7  0.00 74 6.95
 715  2966 286.1  23  4.1  0.00 76 5.79
 695  3200 284.2  15  4.8  0.00 80 4.64
 667  3544 282.1   7  5.9  0.00 78 3.48
 632  3989 279.4   8  6.7  0.00 74 2.32
 597  4454 276.8  16  6.7  0.00 70 2.32
2005082802009001  765.0 0.00 0     0.0     0.0   287.2   11.26    35.7     2.3   287.2
 762  2417 288.7  28  3.3  0.00 7811.26
 756  2486 288.5  27  3.5  0.00 7710.13
 748  2579 288.2  25  3.7  0.00 75 9.01
 737  2698 287.4  23  4.0  0.00 76 7.88
 724  2848 286.6  20  4.3  0.00 76 6.75
 708  3039 285.2  16  4.9  0.00 78 5.63
 689  3272 283.6  10  5.6  0.00 79 4.50
 661  3615 281.5   4  6.5  0.00 76 3.38
 626  4059 279.0   7  7.0  0.00 72 2.25
 592  4522 276.4  15  6.8  0.00 68 2.25
2005082802010001  739.0 0.00 0     0.0     0.0   286.0   10.92    25.3     2.7   286.0
 736  2707 286.3  14  4.8  0.00 8210.92
 730  2775 286.0  13  5.1  0.00 81 9.83
 722  2867 285.6  12  5.4  0.00 80 8.74
 712  2985 285.0  11  5.7  0.00 79 7.65
 700  3133 284.4  10  6.1  0.00 78 6.55
 684  3322 283.2   8  6.6  0.00 77 5.46
 666  3552 281.8   5  7.1  0.00 76 4.37
 639  3892 279.8   3  7.4  0.00 73 3.28
 605  4331 277.4   7  7.3  0.00 69 2.18
 572  4790 274.9  15  7.0  0.00 64 2.18
2005082802011001  744.1 0.00 0     0.0     0.0   286.3   11.14    22.7     2.5   286.3
 741  2649 286.6  10  4.9  0.00 8211.14
 735  2717 286.2  10  5.2  0.00 8110.03
 727  2810 285.8   9  5.5  0.00 80 8.91
 717  2928 285.2   8  5.9  0.00 79 7.80
 705  3076 284.4   8  6.2  0.00 78 6.68
 689  3265 283.5   6  6.8  0.00 77 5.57
 670  3496 282.1   4  7.1  0.00 75 4.46
 643  3836 280.0   3  7.3  0.00 73 3.34
 609  4276 277.7   5  7.1  0.00 69 2.23
 576  4736 275.2  11  6.7  0.00 62 2.23
2005082802012001  852.0 0.00 0     0.0     0.0   291.5   14.01    57.2     1.0   291.5
 849  1504 293.3  46  1.2  0.00 8514.01
 842  1575 292.2  54  1.0  0.00 8912.61
 833  1671 291.7  42  1.2  0.00 8811.21
 821  1793 291.2  29  1.6  0.00 87 9.81
 807  1947 290.3  22  1.9  0.00 87 8.41
 788  2142 289.6  18  2.5  0.00 85 7.00
 767  2381 288.3  15  3.1  0.00 84 5.60
 735  2735 286.4   9  4.1  0.00 81 4.20
 696  3191 283.9   2  5.4  0.00 77 2.80
 658  3668 281.1   4  5.6  0.00 74 2.80
2005082802013001  962.2 0.00 0     0.0     0.0   297.0   17.43   142.0     1.2   297.0
 960   459 300.4 146  1.6  0.00 7817.43
 952   532 300.0 150  1.7  0.00 7815.69
 941   632 299.4 151  1.6  0.00 7813.94
 928   758 298.5 153  1.6  0.00 7812.20
 911   918 297.7 157  1.6  0.00 7610.46
 890  1120 294.9 153  1.6  0.00 85 8.71
 865  1366 293.4 132  0.8  0.00 85 6.97
 830  1731 292.4  37  0.9  0.00 80 5.23
 785  2202 289.3   7  1.7  0.00 82 3.49
 741  2695 286.5 357  2.8  0.00 81 3.49
2005082802014001  999.1 0.00 0     0.0     0.0   299.5   18.27   125.9     1.0   299.5
 996   117 302.7 129  1.3  0.00 7118.27
 988   190 302.3 130  1.3  0.00 7016.45
 977   291 301.7 132  1.2  0.00 6914.62
 963   419 301.0 135  1.2  0.00 6912.79
 946   580 299.3 154  1.2  0.00 7410.96
 924   784 298.8 150  0.8  0.00 68 9.14
 898  1034 297.1 153  0.2  0.00 68 7.31
 861  1403 294.7 359  1.0  0.00 71 5.48
 815  1879 291.5 357  2.5  0.00 75 3.65
 769  2376 288.3 350  3.7  0.00 78 3.65
2005082802001002  732.3 0.00 0     0.0     0.0   285.4   11.48   357.8     2.4   285.4
 730  2791 286.5   7  4.2  0.00 9111.48
 724  2859 286.6   7  4.6  0.00 8910.33
 716  2952 286.2   9  4.9  0.00 88 9.18
 706  3070 285.7  11  5.3  0.00 88 8.03
 694  3219 284.9  13  5.8  0.00 88 6.89
 678  3407 283.6  15  6.2  0.00 91 5.74
 660  3639 281.9  17  6.5  0.00 95 4.59
 633  3979 279.6  19  6.7  0.00 94 3.44
 600  4418 276.8  21  6.4  0.00 88 2.30
 567  4876 274.2  24  5.8  0.00 82 2.30
2005082802002002  721.7 0.00 0     0.0     0.0   285.1   11.42     9.8     2.7   285.1
 719  2912 285.8  16  5.1  0.00 9011.42
 713  2980 285.9  18  5.8  0.00 8810.28
 706  3072 285.6  20  6.2  0.00 87 9.13
 696  3190 285.0  21  6.5  0.00 87 7.99
 684  3338 284.0  22  6.9  0.00 89 6.85
 668  3526 282.7  22  7.2  0.00 91 5.71
 650  3756 281.0  21  7.4  0.00 94 4.57
 624  4095 278.8  21  7.4  0.00 90 3.43
 591  4531 276.2  22  7.0  0.00 83 2.28
 559  4988 273.6  26  6.4  0.00 78 2.28
2005082802003002  724.0 0.00 0     0.0     0.0   285.5   11.76    15.8     2.4   285.5
 721  2885 286.0  20  4.8  0.00 9011.76
 716  2953 286.0  23  5.6  0.00 8810.58
 708  3046 285.7  24  6.0  0.00 87 9.41
 698  3163 285.1  25  6.4  0.00 86 8.23
 686  3312 284.1  25  6.7  0.00 87 7.06
 670  3500 282.8  25  7.1  0.00 88 5.88
 652  3730 281.1  23  7.3  0.00 90 4.70
 626  4068 278.9  21  7.4  0.00 86 3.53
 593  4505 276.3  21  7.2  0.00 78 2.35
 561  4962 273.8  27  6.7  0.00 74 2.35
2005082802004002  743.9 0.00 0     0.0     0.0   287.4   13.02    22.0     1.9   287.4
 741  2656 287.2  24  3.7  0.00 9113.02
 735  2725 287.1  26  4.5  0.00 8911.72
 727  2818 286.8  26  5.0  0.00 8710.42
 717  2936 286.3  27  5.3  0.00 86 9.11
 705  3086 285.4  27  5.7  0.00 85 7.81
 689  3275 284.4  25  6.2  0.00 84 6.51
 670  3507 282.7  22  6.5  0.00 85 5.21
 643  3848 280.3  18  7.0  0.00 84 3.91
 609  4289 277.6  17  7.1  0.00 76 2.60
 576  4749 275.0  23  6.7  0.00 72 2.60
2005082802005002  737.8 0.00 0     0.0     0.0   286.1   11.83    26.5     2.4   286.1
 735  2725 286.8  25  4.2  0.00 8811.83
 729  2794 286.8  25  4.9  0.00 8610.64
 721  2886 286.4  25  5.3  0.00 84 9.46
 711  3005 285.9  24  5.7  0.00 83 8.28
 699  3154 285.1  23  6.0  0.00 81 7.10
 683  3343 283.8  20  6.5  0.00 82 5.91
 665  3574 282.2  16  6.9  0.00 81 4.73
 638  3914 279.9  13  7.4  0.00 79 3.55
 605  4353 277.3  13  7.4  0.00 72 2.37
 571  4812 274.7  19  7.1  0.00 69 2.37
2005082802006002  727.5 0.00 0     0.0     0.0   285.4   11.19    29.5     2.6   285.4
 725  2844 285.8  25  4.9  0.00 8611.19
 719  2911 285.8  26  5.5  0.00 8510.07
 711  3004 285.5  25  5.8  0.00 83 8.95
 701  3122 285.0  25  6.1  0.00 82 7.83
 689  3270 284.0  23  6.4  0.00 81 6.71
 674  3458 282.9  18  6.8  0.00 80 5.59
 655  3687 281.3  14  7.3  0.00 78 4.47
 629  4026 279.2  12  7.6  0.00 74 3.36
 596  4463 276.8  13  7.6  0.00 69 2.24
 563  4921 274.2  20  7.1  0.00 67 2.24
2005082802007002  746.0 0.00 0     0.0     0.0   285.6   10.86    32.9     2.7   285.6
 743  2633 286.4  28  4.2  0.00 8610.86
 737  2701 286.4  29  4.6  0.00 85 9.77
 729  2794 286.1  29  4.9  0.00 84 8.69
 719  2912 285.7  28  5.1  0.00 83 7.60
 707  3061 284.6  26  5.3  0.00 84 6.52
 691  3250 284.0  21  5.8  0.00 80 5.43
 672  3481 282.6  16  6.3  0.00 78 4.34
 645  3822 280.5  11  7.0  0.00 75 3.26
 611  4263 278.0  13  7.2  0.00 69 2.17
 577  4723 275.4  19  6.8  0.00 66 2.17
2005082802008002  749.5 0.00 0     0.0     0.0   285.7   10.66    31.5     2.7   285.7
 747  2594 286.6  25  4.0  0.00 8410.66
 741  2662 286.6  26  4.3  0.00 83 9.59
 733  2755 286.2  25  4.5  0.00 82 8.53
 723  2873 285.7  23  4.8  0.00 81 7.46
 710  3021 284.3  22  5.1  0.00 84 6.40
 694  3210 284.1  18  5.6  0.00 79 5.33
 675  3442 282.7  13  6.2  0.00 77 4.26
 648  3783 280.7   8  6.9  0.00 73 3.20
 614  4224 278.2  11  7.1  0.00 68 2.13
 580  4686 275.7  16  6.7  0.00 65 2.13
2005082802009002  748.7 0.00 0     0.0     0.0   286.0   10.77    27.2     2.8   286.0
 746  2603 286.5  18  4.3  0.00 8310.77
 740  2671 286.4  18  4.7  0.00 81 9.69
 732  2764 286.0  17  5.0  0.00 80 8.62
 722  2882 285.5  16  5.3  0.00 80 7.54
 709  3030 284.7  15  5.7  0.00 80 6.46
 693  3219 283.9  12  6.2  0.00 78 5.39
 674  3451 282.5   8  6.7  0.00 75 4.31
 647  3792 280.5   5  7.3  0.00 72 3.23
 613  4232 278.2   9  7.4  0.00 67 2.15
 579  4693 275.6  14  7.0  0.00 62 2.15
2005082802010002  739.3 0.00 0     0.0     0.0   286.3   10.97    25.7     3.1   286.3
 736  2709 285.9  14  5.4  0.00 8210.97
 730  2777 285.9  14  6.0  0.00 80 9.87
 722  2870 285.5  14  6.3  0.00 79 8.77
 712  2987 284.9  13  6.7  0.00 78 7.68
 700  3135 284.2  12  7.0  0.00 77 6.58
 684  3324 283.1  10  7.5  0.00 76 5.48
 666  3554 281.8   8  7.8  0.00 74 4.39
 639  3894 279.8   7  8.0  0.00 71 3.29
 606  4333 277.5  11  7.9  0.00 65 2.19
 572  4792 275.0  17  7.5  0.00 59 2.19
2005082802011002  747.7 0.00 0     0.0     0.0   286.8   11.34    29.8     2.5   286.8
 745  2614 286.4  15  4.9  0.00 8311.34
 739  2682 286.3  17  5.5  0.00 8110.21
 731  2775 285.8  16  5.9  0.00 80 9.07
 720  2893 285.2  15  6.3  0.00 79 7.94
 708  3041 284.4  15  6.7  0.00 78 6.81
 692  3230 283.4  13  7.2  0.00 77 5.67
 673  3461 282.1  12  7.5  0.00 75 4.54
 646  3801 280.2  13  7.6  0.00 72 3.40
 612  4242 277.9  16  7.5  0.00 66 2.27
 579  4702 275.4  22  7.1  0.00 59 2.27
2005082802012002  839.6 0.00 0     0.0     0.0   291.1   13.28    95.3     1.2   291.1
 837  1629 292.0  84  1.1  0.00 8413.28
 830  1699 291.8  81  1.5  0.00 8311.95
 821  1795 291.3  66  1.6  0.00 8310.63
 809  1917 290.8  48  1.8  0.00 81 9.30
 795  2070 290.0  43  2.4  0.00 80 7.97
 777  2264 288.9  36  3.0  0.00 80 6.64
 755  2503 287.5  29  3.6  0.00 80 5.31
 725  2854 285.6  21  4.4  0.00 78 3.98
 686  3308 283.1  18  5.2  0.00 74 2.66
 648  3783 280.4  23  5.2  0.00 71 2.66
2005082802013002  946.5 0.00 0     0.0     0.0   297.2   16.97   163.0     2.0   297.2
 943   588 299.2 170  3.6  0.00 7516.97
 936   660 299.0 169  4.3  0.00 7515.27
 925   759 298.4 170  4.2  0.00 7513.58
 912   885 296.7 172  3.7  0.00 8011.88
 896  1044 297.0 167  3.7  0.00 7110.18
 875  1245 296.0 165  3.0  0.00 69 8.49
 851  1491 293.9 162  1.8  0.00 74 6.79
 816  1855 291.6 143  0.6  0.00 76 5.09
 773  2324 288.7  10  0.8  0.00 77 3.39
 729  2814 285.8   2  1.8  0.00 76 3.39
2005082802014002  996.0 0.00 0     0.0     0.0   299.6   17.97   167.8     1.6   299.6
 993   133 302.1 175  3.1  0.00 7017.97
 985   206 302.0 176  3.4  0.00 6816.17
 974   307 301.4 178  3.4  0.00 6714.38
 960   434 300.0 180  3.5  0.00 7312.58
 943   595 298.8 183  3.1  0.00 7510.78
 921   799 298.8 189  2.7  0.00 64 8.99
 895  1048 297.2 202  2.0  0.00 64 7.19
 859  1417 294.7 245  1.1  0.00 67 5.39
 813  1892 291.5 315  1.8  0.00 71 3.59
 767  2390 288.3 326  2.9  0.00 75 3.59
2005082802001003  731.9 0.00 0     0.0     0.0   285.1   11.23    17.4     2.7   285.1
 729  2797 286.4  23  4.5  0.00 9111.23
 723  2865 286.5  25  5.4  0.00 8910.10
 715  2957 286.1  27  5.9  0.00 88 8.98
 705  3076 285.6  28  6.4  0.00 87 7.86
 693  3224 284.7  30  6.8  0.00 87 6.74
 678  3413 283.5  30  6.9  0.00 88 5.61
 659  3644 281.9  29  6.8  0.00 90 4.49
 633  3984 279.6  27  6.5  0.00 87 3.37
 600  4422 276.8  28  5.8  0.00 77 2.25
 567  4880 274.3  31  5.1  0.00 68 2.25
2005082802002003  733.6 0.00 0     0.0     0.0   285.3   11.31    20.8     3.0   285.3
 731  2776 286.1  25  5.0  0.00 9111.31
 725  2844 286.3  28  6.3  0.00 9010.17
 717  2937 285.9  31  6.9  0.00 89 9.04
 707  3055 285.4  32  7.3  0.00 88 7.91
 695  3204 284.7  33  7.7  0.00 87 6.78
 679  3392 283.5  32  7.6  0.00 87 5.65
 661  3623 281.9  29  7.5  0.00 87 4.52
 634  3963 279.6  26  7.1  0.00 83 3.39
 601  4402 277.0  25  6.4  0.00 72 2.26
 568  4860 274.5  28  5.7  0.00 65 2.26
2005082802003003  745.8 0.00 0     0.0     0.0   286.0   11.63    20.7     2.6   286.0
 743  2637 286.8  24  4.6  0.00 9111.63
 737  2705 286.9  29  6.1  0.00 9010.47
 729  2798 286.6  32  6.8  0.00 89 9.31
 719  2917 286.0  33  7.2  0.00 88 8.14
 706  3066 285.2  34  7.6  0.00 87 6.98
 690  3256 284.3  33  7.6  0.00 85 5.82
 672  3487 282.7  29  7.5  0.00 84 4.65
 645  3829 280.4  24  7.3  0.00 80 3.49
 611  4269 277.8  21  6.8  0.00 70 2.33
 577  4730 275.2  25  6.2  0.00 63 2.33
2005082802004003  766.9 0.00 0     0.0     0.0   287.4   12.12    26.7     2.7   287.4
 764  2398 288.8  30  4.2  0.00 8512.12
 758  2467 289.2  34  5.5  0.00 8110.90
 750  2561 289.3  35  6.4  0.00 77 9.69
 739  2681 288.5  34  6.7  0.00 78 8.48
 726  2832 287.8  34  7.1  0.00 77 7.27
 710  3023 286.2  32  7.2  0.00 79 6.06
 691  3257 284.3  28  7.1  0.00 81 4.85
 663  3602 281.9  22  7.1  0.00 78 3.63
 628  4046 279.1  17  7.0  0.00 69 2.42
 593  4509 276.5  19  6.6  0.00 62 2.42
2005082802005003  761.5 0.00 0     0.0     0.0   287.3   11.81    38.8     2.9   287.3
 759  2459 288.7  39  4.9  0.00 8111.81
 753  2528 289.0  38  5.9  0.00 7810.63
 744  2622 288.7  37  6.4  0.00 77 9.45
 734  2741 287.9  35  6.7  0.00 77 8.27
 721  2892 287.1  33  6.9  0.00 76 7.09
 705  3082 285.6  29  7.1  0.00 78 5.91
 686  3316 283.9  24  7.2  0.00 77 4.72
 658  3659 281.6  17  7.3  0.00 72 3.54
 624  4102 278.9  14  7.2  0.00 65 2.36
 589  4565 276.3  17  6.8  0.00 60 2.36
2005082802006003  744.7 0.00 0     0.0     0.0   285.7   11.05    39.4     3.0   285.7
 742  2649 286.3  38  5.1  0.00 8811.05
 736  2717 286.3  36  5.8  0.00 86 9.95
 728  2810 286.1  35  6.2  0.00 84 8.84
 718  2928 285.6  32  6.6  0.00 82 7.74
 705  3077 284.7  30  6.9  0.00 82 6.63
 690  3266 284.1  26  7.2  0.00 77 5.53
 671  3497 282.7  20  7.4  0.00 73 4.42
 644  3838 280.5  15  7.4  0.00 68 3.32
 610  4278 278.0  14  7.2  0.00 62 2.21
 577  4739 275.4  17  6.8  0.00 59 2.21
2005082802007003  740.0 0.00 0     0.0     0.0   285.1   10.58    35.2     3.0   285.1
 737  2703 285.8  30  4.6  0.00 8810.58
 731  2771 285.8  31  5.2  0.00 87 9.52
 723  2863 285.7  31  5.7  0.00 84 8.46
 713  2981 285.2  29  6.2  0.00 82 7.40
 701  3130 284.6  28  6.5  0.00 81 6.35
 685  3318 283.5  23  6.9  0.00 77 5.29
 666  3549 282.1  18  7.2  0.00 73 4.23
 640  3889 280.2  14  7.4  0.00 68 3.17
 606  4329 277.8  15  7.2  0.00 62 2.12
 573  4788 275.2  18  6.7  0.00 59 2.12
2005082802008003  742.8 0.00 0     0.0     0.0   285.2   10.59    34.4     2.6   285.2
 740  2672 286.0  27  3.9  0.00 8810.59
 734  2740 286.0  28  4.6  0.00 85 9.53
 726  2833 285.7  27  5.1  0.00 84 8.47
 716  2951 285.1  25  5.5  0.00 83 7.41
 703  3099 284.1  24  6.0  0.00 83 6.35
 688  3288 283.4  20  6.5  0.00 79 5.30
 669  3518 282.1  15  7.0  0.00 75 4.24
 642  3859 280.2  12  7.3  0.00 70 3.18
 608  4299 277.9  14  7.4  0.00 63 2.12
 575  4759 275.4  18  6.8  0.00 59 2.12
2005082802009003  752.8 0.00 0     0.0     0.0   286.1   10.72    31.8     2.2   286.1
 750  2561 286.6  20  3.2  0.00 8510.72
 744  2629 286.6  21  4.0  0.00 83 9.65
 736  2721 286.1  19  4.5  0.00 81 8.58
 725  2840 285.6  18  5.0  0.00 81 7.51
 713  2988 284.6  18  5.5  0.00 81 6.43
 697  3177 283.9  15  6.2  0.00 78 5.36
 678  3409 282.6  12  6.7  0.00 75 4.29
 650  3750 280.6  10  7.2  0.00 71 3.22
 616  4191 278.4  13  7.4  0.00 65 2.14
 582  4653 275.9  17  7.1  0.00 59 2.14
2005082802010003  761.1 0.00 0     0.0     0.0   287.3   11.00    28.3     2.1   287.3
 758  2468 287.7  11  3.1  0.00 7911.00
 752  2536 287.7  13  3.9  0.00 77 9.90
 744  2629 287.1  12  4.3  0.00 76 8.80
 733  2748 286.4  11  4.9  0.00 76 7.70
 720  2897 285.5  11  5.3  0.00 76 6.60
 704  3087 284.3  10  6.1  0.00 76 5.50
 685  3319 283.0   9  6.6  0.00 74 4.40
 657  3661 281.0   9  6.9  0.00 72 3.30
 623  4103 278.7  12  7.2  0.00 65 2.20
 589  4566 276.3  18  6.9  0.00 58 2.20
2005082802011003  785.4 0.00 0     0.0     0.0   289.3   11.72    38.4     1.1   289.3
 782  2200 289.2   4  1.9  0.00 7811.72
 776  2269 289.1  11  2.7  0.00 7510.55
 767  2363 288.6   9  3.3  0.00 74 9.37
 757  2482 287.9   7  4.0  0.00 74 8.20
 743  2633 287.0   6  4.6  0.00 73 7.03
 727  2824 285.9   5  5.2  0.00 73 5.86
 707  3058 284.5   5  5.8  0.00 72 4.69
 678  3403 282.4   6  6.2  0.00 72 3.52
 643  3849 280.0  11  6.4  0.00 68 2.34
 607  4315 277.6  18  6.2  0.00 61 2.34
2005082802012003  849.1 0.00 0     0.0     0.0   292.1   13.06   166.9     1.0   292.1
 846  1529 293.1 197  1.0  0.00 7613.06
 839  1600 293.1 163  0.8  0.00 7411.75
 830  1695 292.6 127  0.2  0.00 7310.45
 818  1818 291.9  10  0.6  0.00 72 9.14
 804  1971 291.0   7  1.4  0.00 71 7.83
 785  2167 289.9   3  2.3  0.00 71 6.53
 764  2405 288.4   1  3.3  0.00 71 5.22
 733  2758 286.3   0  4.3  0.00 71 3.92
 694  3213 283.6   3  5.1  0.00 70 2.61
 655  3690 281.0  11  5.0  0.00 68 2.61
2005082802013003  931.1 0.00 0     0.0     0.0   296.7   15.93   176.9     1.9   296.7
 928   725 298.2 185  3.6  0.00 7215.93
 920   797 298.6 179  4.5  0.00 6714.34
 910   895 298.0 181  4.2  0.00 6612.74
 897  1021 297.1 186  3.4  0.00 6611.15
 881  1178 296.3 186  2.7  0.00 65 9.56
 861  1379 295.1 192  1.7  0.00 65 7.96
 837  1624 293.5 237  0.7  0.00 66 6.37
 803  1985 291.1 323  1.5  0.00 69 4.78
 760  2452 288.1 341  3.1  0.00 71 3.19
 717  2941 285.2 348  3.8  0.00 71 3.19
2005082802014003  991.2 0.00 0     0.0     0.0   300.0   17.24   173.8     1.8   300.0
 988   169 301.6 180  3.5  0.00 6717.24
 980   242 301.7 180  4.1  0.00 6415.52
 969   342 300.9 183  4.3  0.00 6713.79
 955   470 300.1 187  4.2  0.00 6812.07
 938   630 299.9 192  3.3  0.00 5910.35
 917   834 298.8 200  2.8  0.00 59 8.62
 891  1083 297.2 222  1.9  0.00 59 6.90
 854  1451 294.8 281  1.8  0.00 62 5.17
 809  1926 291.5 319  3.2  0.00 67 3.45
 763  2422 288.3 329  4.3  0.00 71 3.45
2005082802001004  739.1 0.00 0     0.0     0.0   285.6   11.56    36.7     2.9   285.6
 736  2714 286.6  41  4.5  0.00 9411.56
 730  2783 286.9  41  6.3  0.00 9210.41
 722  2876 286.4  42  6.9  0.00 90 9.25
 712  2994 285.8  42  7.3  0.00 89 8.09
 700  3143 285.0  42  7.5  0.00 86 6.94
 684  3332 283.9  41  7.2  0.00 85 5.78
 666  3564 282.4  36  6.8  0.00 83 4.62
 639  3904 280.1  29  6.3  0.00 80 3.47
 605  4344 277.4  27  5.5  0.00 68 2.31
 572  4803 274.8  30  4.5  0.00 57 2.31
2005082802002004  742.4 0.00 0     0.0     0.0   285.6   11.38    30.5     3.0   285.6
 740  2677 286.6  33  4.6  0.00 9411.38
 734  2746 286.8  41  6.8  0.00 9210.24
 726  2839 286.3  43  7.5  0.00 91 9.10
 715  2957 285.7  43  7.9  0.00 89 7.97
 703  3106 285.0  42  8.0  0.00 87 6.83
 687  3295 283.9  40  7.7  0.00 86 5.69
 668  3527 282.5  35  7.2  0.00 83 4.55
 642  3868 280.2  27  6.7  0.00 77 3.41
 608  4308 277.7  23  6.1  0.00 64 2.28
 575  4767 275.1  26  5.3  0.00 54 2.28
2005082802003004  761.9 0.00 0     0.0     0.0   286.7   11.64    28.9     2.9   286.7
 759  2456 288.2  30  4.4  0.00 8811.64
 753  2525 288.7  40  6.9  0.00 8610.48
 745  2619 288.4  43  7.9  0.00 84 9.31
 734  2738 287.6  41  8.0  0.00 83 8.15
 721  2889 287.0  40  8.1  0.00 81 6.98
 705  3079 285.4  38  7.8  0.00 81 5.82
 686  3313 283.8  33  7.2  0.00 79 4.66
 658  3656 281.6  25  6.8  0.00 74 3.49
 624  4099 278.9  19  6.5  0.00 64 2.33
 589  4562 276.3  21  6.0  0.00 55 2.33
2005082802004004  773.6 0.00 0     0.0     0.0   287.5   11.88    36.1     3.1   287.5
 771  2326 288.6  39  4.7  0.00 8711.88
 765  2395 289.0  45  6.9  0.00 8410.69
 756  2489 288.9  46  8.0  0.00 82 9.50
 746  2609 288.6  42  8.1  0.00 78 8.31
 733  2760 287.7  39  8.1  0.00 77 7.13
 716  2951 286.5  35  7.9  0.00 75 5.94
 696  3186 284.8  29  7.4  0.00 74 4.75
 668  3530 282.5  22  7.0  0.00 69 3.56
 633  3975 279.8  15  6.7  0.00 60 2.38
 598  4440 277.1  16  6.4  0.00 53 2.38
2005082802005004  763.0 0.00 0     0.0     0.0   287.5   11.82    43.9     3.4   287.5
 760  2444 288.2  45  5.6  0.00 8511.82
 754  2513 288.5  47  7.1  0.00 8310.64
 746  2606 288.2  46  7.6  0.00 81 9.46
 735  2726 287.6  42  7.8  0.00 78 8.28
 722  2876 286.8  38  8.0  0.00 75 7.09
 706  3067 285.5  32  7.8  0.00 73 5.91
 687  3300 284.1  26  7.5  0.00 69 4.73
 659  3643 281.9  19  7.3  0.00 63 3.55
 625  4086 279.3  14  7.0  0.00 55 2.36
 590  4549 276.6  15  6.6  0.00 52 2.36
2005082802006004  746.2 0.00 0     0.0     0.0   285.9   11.12    46.3     3.3   285.9
 743  2634 286.3  45  5.2  0.00 9111.12
 737  2702 286.1  45  6.0  0.00 9010.01
 729  2795 285.9  44  6.5  0.00 87 8.90
 719  2913 285.7  38  7.3  0.00 82 7.79
 707  3062 284.7  34  7.6  0.00 79 6.67
 691  3251 284.1  29  7.7  0.00 72 5.56
 672  3482 282.8  24  7.7  0.00 66 4.45
 645  3823 280.8  18  7.5  0.00 61 3.34
 611  4263 278.4  16  7.3  0.00 54 2.22
 578  4724 275.8  17  6.7  0.00 52 2.22
2005082802007004  741.3 0.00 0     0.0     0.0   287.2   12.31    41.6     2.7   287.2
 739  2691 285.8  37  3.5  0.00 9312.31
 733  2759 285.3  38  4.2  0.00 9311.08
 725  2851 285.5  36  5.5  0.00 88 9.85
 714  2969 285.1  33  6.3  0.00 84 8.62
 702  3117 284.2  30  6.7  0.00 81 7.39
 686  3306 283.4  26  7.2  0.00 75 6.16
 668  3536 282.2  22  7.4  0.00 69 4.93
 641  3877 280.2  19  7.5  0.00 64 3.69
 607  4316 278.0  19  7.5  0.00 56 2.46
 574  4776 275.5  20  6.9  0.00 53 2.46
2005082802008004  766.8 0.00 0     0.0     0.0   287.0   11.50    35.6     1.4   287.0
 764  2405 288.0  26  1.8  0.00 8811.50
 758  2474 288.0  28  3.0  0.00 8610.35
 749  2567 287.6  29  3.7  0.00 83 9.20
 739  2687 286.8  28  4.4  0.00 82 8.05
 726  2836 285.9  26  5.1  0.00 82 6.90
 710  3027 284.7  23  5.8  0.00 80 5.75
 690  3259 283.4  20  6.5  0.00 77 4.60
 662  3602 281.5  17  7.0  0.00 71 3.45
 628  4046 279.3  18  7.5  0.00 63 2.30
 593  4510 276.9  20  7.2  0.00 57 2.30
2005082802009004  809.7 0.00 0     0.0     0.0   289.6   12.06    97.3     0.4   289.6
 807  1941 291.2  48  0.2  0.00 7812.06
 800  2010 291.3  28  1.5  0.00 7610.85
 791  2105 290.7  23  2.0  0.00 75 9.65
 780  2226 290.0  20  2.8  0.00 75 8.44
 766  2378 289.0  18  3.4  0.00 75 7.24
 749  2572 287.6  16  4.3  0.00 77 6.03
 729  2808 286.1  14  5.1  0.00 77 4.82
 699  3156 283.9  13  5.9  0.00 76 3.62
 662  3606 281.5  14  6.9  0.00 69 2.41
 625  4076 279.1  17  7.2  0.00 62 2.41
2005082802010004  842.6 0.00 0     0.0     0.0   291.7   12.59   163.0     0.8   291.7
 839  1597 293.3 193  1.0  0.00 7212.59
 832  1668 293.3  73  0.2  0.00 6911.33
 823  1764 292.8  17  0.9  0.00 6910.07
 812  1886 292.1  11  1.9  0.00 69 8.81
 797  2040 291.2   8  2.7  0.00 68 7.55
 779  2235 289.9   5  3.6  0.00 69 6.30
 758  2473 288.3   4  4.4  0.00 70 5.04
 727  2825 285.9   5  5.3  0.00 73 3.78
 689  3280 283.3   8  6.4  0.00 71 2.52
 650  3755 280.7  13  6.7  0.00 66 2.52
2005082802011004  877.7 0.00 0     0.0     0.0   294.2   13.48   177.7     1.4   294.2
 874  1241 295.9 196  2.3  0.00 6513.48
 867  1312 296.1 188  1.0  0.00 6112.13
 858  1409 295.6 317  0.1  0.00 6010.78
 845  1533 294.9 357  1.1  0.00 60 9.43
 830  1688 293.8 356  1.9  0.00 61 8.09
 812  1886 292.3 355  2.8  0.00 63 6.74
 789  2127 290.5 355  3.8  0.00 65 5.39
 757  2483 288.1 356  4.8  0.00 68 4.04
 717  2942 285.3   0  5.9  0.00 69 2.70
 677  3423 282.5   6  6.2  0.00 68 2.70
2005082802012004  914.9 0.00 0     0.0     0.0   296.9   14.24   179.2     1.9   296.9
 911   874 298.0 190  3.7  0.00 6214.24
 904   946 298.7 181  3.1  0.00 5712.82
 894  1045 298.2 182  2.1  0.00 5511.39
 881  1170 297.4 190  1.1  0.00 55 9.97
 866  1327 296.4 260  0.4  0.00 55 8.54
 846  1526 294.8 332  1.3  0.00 58 7.12
 823  1770 293.1 342  2.6  0.00 60 5.70
 789  2130 290.5 346  3.9  0.00 63 4.27
 747  2595 287.4 350  5.3  0.00 66 2.85
 705  3081 284.5 356  5.7  0.00 68 2.85
2005082802013004  954.8 0.00 0     0.0     0.0   298.9   16.01   179.2     2.6   298.9
 951   496 299.8 183  4.4  0.00 6816.01
 944   569 300.2 179  5.3  0.00 6314.41
 933   668 300.1 181  4.8  0.00 5812.81
 920   795 299.6 184  3.8  0.00 5511.21
 904   954 298.6 189  2.9  0.00 54 9.60
 883  1155 297.3 207  1.7  0.00 55 8.00
 858  1402 295.6 278  1.2  0.00 56 6.40
 823  1767 293.0 322  2.6  0.00 60 4.80
 779  2237 289.7 337  4.5  0.00 64 3.20
 735  2728 286.6 343  5.3  0.00 67 3.20
2005082802014004  995.0 0.00 0     0.0     0.0   302.0   18.53   177.4     3.9   302.0
 992   129 302.1 176  4.2  0.00 6818.53
 984   203 301.7 177  4.5  0.00 6816.68
 973   303 301.1 180  4.9  0.00 6814.82
 959   431 300.8 184  4.6  0.00 6212.97
 942   591 300.5 189  3.7  0.00 5411.12
 920   795 299.4 200  2.8  0.00 54 9.26
 894  1045 297.9 234  1.8  0.00 54 7.41
 858  1413 295.4 296  2.4  0.00 57 5.56
 812  1888 292.1 321  4.2  0.00 61 3.71
 766  2386 288.7 331  5.4  0.00 67 3.71
2005082802001005  755.9 0.00 0     0.0     0.0   286.9   12.37    61.8     2.8   286.9
 753  2523 288.1  69  4.5  0.00 9212.37
 747  2592 288.6  62  7.5  0.00 9011.13
 739  2686 287.9  60  8.0  0.00 89 9.89
 729  2805 287.1  57  8.1  0.00 87 8.66
 716  2955 286.4  54  7.9  0.00 84 7.42
 700  3146 285.0  47  7.1  0.00 82 6.18
 681  3378 283.6  37  6.5  0.00 80 4.95
 653  3721 281.3  26  6.1  0.00 80 3.71
 619  4164 278.6  17  5.6  0.00 69 2.47
 585  4626 275.9  19  4.4  0.00 56 2.47
2005082802002005  760.1 0.00 0     0.0     0.0   286.5   11.74    54.4     2.8   286.5
 757  2476 288.0  59  4.0  0.00 9211.74
 751  2545 288.4  61  7.6  0.00 9010.57
 743  2639 287.8  59  8.2  0.00 88 9.39
 733  2758 287.2  54  8.1  0.00 86 8.22
 720  2908 286.5  49  7.8  0.00 83 7.05
 704  3099 285.2  42  7.1  0.00 81 5.87
 684  3332 283.7  33  6.6  0.00 78 4.70
 657  3675 281.5  23  6.3  0.00 75 3.52
 622  4118 278.9  13  6.0  0.00 64 2.35
 588  4581 276.2  15  5.2  0.00 53 2.35
2005082802003005  777.9 0.00 0     0.0     0.0   287.3   11.80    46.8     3.0   287.3
 775  2279 288.7  51  4.0  0.00 9011.80
 769  2348 289.2  58  7.4  0.00 8810.62
 760  2443 288.9  56  8.2  0.00 84 9.44
 750  2563 288.5  50  8.0  0.00 80 8.26
 737  2714 287.7  44  7.8  0.00 77 7.08
 720  2905 286.6  38  7.4  0.00 74 5.90
 700  3140 285.1  30  6.9  0.00 71 4.72
 672  3485 282.8  20  6.5  0.00 69 3.54
 637  3931 280.1  10  6.3  0.00 61 2.36
 602  4396 277.3  12  5.8  0.00 53 2.36
2005082802004005  782.0 0.00 0     0.0     0.0   288.2   12.19    53.3     3.2   288.2
 779  2234 289.0  58  4.8  0.00 8912.19
 773  2303 289.4  61  7.5  0.00 8710.97
 764  2397 289.2  56  8.0  0.00 83 9.75
 754  2518 288.8  49  8.1  0.00 78 8.53
 740  2669 288.0  42  8.0  0.00 75 7.31
 724  2861 286.9  34  7.8  0.00 71 6.09
 704  3095 285.5  26  7.4  0.00 67 4.88
 676  3441 283.2  18  6.9  0.00 63 3.66
 640  3887 280.5   9  6.6  0.00 55 2.44
 605  4353 277.7  10  6.2  0.00 51 2.44
2005082802005005  769.3 0.00 0     0.0     0.0   287.9   12.24    58.0     3.3   287.9
 767  2375 288.2  61  5.2  0.00 9112.24
 760  2444 288.2  60  6.8  0.00 9111.02
 752  2537 288.0  55  7.3  0.00 86 9.79
 741  2657 287.7  47  7.7  0.00 79 8.57
 728  2807 286.9  39  7.8  0.00 74 7.34
 712  2998 285.8  32  7.8  0.00 70 6.12
 693  3231 284.4  25  7.6  0.00 65 4.90
 665  3575 282.3  18  7.4  0.00 60 3.67
 630  4019 279.8  12  7.1  0.00 52 2.45
 595  4483 277.1  13  6.5  0.00 49 2.45
2005082802006005  761.0 0.00 0     0.0     0.0   289.0   13.23    60.7     3.0   289.0
 758  2469 287.9  59  4.0  0.00 9213.23
 752  2537 287.4  59  4.8  0.00 9211.91
 744  2631 286.8  54  5.3  0.00 9210.58
 733  2750 286.7  43  6.4  0.00 84 9.26
 720  2899 285.9  36  6.9  0.00 78 7.94
 704  3089 284.8  30  7.3  0.00 73 6.61
 685  3322 283.5  25  7.6  0.00 67 5.29
 658  3664 281.6  20  7.6  0.00 61 3.97
 623  4107 279.3  18  7.5  0.00 53 2.65
 589  4570 276.7  18  6.9  0.00 49 2.65
2005082802007005  772.6 0.00 0     0.0     0.0   289.7   13.87    71.5     1.2   289.7
 770  2341 288.7  74  1.5  0.00 9213.87
 764  2410 288.1  63  2.2  0.00 9212.48
 755  2503 287.1  45  3.1  0.00 9211.10
 745  2623 287.4  36  4.6  0.00 83 9.71
 731  2773 286.4  30  5.2  0.00 81 8.32
 715  2964 285.3  26  6.1  0.00 77 6.94
 695  3197 284.0  23  6.8  0.00 72 5.55
 667  3541 282.0  21  7.3  0.00 67 4.16
 632  3985 279.8  21  7.7  0.00 58 2.77
 598  4450 277.4  22  7.3  0.00 52 2.77
2005082802008005  825.7 0.00 0     0.0     0.0   290.4   12.94   199.4     0.6   290.4
 823  1773 292.3 215  1.2  0.00 8312.94
 816  1843 292.3  87  0.3  0.00 8011.64
 807  1939 291.8  38  0.9  0.00 7710.35
 796  2061 291.1  35  2.0  0.00 77 9.06
 782  2214 290.1  28  2.7  0.00 76 7.76
 764  2408 288.8  21  4.0  0.00 76 6.47
 743  2646 287.3  19  5.0  0.00 75 5.17
 713  2996 285.0  17  6.0  0.00 74 3.88
 675  3448 282.5  18  7.2  0.00 68 2.59
 638  3922 280.1  21  7.4  0.00 60 2.59
2005082802009005  902.0 0.00 0     0.0     0.0   294.9   14.42   201.3     1.2   294.9
 899  1006 297.6 211  2.8  0.00 6914.42
 891  1077 297.9 191  1.3  0.00 6712.98
 882  1176 297.4 180  0.7  0.00 6611.54
 869  1301 296.4 101  0.4  0.00 6710.09
 854  1457 295.1  56  0.9  0.00 69 8.65
 834  1657 293.7  31  1.8  0.00 70 7.21
 811  1900 292.2  15  3.0  0.00 70 5.77
 778  2259 289.8   9  4.3  0.00 71 4.33
 737  2723 286.8  10  6.0  0.00 71 2.88
 695  3208 284.0  14  7.0  0.00 69 2.88
2005082802010005  951.1 0.00 0     0.0     0.0   298.1   14.52   190.5     2.2   298.1
 948   537 300.6 195  3.8  0.00 6114.52
 940   610 301.1 185  3.0  0.00 5913.07
 930   709 300.7 171  1.7  0.00 6011.62
 916   836 299.9 157  0.9  0.00 6110.16
 900   996 298.8 100  0.8  0.00 61 8.71
 879  1198 297.0  61  1.0  0.00 63 7.26
 855  1445 295.4  16  1.8  0.00 63 5.81
 820  1810 292.9   1  3.4  0.00 65 4.36
 776  2280 289.6 359  5.5  0.00 68 2.90
 732  2772 286.5   4  6.7  0.00 70 2.90
2005082802011005  974.7 0.00 0     0.0     0.0   299.8   14.61   182.9     2.5   299.8
 971   316 302.0 186  4.1  0.00 5714.61
 963   390 302.5 179  3.4  0.00 5513.15
 952   490 302.4 161  2.4  0.00 5311.69
 939   617 301.4 153  1.7  0.00 5510.23
 922   778 300.1 130  1.3  0.00 57 8.77
 901   981 298.9  81  1.0  0.00 56 7.30
 876  1230 297.2  13  1.3  0.00 56 5.84
 840  1597 294.3 353  3.1  0.00 61 4.38
 795  2070 290.9 352  5.4  0.00 66 2.92
 750  2565 287.7 356  6.7  0.00 68 2.92
2005082802012005  988.1 0.00 0     0.0     0.0   300.6   15.08   174.3     2.4   300.6
 985   191 302.3 177  4.2  0.00 5815.08
 977   265 302.9 170  4.4  0.00 5413.57
 966   365 302.8 161  3.6  0.00 5212.06
 952   493 301.9 159  2.9  0.00 5410.56
 935   654 301.0 151  2.2  0.00 53 9.05
 914   858 299.7 133  1.2  0.00 52 7.54
 888  1107 297.9  14  0.7  0.00 53 6.03
 852  1475 295.2 346  2.7  0.00 57 4.52
 806  1950 291.7 346  5.3  0.00 63 3.02
 761  2447 288.4 349  6.6  0.00 67 3.02
2005082802013005  995.6 0.00 0     0.0     0.0   300.4   16.52   165.2     2.6   300.4
 992   122 301.8 168  4.3  0.00 6416.52
 984   196 302.4 167  5.4  0.00 6014.86
 973   296 302.4 166  5.2  0.00 5713.21
 959   424 301.9 168  4.4  0.00 5511.56
 942   585 301.2 169  3.4  0.00 51 9.91
 921   789 299.9 172  1.9  0.00 51 8.26
 895  1039 298.3 240  0.3  0.00 52 6.61
 858  1408 295.6 329  2.3  0.00 55 4.95
 812  1884 292.2 337  4.9  0.00 61 3.30
 766  2381 288.8 342  6.4  0.00 67 3.30
2005082802014005 1003.9 0.00 0     0.0     0.0   302.5   19.58   167.5     4.0   302.5
1001    49 302.6 166  4.4  0.00 7019.58
 992   123 302.1 167  4.3  0.00 7117.62
 981   223 301.6 171  4.9  0.00 6915.66
 967   351 301.4 177  4.5  0.00 5813.70
 950   512 301.1 183  3.6  0.00 5111.75
 928   716 300.0 194  2.3  0.00 51 9.79
 902   967 298.5 245  1.2  0.00 52 7.83
 865  1336 296.0 310  2.6  0.00 55 5.87
 819  1813 292.6 325  5.0  0.00 60 3.92
 773  2311 289.2 333  6.3  0.00 66 3.92
2005082802001006  782.8 0.00 0     0.0     0.0   288.4   12.77    74.9     2.7   288.4
 780  2225 289.7  83  3.9  0.00 9012.77
 774  2294 290.0  70  6.3  0.00 8811.49
 765  2389 289.6  68  7.5  0.00 8710.21
 754  2509 289.1  65  7.9  0.00 84 8.94
 741  2661 288.3  61  8.1  0.00 82 7.66
 725  2853 287.1  55  7.6  0.00 81 6.38
 705  3089 285.5  45  6.9  0.00 82 5.11
 676  3435 283.1  30  6.1  0.00 83 3.83
 641  3883 280.2  14  5.7  0.00 74 2.55
 605  4349 277.4  12  4.9  0.00 60 2.55
2005082802002006  785.8 0.00 0     0.0     0.0   288.2   12.43    71.5     2.7   288.2
 783  2192 289.4  79  3.7  0.00 9012.43
 777  2262 289.8  70  6.5  0.00 8711.19
 768  2356 289.6  67  7.4  0.00 85 9.94
 757  2477 289.2  62  7.6  0.00 81 8.70
 744  2628 288.5  56  7.5  0.00 78 7.46
 727  2821 287.3  48  7.2  0.00 76 6.22
 707  3056 285.7  39  6.8  0.00 74 4.97
 679  3403 283.3  26  6.4  0.00 73 3.73
 643  3850 280.5  12  6.1  0.00 67 2.49
 607  4317 277.6  11  5.5  0.00 58 2.49
2005082802003006  792.3 0.00 0     0.0     0.0   288.5   12.40    65.7     2.9   288.5
 789  2122 289.7  72  3.9  0.00 8912.40
 783  2192 290.2  69  6.5  0.00 8611.16
 774  2286 289.9  65  7.0  0.00 83 9.92
 764  2407 289.4  58  7.2  0.00 80 8.68
 750  2559 288.7  50  7.3  0.00 77 7.44
 733  2752 287.5  42  7.3  0.00 74 6.20
 713  2987 286.1  33  7.1  0.00 70 4.96
 684  3334 283.8  23  6.7  0.00 67 3.72
 648  3783 281.0  11  6.5  0.00 60 2.48
 612  4250 278.2   9  5.9  0.00 54 2.48
2005082802004006  795.0 0.00 0     0.0     0.0   289.0   12.62    68.5     2.9   289.0
 792  2093 289.9  75  4.1  0.00 8912.62
 786  2163 290.3  71  6.1  0.00 8611.36
 777  2257 289.9  63  6.4  0.00 8310.10
 766  2378 289.4  54  6.7  0.00 80 8.84
 753  2530 288.6  45  7.0  0.00 76 7.57
 736  2723 287.5  37  7.2  0.00 72 6.31
 716  2958 286.1  29  7.3  0.00 68 5.05
 687  3305 283.9  21  7.1  0.00 64 3.79
 651  3754 281.3  12  6.9  0.00 56 2.52
 615  4222 278.5  11  6.3  0.00 51 2.52
2005082802005006  795.0 0.00 0     0.0     0.0   289.5   12.91    80.7     2.5   289.5
 792  2095 289.9  87  3.6  0.00 8912.91
 786  2164 290.2  75  5.0  0.00 8711.62
 777  2259 289.7  63  5.3  0.00 8410.33
 766  2380 289.1  52  5.8  0.00 81 9.04
 753  2531 288.3  42  6.3  0.00 77 7.75
 736  2724 287.2  33  6.9  0.00 73 6.46
 716  2959 285.8  26  7.3  0.00 69 5.16
 687  3306 283.7  21  7.4  0.00 65 3.87
 651  3754 281.2  15  7.4  0.00 55 2.58
 615  4222 278.6  15  6.8  0.00 50 2.58
2005082802006006  800.7 0.00 0     0.0     0.0   289.7   12.86   100.3     1.7   289.7
 798  2035 290.5 104  2.2  0.00 8912.86
 791  2104 290.5  83  3.2  0.00 8711.57
 783  2199 290.0  69  3.3  0.00 8410.29
 772  2320 289.3  50  4.1  0.00 81 9.00
 758  2472 288.4  38  4.9  0.00 78 7.72
 741  2665 287.4  29  5.9  0.00 74 6.43
 721  2900 286.0  23  6.7  0.00 71 5.14
 691  3248 283.8  20  7.3  0.00 68 3.86
 655  3697 281.4  18  7.7  0.00 59 2.57
 619  4166 279.0  19  7.2  0.00 51 2.57
2005082802007006  831.4 0.00 0     0.0     0.0   291.7   13.72   157.9     1.0   291.7
 828  1712 292.8 176  1.9  0.00 8313.72
 822  1783 292.9 135  1.7  0.00 8012.34
 813  1878 292.2  99  1.4  0.00 7910.97
 801  2001 291.6  54  2.1  0.00 78 9.60
 787  2154 290.6  38  3.1  0.00 76 8.23
 769  2349 289.4  26  4.2  0.00 74 6.86
 748  2587 287.8  19  5.4  0.00 73 5.49
 718  2938 285.5  16  6.4  0.00 72 4.11
 680  3392 283.0  16  7.5  0.00 66 2.74
 642  3866 280.5  18  7.4  0.00 58 2.74
2005082802008006  896.8 0.00 0     0.0     0.0   295.7   15.36   197.3     1.5   295.7
 894  1054 297.4 204  3.0  0.00 7315.36
 886  1126 297.6 179  2.6  0.00 7113.82
 877  1224 297.0 163  1.8  0.00 7012.29
 864  1349 296.1 135  1.4  0.00 7010.75
 849  1506 295.2  91  1.1  0.00 70 9.21
 830  1705 293.8  35  2.0  0.00 71 7.68
 806  1949 292.1  22  3.3  0.00 70 6.14
 774  2308 289.6  13  4.7  0.00 71 4.61
 732  2771 286.7  11  6.5  0.00 70 3.07
 691  3255 283.8  13  7.3  0.00 67 3.07
2005082802009006  962.2 0.00 0     0.0     0.0   298.5   15.73   200.0     2.1   298.5
 959   435 301.2 201  3.5  0.00 6515.73
 951   508 301.5 180  3.1  0.00 6414.16
 940   608 301.2 157  2.7  0.00 6412.59
 927   735 300.4 148  2.6  0.00 6411.01
 910   895 299.5 148  2.1  0.00 64 9.44
 890  1098 297.6 129  1.3  0.00 68 7.87
 865  1347 295.9  51  1.5  0.00 69 6.29
 829  1713 293.7  16  3.0  0.00 69 4.72
 785  2186 290.4   3  5.2  0.00 69 3.15
 741  2679 287.2   5  7.0  0.00 70 3.15
2005082802010006  994.1 0.00 0     0.0     0.0   299.8   15.91   181.9     1.7   299.8
 991   144 302.5 188  3.2  0.00 6315.91
 982   218 302.9 169  3.5  0.00 6114.32
 971   318 302.8 144  3.3  0.00 6112.73
 958   447 302.0 141  3.2  0.00 6311.14
 940   608 301.1 149  2.7  0.00 62 9.54
 919   813 299.5 147  2.2  0.00 64 7.95
 893  1063 298.0 110  1.3  0.00 63 6.36
 857  1433 295.6  15  2.1  0.00 65 4.77
 811  1910 292.2 356  4.9  0.00 68 3.18
 765  2408 288.9 358  6.9  0.00 69 3.18
2005082802011006 1002.4 0.00 0     0.0     0.0   299.7   16.11   153.9     1.7   299.7
 999    68 302.4 165  3.0  0.00 6316.11
 991   142 303.1 154  3.8  0.00 6014.50
 980   242 303.1 141  3.9  0.00 5812.89
 966   371 302.3 143  3.6  0.00 6011.28
 948   532 301.4 147  3.1  0.00 59 9.67
 927   737 300.0 135  2.3  0.00 58 8.06
 901   988 298.6 108  1.2  0.00 57 6.45
 864  1358 296.1 358  2.0  0.00 61 4.83
 817  1835 292.6 348  5.0  0.00 66 3.22
 771  2334 289.2 352  7.1  0.00 69 3.22
2005082802012006 1003.7 0.00 0     0.0     0.0   299.9   16.79   138.7     1.9   299.9
1000    53 302.0 148  3.3  0.00 6616.79
 992   127 302.8 147  4.2  0.00 6215.11
 981   228 302.8 146  4.3  0.00 5913.43
 967   356 301.9 148  3.8  0.00 6111.75
 950   517 301.3 148  3.4  0.00 5610.07
 928   722 300.3 140  2.5  0.00 53 8.40
 902   972 298.7 112  0.8  0.00 54 6.72
 865  1342 296.1 341  2.3  0.00 57 5.04
 819  1820 292.7 339  5.3  0.00 64 3.36
 772  2318 289.2 345  7.1  0.00 69 3.36
2005082802013006 1006.0 0.00 0     0.0     0.0   302.4   19.37   149.6     3.6   302.4
1003    31 302.7 148  3.9  0.00 7019.37
 994   105 302.3 151  4.4  0.00 7017.43
 983   205 302.2 156  4.8  0.00 6515.49
 969   333 301.8 157  4.3  0.00 6013.56
 952   494 301.3 158  3.4  0.00 5311.62
 930   699 300.3 156  2.0  0.00 51 9.68
 904   949 298.8 152  0.1  0.00 52 7.75
 867  1319 296.2 328  2.5  0.00 56 5.81
 821  1796 292.8 332  5.4  0.00 63 3.87
 774  2295 289.3 339  7.0  0.00 68 3.87
2005082802014006 1005.9 0.00 0     0.0     0.0   302.5   19.86   158.7     3.6   302.5
1003    30 302.6 159  3.8  0.00 7219.86
 994   104 302.0 160  3.9  0.00 7217.87
 983   205 301.5 164  4.1  0.00 6815.89
 969   332 301.4 168  3.8  0.00 5613.90
 952   493 301.0 175  2.7  0.00 5111.92
 930   697 300.1 186  1.3  0.00 50 9.93
 904   948 298.6 303  0.8  0.00 51 7.94
 867  1317 296.1 321  3.1  0.00 55 5.96
 821  1794 292.7 325  5.6  0.00 62 3.97
 774  2293 289.4 332  6.9  0.00 68 3.97
2005082802001007  800.1 0.00 0     0.0     0.0   289.6   13.30    66.5     2.8   289.6
 797  2037 291.1  73  4.3  0.00 8713.30
 791  2106 291.3  72  6.5  0.00 8611.97
 782  2202 290.8  72  7.6  0.00 8410.64
 771  2323 290.3  68  7.9  0.00 80 9.31
 758  2475 289.5  63  7.7  0.00 78 7.98
 741  2669 288.4  55  7.6  0.00 76 6.65
 720  2906 286.9  46  7.0  0.00 75 5.32
 691  3255 284.4  32  6.1  0.00 77 3.99
 655  3705 281.6  13  5.7  0.00 71 2.66
 618  4175 278.5   8  5.1  0.00 62 2.66
2005082802002007  804.9 0.00 0     0.0     0.0   289.9   13.30    69.8     2.8   289.9
 802  1985 290.8  79  4.1  0.00 8813.30
 796  2055 291.3  74  6.6  0.00 8411.97
 787  2150 290.9  72  7.2  0.00 8110.64
 776  2271 290.4  67  7.2  0.00 77 9.31
 762  2424 289.7  59  7.2  0.00 76 7.98
 745  2618 288.6  50  7.1  0.00 74 6.65
 724  2855 287.0  40  6.9  0.00 73 5.32
 695  3204 284.6  28  6.5  0.00 72 3.99
 659  3654 281.9  13  6.2  0.00 65 2.66
 622  4125 278.9   8  5.5  0.00 58 2.66
2005082802003007  808.9 0.00 0     0.0     0.0   290.1   13.30    76.0     2.7   290.1
 806  1944 291.2  85  3.8  0.00 8713.30
 800  2014 292.0  77  6.3  0.00 8111.97
 791  2109 291.4  73  6.5  0.00 7810.64
 780  2231 290.8  65  6.5  0.00 76 9.31
 766  2383 290.0  56  6.8  0.00 73 7.98
 749  2577 288.7  45  6.8  0.00 72 6.65
 728  2814 287.1  35  6.9  0.00 69 5.32
 699  3163 284.8  25  6.8  0.00 67 3.99
 662  3614 282.1  13  6.6  0.00 60 2.66
 625  4085 279.2   9  5.9  0.00 54 2.66
2005082802004007  815.5 0.00 0     0.0     0.0   290.6   13.48    89.2     2.3   290.6
 813  1874 291.7  99  3.5  0.00 8513.48
 806  1945 292.2  82  5.4  0.00 8112.13
 797  2040 291.7  75  5.4  0.00 7810.78
 786  2162 291.0  64  5.5  0.00 76 9.44
 772  2315 290.1  52  5.8  0.00 73 8.09
 755  2509 288.9  41  6.2  0.00 71 6.74
 734  2746 287.4  31  6.7  0.00 69 5.39
 704  3096 285.1  23  6.9  0.00 66 4.04
 667  3547 282.4  15  7.0  0.00 59 2.70
 630  4019 279.6  12  6.4  0.00 53 2.70
2005082802005007  824.7 0.00 0     0.0     0.0   291.5   13.85   110.0     1.8   291.5
 822  1779 292.3 121  2.8  0.00 8413.85
 815  1849 292.7  92  4.0  0.00 8112.47
 806  1945 292.1  80  4.1  0.00 7911.08
 795  2067 291.5  66  4.3  0.00 76 9.70
 781  2220 290.5  50  4.8  0.00 74 8.31
 763  2415 289.3  36  5.5  0.00 72 6.93
 742  2653 287.7  27  6.4  0.00 70 5.54
 712  3004 285.4  21  7.0  0.00 68 4.16
 675  3456 282.8  17  7.4  0.00 61 2.77
 637  3929 280.2  16  6.9  0.00 54 2.77
2005082802006007  846.0 0.00 0     0.0     0.0   293.4   14.73   143.0     1.3   293.4
 843  1559 293.9 162  2.7  0.00 8114.73
 836  1629 294.3 120  2.8  0.00 7813.25
 827  1726 293.6 101  2.6  0.00 7711.78
 815  1849 292.8  77  2.9  0.00 7610.31
 801  2003 291.8  55  3.4  0.00 74 8.84
 783  2199 290.6  36  4.3  0.00 72 7.36
 761  2439 289.0  24  5.5  0.00 71 5.89
 730  2792 286.6  19  6.6  0.00 71 4.42
 692  3248 283.9  16  7.6  0.00 66 2.95
 653  3724 281.3  17  7.4  0.00 58 2.95
2005082802007007  896.0 0.00 0     0.0     0.0   296.5   15.83   181.2     1.6   296.5
 893  1060 297.3 185  3.3  0.00 7415.83
 886  1132 297.7 160  3.3  0.00 7114.25
 876  1230 297.2 145  2.7  0.00 7012.66
 863  1355 296.3 125  2.1  0.00 7111.08
 848  1512 295.3  89  1.9  0.00 71 9.50
 829  1711 293.9  56  2.5  0.00 70 7.92
 806  1955 292.2  29  3.6  0.00 69 6.33
 773  2314 289.7  17  5.2  0.00 70 4.75
 732  2777 286.7  14  7.2  0.00 70 3.17
 691  3261 283.9  15  7.7  0.00 66 3.17
2005082802008007  952.3 0.00 0     0.0     0.0   299.0   16.39   188.9     2.0   299.0
 949   522 300.8 186  3.4  0.00 6616.39
 941   595 301.2 165  4.2  0.00 6514.75
 931   695 300.9 149  4.1  0.00 6413.12
 918   822 300.0 147  3.7  0.00 6611.48
 901   982 298.9 143  2.7  0.00 67 9.84
 881  1185 297.6 115  2.2  0.00 68 8.20
 856  1434 295.8  68  2.1  0.00 69 6.56
 821  1799 293.2  21  3.2  0.00 70 4.92
 777  2271 289.9  11  5.9  0.00 70 3.28
 733  2763 286.7  11  7.7  0.00 71 3.28
2005082802009007  983.4 0.00 0     0.0     0.0   299.7   16.94   169.8     1.6   299.7
 980   238 302.0 172  3.1  0.00 6616.94
 972   311 302.4 152  4.2  0.00 6415.25
 961   412 302.2 138  4.9  0.00 6413.56
 947   540 301.4 139  4.6  0.00 6511.86
 930   701 300.3 149  3.8  0.00 6710.17
 909   905 299.3 140  3.2  0.00 64 8.47
 884  1155 297.6 109  2.1  0.00 66 6.78
 847  1524 295.0  26  1.9  0.00 70 5.08
 802  2000 291.6   3  4.8  0.00 71 3.39
 757  2497 288.3   6  7.4  0.00 72 3.39
2005082802010007  995.6 0.00 0     0.0     0.0   299.7   17.52   137.9     1.7   299.7
 992   128 301.8 146  2.9  0.00 7017.52
 984   201 302.6 138  4.4  0.00 6515.77
 973   302 302.4 134  5.0  0.00 6414.02
 959   430 301.5 140  4.7  0.00 6712.27
 942   591 300.7 146  4.2  0.00 6410.51
 920   796 299.9 141  3.3  0.00 60 8.76
 895  1047 298.3 121  1.8  0.00 61 7.01
 858  1417 295.8   7  1.6  0.00 65 5.26
 812  1894 292.2 351  4.7  0.00 70 3.50
 766  2392 288.8 359  7.3  0.00 72 3.50
2005082802011007 1001.8 0.00 0     0.0     0.0   299.9   18.05   125.3     2.2   299.9
 998    73 301.8 134  3.5  0.00 7218.05
 990   146 302.5 134  4.6  0.00 6616.25
 979   247 302.4 137  4.8  0.00 6514.44
 965   375 301.6 143  4.5  0.00 6512.64
 948   536 301.2 140  4.1  0.00 5810.83
 926   741 300.3 134  2.8  0.00 55 9.03
 900   992 298.7 106  1.1  0.00 56 7.22
 863  1362 296.1 344  2.3  0.00 61 5.42
 817  1840 292.6 341  5.2  0.00 68 3.61
 771  2338 289.1 350  7.3  0.00 71 3.61
2005082802012007 1005.5 0.00 0     0.0     0.0   302.3   19.82   134.5     3.8   302.3
1002    36 302.7 135  4.1  0.00 7319.82
 994   110 302.2 136  4.3  0.00 7217.84
 983   211 302.0 142  4.5  0.00 6715.86
 969   339 301.5 142  4.4  0.00 6313.87
 951   500 301.2 140  3.7  0.00 5511.89
 930   705 300.4 133  2.3  0.00 52 9.91
 904   955 298.9  72  0.5  0.00 53 7.93
 866  1325 296.3 334  2.9  0.00 58 5.95
 820  1803 292.8 335  5.7  0.00 65 3.96
 774  2302 289.3 343  7.4  0.00 70 3.96
2005082802013007 1005.9 0.00 0     0.0     0.0   302.5   20.13   142.1     3.8   302.5
1003    30 302.6 142  4.1  0.00 7420.13
 994   104 302.0 143  3.9  0.00 7418.12
 983   205 301.7 147  4.3  0.00 6816.11
 969   333 301.4 145  4.0  0.00 5914.09
 952   493 301.1 144  3.0  0.00 5312.08
 930   698 300.3 134  1.4  0.00 5110.07
 904   948 298.8 359  0.6  0.00 52 8.05
 867  1318 296.2 328  3.3  0.00 57 6.04
 821  1796 292.8 330  6.0  0.00 64 4.03
 774  2295 289.4 337  7.3  0.00 69 4.03
2005082802014007 1005.8 0.00 0     0.0     0.0   302.5   19.60   153.7     3.3   302.5
1003    30 302.4 154  3.4  0.00 7219.60
 994   104 301.9 155  3.5  0.00 7317.64
 983   204 301.2 155  3.4  0.00 7015.68
 969   332 301.1 153  2.9  0.00 5713.72
 952   493 300.9 149  1.7  0.00 5111.76
 930   697 300.2 104  0.4  0.00 49 9.80
 904   947 298.6 340  1.4  0.00 51 7.84
 867  1316 296.1 325  3.7  0.00 56 5.88
 821  1794 292.7 325  6.0  0.00 62 3.92
 774  2293 289.4 332  7.2  0.00 67 3.92
2005082802001008  802.5 0.00 0     0.0     0.0   290.5   13.79    68.7     2.9   290.5
 800  2011 291.3  74  4.1  0.00 8813.79
 793  2081 291.6  79  6.8  0.00 8412.41
 785  2176 291.1  77  7.4  0.00 8011.03
 774  2297 290.5  71  7.5  0.00 78 9.65
 760  2450 289.6  65  7.6  0.00 78 8.27
 743  2643 288.5  54  7.3  0.00 77 6.90
 722  2880 287.0  42  6.8  0.00 76 5.52
 693  3230 284.6  28  6.2  0.00 75 4.14
 657  3680 281.8  12  6.1  0.00 66 2.76
 620  4150 278.7   9  5.5  0.00 59 2.76
2005082802002008  814.2 0.00 0     0.0     0.0   290.8   13.77    80.1     2.7   290.8
 811  1887 291.8  89  3.6  0.00 8613.77
 805  1957 292.5  83  6.2  0.00 8012.40
 796  2052 292.1  80  6.5  0.00 7611.02
 785  2174 291.4  72  6.7  0.00 74 9.64
 771  2327 290.6  63  7.0  0.00 74 8.26
 754  2522 289.1  53  6.8  0.00 75 6.89
 733  2760 287.5  41  6.8  0.00 74 5.51
 703  3110 285.1  29  6.6  0.00 72 4.13
 666  3562 282.4  15  6.5  0.00 64 2.75
 629  4033 279.5  10  5.8  0.00 56 2.75
2005082802003008  832.7 0.00 0     0.0     0.0   291.7   14.07    97.7     2.2   291.7
 830  1693 292.9 111  3.0  0.00 8414.07
 823  1763 293.5  89  5.1  0.00 7912.66
 814  1859 293.1  84  5.4  0.00 7611.26
 803  1982 292.5  75  5.7  0.00 73 9.85
 788  2136 291.6  64  5.9  0.00 72 8.44
 771  2331 290.2  52  6.1  0.00 72 7.04
 749  2570 288.6  39  6.5  0.00 72 5.63
 719  2922 286.2  29  6.8  0.00 71 4.22
 681  3377 283.4  18  6.9  0.00 63 2.81
 643  3851 280.6  13  6.2  0.00 55 2.81
2005082802004008  851.4 0.00 0     0.0     0.0   292.9   14.62   112.4     1.8   292.9
 849  1500 294.2 130  3.0  0.00 8114.62
 842  1571 295.0  96  4.4  0.00 7613.15
 833  1668 294.4  90  4.5  0.00 7411.69
 821  1791 293.7  79  4.6  0.00 7210.23
 806  1946 292.7  65  4.9  0.00 71 8.77
 788  2143 291.4  51  5.2  0.00 70 7.31
 766  2383 289.7  38  5.9  0.00 70 5.85
 735  2737 287.2  28  6.6  0.00 71 4.38
 696  3195 284.4  19  7.2  0.00 64 2.92
 657  3672 281.6  16  6.6  0.00 56 2.92
2005082802005008  864.9 0.00 0     0.0     0.0   294.4   15.29   136.3     1.5   294.4
 862  1364 295.5 153  3.2  0.00 7715.29
 855  1436 296.2 114  3.8  0.00 7113.76
 846  1533 295.6 105  3.9  0.00 6912.24
 834  1657 294.8  90  3.8  0.00 6910.71
 819  1812 293.7  70  3.8  0.00 68 9.18
 800  2010 292.2  48  4.2  0.00 69 7.65
 778  2251 290.5  34  5.2  0.00 70 6.12
 747  2607 287.9  25  6.3  0.00 71 4.59
 707  3066 285.0  19  7.4  0.00 67 3.06
 668  3545 282.3  17  7.2  0.00 59 3.06
2005082802006008  898.1 0.00 0     0.0     0.0   297.0   16.08   170.1     2.1   297.0
 895  1035 297.7 176  3.7  0.00 7316.08
 888  1108 298.3 146  3.9  0.00 6914.47
 878  1206 297.7 129  3.8  0.00 6812.87
 866  1331 296.9 116  3.7  0.00 6711.26
 850  1488 295.9  98  3.2  0.00 67 9.65
 831  1688 294.5  67  3.0  0.00 67 8.04
 808  1932 292.7  37  3.8  0.00 68 6.43
 775  2292 290.0  23  5.4  0.00 71 4.82
 734  2756 286.9  18  7.3  0.00 72 3.22
 693  3240 284.0  16  7.8  0.00 66 3.22
2005082802007008  947.1 0.00 0     0.0     0.0   299.6   16.61   177.9     2.2   299.6
 944   566 300.8 176  3.8  0.00 6616.61
 936   640 301.1 155  5.0  0.00 6414.95
 926   739 301.0 142  4.8  0.00 6413.29
 913   866 300.2 134  4.7  0.00 6411.63
 897  1026 299.1 127  4.2  0.00 65 9.97
 876  1229 297.6 113  3.3  0.00 66 8.31
 852  1477 295.8  74  2.4  0.00 67 6.65
 817  1843 293.1  27  3.6  0.00 70 4.98
 773  2314 289.7  15  6.5  0.00 73 3.32
 730  2806 286.5  14  8.2  0.00 73 3.32
2005082802008008  978.3 0.00 0     0.0     0.0   300.6   17.13   161.0     1.9   300.6
 975   280 302.2 158  3.6  0.00 6417.13
 967   354 302.4 145  5.3  0.00 6415.42
 956   454 302.1 140  5.7  0.00 6513.71
 943   582 301.6 135  5.9  0.00 6411.99
 926   743 300.6 137  5.3  0.00 6410.28
 905   948 299.3 131  4.4  0.00 64 8.57
 879  1198 297.7 114  2.9  0.00 65 6.85
 843  1567 294.9  42  1.8  0.00 71 5.14
 798  2043 291.4   9  5.2  0.00 73 3.43
 753  2539 288.0  11  8.2  0.00 75 3.43
2005082802009008  990.6 0.00 0     0.0     0.0   300.6   18.04   136.2     2.0   300.6
 987   170 302.1 140  3.5  0.00 6918.04
 979   243 302.7 136  5.2  0.00 6516.23
 968   344 302.2 136  5.6  0.00 6714.43
 954   472 301.8 133  5.9  0.00 6412.62
 937   633 301.1 134  5.4  0.00 6010.82
 916   838 300.0 132  4.3  0.00 59 9.02
 890  1089 298.4 115  2.7  0.00 61 7.21
 854  1459 295.6  31  1.3  0.00 67 5.41
 808  1936 292.0 358  4.6  0.00 72 3.61
 762  2434 288.5   5  7.8  0.00 76 3.61
2005082802010008  999.4 0.00 0     0.0     0.0   301.0   19.00   123.7     2.3   301.0
 996    90 302.2 130  3.8  0.00 7419.00
 988   164 302.5 132  5.0  0.00 7017.10
 977   265 302.3 136  5.4  0.00 6815.20
 963   393 301.9 135  5.5  0.00 6313.30
 945   554 301.5 132  5.0  0.00 5511.40
 924   759 300.5 127  3.6  0.00 54 9.50
 898  1010 298.9 103  1.8  0.00 57 7.60
 861  1381 296.2 358  1.8  0.00 64 5.70
 815  1859 292.5 347  4.9  0.00 70 3.80
 769  2358 289.0 357  7.6  0.00 74 3.80
2005082802011008 1004.8 0.00 0     0.0     0.0   302.6   20.46   131.3     4.1   302.6
1001    44 302.8 131  4.5  0.00 7420.46
 993   118 302.3 132  4.6  0.00 7418.42
 982   219 302.1 135  5.1  0.00 6916.37
 968   347 301.9 133  5.2  0.00 6114.32
 950   508 301.6 129  4.3  0.00 5412.28
 929   713 300.7 119  2.7  0.00 5210.23
 903   964 299.1  66  1.2  0.00 54 8.18
 866  1334 296.5 343  2.8  0.00 60 6.14
 819  1813 292.8 340  5.5  0.00 67 4.09
 773  2312 289.3 349  7.6  0.00 72 4.09
2005082802012008 1006.1 0.00 0     0.0     0.0   302.5   20.61   132.4     4.0   302.5
1003    30 302.6 133  4.3  0.00 7520.61
 994   104 302.0 134  4.2  0.00 7618.55
 983   205 301.7 135  4.7  0.00 7016.49
 969   333 301.5 132  4.6  0.00 6114.42
 952   494 301.3 127  3.5  0.00 5312.36
 930   699 300.5 110  1.9  0.00 5110.30
 904   949 299.0  22  1.1  0.00 53 8.24
 867  1319 296.4 336  3.6  0.00 58 6.18
 820  1798 292.9 336  6.1  0.00 65 4.12
 774  2297 289.4 343  7.7  0.00 69 4.12
2005082802013008 1005.9 0.00 0     0.0     0.0   302.5   20.09   138.0     3.6   302.5
1003    30 302.5 140  3.8  0.00 7520.09
 994   104 301.8 140  3.7  0.00 7518.08
 983   205 301.2 138  3.9  0.00 7216.07
 969   332 301.1 132  3.6  0.00 6114.06
 952   493 301.0 121  2.5  0.00 5212.05
 930   698 300.3  87  1.2  0.00 5010.04
 904   948 298.8 358  1.5  0.00 52 8.03
 867  1318 296.2 331  3.9  0.00 57 6.03
 820  1795 292.8 331  6.3  0.00 63 4.02
 774  2295 289.5 337  7.6  0.00 67 4.02
2005082802014008 1005.7 0.00 0     0.0     0.0   302.4   19.56   144.7     3.0   302.4
1003    30 302.3 148  3.0  0.00 7419.56
 994   104 301.7 147  3.0  0.00 7317.60
 983   204 300.9 143  2.9  0.00 7315.65
 969   332 300.7 129  2.3  0.00 6113.69
 952   493 300.7  99  1.5  0.00 5211.74
 930   697 300.1  39  1.1  0.00 49 9.78
 904   947 298.6 350  2.0  0.00 51 7.82
 867  1316 296.1 329  4.1  0.00 55 5.87
 820  1794 292.8 327  6.2  0.00 61 3.91
 774  2293 289.6 332  7.3  0.00 66 3.91
2005082802001009  817.5 0.00 0     0.0     0.0   291.6   14.12    90.7     2.5   291.6
 815  1851 292.7 102  3.7  0.00 8414.12
 808  1921 293.1  92  6.2  0.00 7912.70
 799  2017 292.7  87  6.7  0.00 7511.29
 788  2139 291.9  80  7.0  0.00 75 9.88
 774  2293 291.0  71  7.1  0.00 76 8.47
 757  2488 289.5  60  6.9  0.00 77 7.06
 736  2726 287.8  48  6.6  0.00 76 5.65
 706  3077 285.4  33  6.2  0.00 75 4.23
 669  3529 282.6  16  6.6  0.00 67 2.82
 632  4002 279.6  11  6.4  0.00 60 2.82
2005082802002009  837.7 0.00 0     0.0     0.0   292.6   14.47   107.8     2.3   292.6
 835  1640 293.8 121  3.4  0.00 8114.47
 828  1711 294.3 101  5.4  0.00 7613.03
 819  1807 293.9  95  5.8  0.00 7211.58
 808  1930 293.3  84  6.0  0.00 7110.13
 793  2084 292.3  73  6.0  0.00 72 8.68
 775  2281 290.8  60  6.1  0.00 74 7.24
 754  2521 289.0  48  6.4  0.00 75 5.79
 723  2874 286.6  35  6.5  0.00 75 4.34
 685  3329 283.8  21  6.7  0.00 67 2.89
 647  3805 280.9  14  6.6  0.00 58 2.89
2005082802003009  858.0 0.00 0     0.0     0.0   293.7   14.99   115.4     1.9   293.7
 855  1432 294.9 135  3.2  0.00 8014.99
 848  1503 295.5 108  4.7  0.00 7613.49
 839  1601 295.1  99  5.1  0.00 7311.99
 827  1724 294.5  89  5.3  0.00 7010.49
 812  1880 293.5  76  5.3  0.00 70 8.99
 794  2077 292.1  61  5.4  0.00 71 7.49
 772  2318 290.4  45  5.9  0.00 72 6.00
 741  2674 287.8  33  6.6  0.00 74 4.50
 701  3132 284.9  22  7.1  0.00 68 3.00
 662  3611 282.1  17  6.6  0.00 58 3.00
2005082802004009  876.9 0.00 0     0.0     0.0   294.8   15.48   134.2     1.5   294.8
 874  1242 296.3 153  2.9  0.00 7715.48
 867  1314 297.0 116  3.7  0.00 7313.93
 858  1412 296.5 106  4.1  0.00 7012.38
 845  1536 295.8  95  4.6  0.00 6710.84
 830  1692 294.8  82  4.8  0.00 67 9.29
 812  1891 293.3  64  4.7  0.00 69 7.74
 789  2134 291.4  45  5.3  0.00 72 6.19
 757  2491 288.8  31  6.3  0.00 74 4.64
 717  2952 285.9  22  7.4  0.00 70 3.10
 677  3434 283.1  19  7.1  0.00 60 3.10
2005082802005009  916.2 0.00 0     0.0     0.0   297.7   16.41   164.0     1.7   297.7
 914   857 299.2 171  3.3  0.00 7016.41
 906   929 299.9 136  3.7  0.00 6614.77
 896  1028 299.3 125  4.0  0.00 6613.13
 883  1155 298.5 114  4.2  0.00 6611.49
 868  1313 297.4  99  4.3  0.00 65 9.85
 848  1514 296.0  80  3.8  0.00 64 8.21
 824  1760 294.1  54  3.9  0.00 67 6.57
 791  2122 291.3  34  5.2  0.00 72 4.92
 748  2589 288.0  23  7.2  0.00 74 3.28
 706  3077 285.1  19  7.9  0.00 66 3.28
2005082802006009  957.7 0.00 0     0.0     0.0   300.2   16.80   170.3     2.5   300.2
 955   464 301.9 168  4.0  0.00 6316.80
 947   538 302.5 147  5.1  0.00 6015.12
 937   638 302.2 133  5.3  0.00 6013.44
 923   766 301.3 129  5.2  0.00 6211.76
 907   926 300.3 121  5.2  0.00 6110.08
 886  1130 299.0 111  4.0  0.00 61 8.40
 861  1379 297.1  86  2.9  0.00 63 6.72
 826  1746 294.0  41  3.5  0.00 68 5.04
 782  2220 290.4  21  6.3  0.00 75 3.36
 738  2714 287.1  18  8.2  0.00 75 3.36
2005082802007009  979.1 0.00 0     0.0     0.0   301.2   17.23   152.8     2.4   301.2
 976   269 302.8 150  4.2  0.00 6217.23
 968   342 303.1 141  5.9  0.00 6115.51
 958   443 302.8 132  6.7  0.00 6213.78
 944   571 302.2 131  6.7  0.00 6112.06
 927   732 301.3 131  6.4  0.00 5910.34
 906   937 300.1 127  5.2  0.00 59 8.61
 880  1188 298.3 114  3.3  0.00 63 6.89
 844  1557 295.3  50  2.0  0.00 68 5.17
 799  2034 291.6  15  5.4  0.00 74 3.45
 754  2531 288.1  15  8.4  0.00 79 3.45
2005082802008009  987.2 0.00 0     0.0     0.0   301.5   17.83   132.0     2.5   301.5
 984   197 302.2 134  4.2  0.00 6817.83
 976   271 303.0 131  6.4  0.00 6316.05
 965   371 302.9 129  7.2  0.00 6214.27
 951   500 302.2 129  7.3  0.00 6012.48
 934   661 301.4 131  6.6  0.00 5710.70
 913   866 300.4 128  5.2  0.00 56 8.92
 887  1117 298.7 120  3.2  0.00 60 7.13
 851  1487 295.7  51  1.1  0.00 68 5.35
 805  1964 292.0   5  4.8  0.00 73 3.57
 760  2462 288.4   9  8.4  0.00 80 3.57
2005082802009009  991.5 0.00 0     0.0     0.0   301.2   18.85   123.1     2.5   301.2
 988   159 302.0 128  4.0  0.00 7418.85
 980   233 302.6 127  6.2  0.00 6816.96
 969   334 302.5 127  6.9  0.00 6315.08
 955   462 302.1 127  6.6  0.00 5813.19
 938   623 301.6 125  5.7  0.00 5311.31
 917   828 300.6 120  4.3  0.00 53 9.42
 891  1078 298.9 104  2.4  0.00 58 7.54
 854  1449 295.9   9  1.4  0.00 66 5.65
 809  1926 292.2 354  4.9  0.00 72 3.77
 763  2425 288.6   3  8.2  0.00 78 3.77
2005082802010009 1001.0 0.00 0     0.0     0.0   301.2   19.68   121.7     2.6   301.2
 997    79 302.2 127  4.1  0.00 7619.68
 989   153 302.4 129  5.2  0.00 7317.72
 978   253 302.4 128  6.0  0.00 6515.75
 964   381 302.2 126  5.8  0.00 5813.78
 947   543 301.8 121  4.9  0.00 5111.81
 925   748 300.9 110  3.4  0.00 51 9.84
 899   999 299.3  76  1.8  0.00 54 7.87
 862  1369 296.5 353  2.2  0.00 62 5.91
 816  1848 292.8 346  5.2  0.00 69 3.94
 770  2348 289.2 355  8.0  0.00 75 3.94
2005082802011009 1006.2 0.00 0     0.0     0.0   302.9   21.00   130.5     4.2   302.9
1003    30 303.0 131  4.5  0.00 7721.00
 994   104 302.3 130  4.5  0.00 7718.90
 983   205 301.9 128  5.2  0.00 6916.80
 969   333 301.9 125  5.1  0.00 5914.70
 952   495 301.7 117  4.0  0.00 5212.60
 930   699 300.9  97  2.5  0.00 5010.50
 904   951 299.4  38  1.7  0.00 53 8.40
 867  1321 296.7 345  3.4  0.00 59 6.30
 820  1800 293.1 341  5.9  0.00 66 4.20
 774  2300 289.5 348  8.0  0.00 71 4.20
2005082802012009 1006.0 0.00 0     0.0     0.0   302.5   20.62   129.4     3.9   302.5
1003    30 302.5 131  4.0  0.00 7720.62
 994   104 301.8 131  4.0  0.00 7718.56
 983   205 301.5 128  4.5  0.00 7016.50
 969   333 301.4 121  4.2  0.00 6014.44
 952   494 301.3 109  3.1  0.00 5212.37
 930   698 300.6  77  1.8  0.00 5010.31
 904   949 299.1  11  2.0  0.00 52 8.25
 867  1319 296.5 340  4.2  0.00 57 6.19
 820  1797 293.1 338  6.6  0.00 63 4.12
 774  2297 289.6 343  8.1  0.00 68 4.12
2005082802013009 1005.8 0.00 0     0.0     0.0   302.5   20.00   131.4     3.3   302.5
1002    30 302.3 134  3.3  0.00 7520.00
 994   104 301.7 132  3.4  0.00 7518.00
 983   205 301.0 128  3.4  0.00 7416.00
 969   333 301.0 115  3.2  0.00 6214.00
 952   493 301.0  94  2.3  0.00 5212.00
 930   698 300.3  51  1.6  0.00 4910.00
 904   948 298.8 359  2.3  0.00 51 8.00
 867  1318 296.3 336  4.5  0.00 56 6.00
 820  1795 293.0 334  6.7  0.00 60 4.00
 774  2295 289.7 338  7.9  0.00 65 4.00
2005082802014009 1005.7 0.00 0     0.0     0.0   302.4   19.59   132.3     2.5   302.4
1002    30 302.2 136  2.5  0.00 7419.59
 994   104 301.6 133  2.4  0.00 7417.63
 983   204 300.8 129  2.3  0.00 7415.67
 969   332 300.6 102  2.1  0.00 6413.71
 952   493 300.6  68  1.9  0.00 5411.75
 930   697 300.1  28  1.8  0.00 49 9.79
 904   947 298.5 354  2.6  0.00 51 7.84
 867  1316 296.1 334  4.4  0.00 55 5.88
 820  1794 293.0 330  6.4  0.00 59 3.92
 774  2293 289.8 334  7.5  0.00 63 3.92
2005082802001010  848.1 0.00 0     0.0     0.0   293.8   14.99   112.0     2.1   293.8
 845  1532 295.2 126  3.6  0.00 7714.99
 839  1603 295.7 105  5.5  0.00 7313.49
 829  1700 295.0  99  6.0  0.00 7112.00
 818  1823 294.3  91  6.6  0.00 7010.50
 803  1978 293.2  83  6.5  0.00 71 9.00
 785  2176 291.7  73  6.5  0.00 74 7.50
 763  2417 289.9  61  6.3  0.00 76 6.00
 732  2771 287.3  44  6.2  0.00 76 4.50
 693  3229 284.4  23  6.9  0.00 71 3.00
 655  3706 281.5  13  7.3  0.00 63 3.00
2005082802002010  873.8 0.00 0     0.0     0.0   295.3   15.52   127.7     2.1   295.3
 871  1271 296.6 140  3.7  0.00 7515.52
 864  1343 297.3 115  5.2  0.00 7013.97
 854  1441 296.9 107  5.4  0.00 6812.42
 842  1565 296.2  96  5.7  0.00 6710.86
 827  1722 295.1  85  5.6  0.00 66 9.31
 809  1920 293.6  73  5.7  0.00 70 7.76
 786  2164 291.6  60  5.8  0.00 74 6.21
 754  2521 288.8  46  6.2  0.00 77 4.66
 714  2983 285.8  28  6.9  0.00 73 3.10
 674  3464 283.0  17  7.2  0.00 62 3.10
2005082802003010  883.9 0.00 0     0.0     0.0   296.1   16.04   129.9     2.2   296.1
 881  1170 297.2 144  3.8  0.00 7516.04
 874  1242 298.0 121  5.0  0.00 7014.43
 864  1340 297.6 112  5.1  0.00 6712.83
 852  1465 297.0 100  5.3  0.00 6411.23
 837  1622 295.9  87  5.3  0.00 63 9.62
 818  1822 294.3  71  5.1  0.00 66 8.02
 795  2065 292.3  53  5.3  0.00 71 6.41
 763  2424 289.4  39  6.2  0.00 75 4.81
 722  2887 286.3  27  7.2  0.00 72 3.21
 682  3370 283.6  20  7.2  0.00 61 3.21
2005082802004010  893.9 0.00 0     0.0     0.0   296.8   16.39   148.3     1.9   296.8
 891  1073 298.0 159  3.5  0.00 7416.39
 884  1145 298.7 131  4.5  0.00 6914.75
 874  1243 298.0 121  4.4  0.00 6813.11
 862  1369 297.2 109  4.8  0.00 6711.47
 847  1526 296.1  97  5.0  0.00 66 9.83
 827  1726 294.6  82  4.5  0.00 67 8.19
 804  1970 292.7  57  4.6  0.00 71 6.55
 771  2330 289.9  36  5.8  0.00 76 4.92
 730  2794 286.7  24  7.5  0.00 74 3.28
 690  3278 284.0  21  7.8  0.00 62 3.28
2005082802005010  952.8 0.00 0     0.0     0.0   299.9   17.10   175.2     1.9   299.9
 950   509 301.9 177  3.4  0.00 6417.10
 943   582 302.6 143  4.3  0.00 6015.39
 932   683 302.3 128  4.8  0.00 6013.68
 919   810 301.1 123  5.1  0.00 6411.97
 902   971 300.1 118  5.2  0.00 6310.26
 882  1174 298.7 111  4.6  0.00 61 8.55
 857  1423 296.8  93  3.8  0.00 64 6.84
 822  1790 293.8  51  3.8  0.00 70 5.13
 778  2263 290.1  25  6.4  0.00 78 3.42
 734  2757 287.0  20  8.3  0.00 74 3.42
2005082802006010  994.6 0.00 0     0.0     0.0   301.6   17.55   150.4     1.9   301.6
 992   127 304.0 153  3.5  0.00 6117.55
 984   201 304.5 135  5.2  0.00 5815.80
 973   302 304.5 124  6.4  0.00 5614.04
 959   431 303.9 124  6.4  0.00 5512.29
 942   594 302.7 126  6.1  0.00 5710.53
 920   800 301.5 123  5.7  0.00 56 8.78
 895  1052 299.5 119  4.3  0.00 61 7.02
 858  1423 296.6  83  2.3  0.00 65 5.27
 812  1902 292.7  23  4.3  0.00 74 3.51
 766  2402 289.0  16  8.0  0.00 81 3.51
2005082802007010  994.2 0.00 0     0.0     0.0   302.0   17.95   121.8     2.6   302.0
 991   132 303.6 124  4.4  0.00 6317.95
 983   205 304.0 125  6.4  0.00 6016.16
 972   307 303.9 124  7.7  0.00 5914.36
 959   435 303.3 125  7.8  0.00 5712.57
 941   597 302.5 126  7.3  0.00 5210.77
 920   803 301.4 124  6.0  0.00 53 8.98
 894  1054 299.6 122  3.9  0.00 58 7.18
 857  1426 296.6  76  1.3  0.00 65 5.39
 811  1905 292.7   8  4.4  0.00 74 3.59
 765  2404 288.9  10  8.2  0.00 82 3.59
2005082802008010  993.8 0.00 0     0.0     0.0   302.1   18.51   116.9     3.1   302.1
 991   136 302.8 120  4.7  0.00 6918.51
 983   210 303.2 123  6.9  0.00 6616.66
 972   311 303.2 124  7.9  0.00 6014.81
 958   439 302.9 123  7.7  0.00 5412.96
 941   601 302.3 121  6.8  0.00 5111.11
 919   806 301.2 118  5.0  0.00 53 9.26
 893  1058 299.4 114  2.9  0.00 57 7.41
 857  1429 296.4  29  0.9  0.00 65 5.55
 811  1907 292.6 357  4.6  0.00 74 3.70
 765  2407 288.8   5  8.3  0.00 82 3.70
2005082802009010  995.8 0.00 0     0.0     0.0   301.6   19.22   120.5     2.8   301.6
 992   121 302.2 125  4.3  0.00 7519.22
 984   194 302.7 125  6.4  0.00 6917.30
 973   295 302.7 122  7.3  0.00 6115.37
 959   423 302.5 120  6.7  0.00 5413.45
 942   585 302.1 114  5.6  0.00 5011.53
 921   790 301.0 105  4.0  0.00 51 9.61
 895  1041 299.3  86  2.1  0.00 56 7.69
 858  1412 296.4 357  1.7  0.00 64 5.77
 812  1890 292.6 350  5.1  0.00 73 3.84
 766  2390 288.9 359  8.4  0.00 80 3.84
2005082802010010 1002.7 0.00 0     0.0     0.0   301.3   19.84   122.4     2.7   301.3
 999    63 302.2 129  4.1  0.00 7819.84
 991   137 302.5 127  5.3  0.00 7317.85
 980   238 302.3 123  6.0  0.00 6515.87
 966   366 302.2 119  5.7  0.00 5613.89
 949   527 302.0 109  4.6  0.00 5011.90
 927   732 301.1  91  3.2  0.00 50 9.92
 901   983 299.5  51  2.1  0.00 53 7.94
 864  1354 296.7 351  2.8  0.00 60 5.95
 818  1833 293.1 345  5.7  0.00 68 3.97
 771  2333 289.4 353  8.5  0.00 75 3.97
2005082802011010 1006.1 0.00 0     0.0     0.0   303.0   20.61   126.9     4.2   303.0
1003    30 303.0 128  4.3  0.00 7520.61
 994   104 302.4 126  4.5  0.00 7418.55
 983   205 301.7 122  4.8  0.00 7116.49
 969   333 301.8 115  4.6  0.00 5714.43
 952   494 301.7 101  3.5  0.00 5012.36
 930   699 300.9  71  2.5  0.00 4910.30
 904   950 299.5  23  2.5  0.00 52 8.24
 867  1321 296.8 348  4.1  0.00 57 6.18
 820  1800 293.3 342  6.5  0.00 64 4.12
 774  2300 289.7 347  8.6  0.00 71 4.12
2005082802012010 1005.9 0.00 0     0.0     0.0   302.6   20.22   124.0     3.8   302.6
1002    30 302.5 126  3.8  0.00 7520.22
 994   104 301.9 125  3.8  0.00 7418.19
 983   205 301.3 121  3.9  0.00 7216.17
 969   333 301.3 108  3.6  0.00 5914.15
 952   493 301.3  87  2.7  0.00 5112.13
 930   698 300.6  49  2.2  0.00 4910.11
 904   949 299.1   8  2.9  0.00 51 8.09
 867  1319 296.6 345  4.9  0.00 55 6.06
 820  1797 293.3 340  7.2  0.00 60 4.04
 774  2297 289.8 343  8.6  0.00 66 4.04
2005082802013010 1005.8 0.00 0     0.0     0.0   302.6   19.85   122.5     3.0   302.6
1002    30 302.3 125  2.9  0.00 7419.85
 994   104 301.7 122  2.9  0.00 7417.87
 983   205 301.0 119  2.9  0.00 7415.88
 969   332 300.9  98  2.8  0.00 6213.90
 951   493 300.9  71  2.3  0.00 5311.91
 930   697 300.3  34  2.2  0.00 49 9.93
 904   948 298.8   1  3.0  0.00 51 7.94
 867  1317 296.4 342  5.0  0.00 55 5.96
 820  1795 293.3 337  7.2  0.00 58 3.97
 774  2295 289.9 339  8.4  0.00 63 3.97
2005082802014010 1005.6 0.00 0     0.0     0.0   302.5   19.56   117.9     2.1   302.5
1002    30 302.3 121  2.0  0.00 7419.56
 994   104 301.7 117  1.9  0.00 7417.60
 983   204 300.8 111  1.9  0.00 7415.64
 969   332 300.6  79  2.1  0.00 6413.69
 951   493 300.5  52  2.2  0.00 5511.73
 930   697 300.0  24  2.3  0.00 50 9.78
 904   947 298.5 358  3.0  0.00 51 7.82
 867  1316 296.2 339  4.7  0.00 54 5.87
 820  1794 293.2 334  6.8  0.00 58 3.91
 774  2293 290.0 335  7.9  0.00 62 3.91
2005082802001011  872.4 0.00 0     0.0     0.0   295.3   15.55   124.9     2.0   295.3
 870  1284 296.9 134  3.4  0.00 7415.55
 863  1355 297.6 113  5.2  0.00 7014.00
 853  1453 297.2 106  5.5  0.00 7012.44
 841  1578 296.3 100  6.4  0.00 6910.89
 826  1735 295.2  94  6.8  0.00 68 9.33
 808  1934 293.6  86  6.7  0.00 71 7.78
 785  2177 291.5  74  6.2  0.00 76 6.22
 753  2535 288.7  55  5.9  0.00 79 4.67
 713  2996 285.7  29  6.7  0.00 76 3.11
 673  3478 283.0  14  7.8  0.00 67 3.11
2005082802002011  894.4 0.00 0     0.0     0.0   296.4   16.03   128.0     2.0   296.4
 892  1065 298.2 138  3.1  0.00 7216.03
 885  1138 298.9 117  4.9  0.00 6714.42
 875  1236 298.6 108  5.2  0.00 6712.82
 862  1362 297.9 100  5.7  0.00 6611.22
 847  1520 296.9  94  6.2  0.00 63 9.62
 828  1720 295.3  86  6.0  0.00 66 8.01
 805  1965 293.1  74  5.7  0.00 73 6.41
 772  2325 290.1  55  6.0  0.00 79 4.81
 731  2790 286.9  32  7.0  0.00 77 3.21
 690  3275 284.3  17  7.5  0.00 64 3.21
2005082802003011  913.9 0.00 0     0.0     0.0   297.9   16.65   134.6     2.2   297.9
 911   876 299.6 140  3.8  0.00 6916.65
 904   949 300.5 122  5.4  0.00 6514.98
 894  1048 300.0 116  5.4  0.00 6413.32
 881  1175 299.2 106  5.5  0.00 6411.65
 865  1334 298.1  96  5.6  0.00 62 9.99
 846  1535 296.6  87  5.4  0.00 63 8.32
 822  1781 294.4  71  5.1  0.00 69 6.66
 789  2144 291.3  50  5.7  0.00 76 4.99
 747  2611 287.9  31  7.2  0.00 78 3.33
 705  3099 285.2  21  7.8  0.00 65 3.33
2005082802004011  938.7 0.00 0     0.0     0.0   299.8   17.18   151.2     2.3   299.8
 936   639 301.5 154  4.1  0.00 6417.18
 929   713 302.2 129  5.5  0.00 6015.46
 918   813 301.4 121  5.9  0.00 6313.75
 905   940 300.7 115  5.7  0.00 6212.03
 889  1100 299.7 109  5.6  0.00 6110.31
 869  1303 298.2 103  5.3  0.00 61 8.59
 845  1551 296.1  86  4.5  0.00 65 6.87
 810  1917 293.0  53  4.7  0.00 72 5.15
 767  2388 289.3  29  6.8  0.00 79 3.44
 723  2879 286.3  21  8.4  0.00 70 3.44
2005082802005011  980.5 0.00 0     0.0     0.0   301.3   17.73   149.7     1.9   301.3
 978   253 303.7 152  3.4  0.00 6217.73
 970   327 304.2 127  5.1  0.00 5915.95
 959   428 304.0 118  6.3  0.00 5714.18
 946   557 303.1 120  6.5  0.00 5812.41
 929   719 302.0 121  6.4  0.00 6010.64
 907   924 300.6 120  6.1  0.00 59 8.86
 882  1175 298.7 117  4.9  0.00 62 7.09
 846  1545 295.9  84  3.1  0.00 66 5.32
 800  2023 291.9  30  4.7  0.00 77 3.55
 755  2521 288.3  18  8.0  0.00 81 3.55
2005082802006011 1002.8 0.00 0     0.0     0.0   302.1   18.34   111.9     2.3   302.1
1000    59 304.5 113  3.8  0.00 6218.34
 992   133 304.9 112  5.9  0.00 5916.51
 981   234 304.9 113  7.6  0.00 5714.67
 967   364 304.3 118  7.4  0.00 5512.84
 950   526 303.4 119  7.4  0.00 5211.00
 928   732 302.1 122  6.4  0.00 53 9.17
 902   985 300.2 125  4.9  0.00 58 7.34
 865  1357 297.3 112  2.2  0.00 64 5.50
 818  1838 293.4  20  3.2  0.00 73 3.67
 772  2339 289.4  12  7.4  0.00 83 3.67
2005082802007011  999.4 0.00 0     0.0     0.0   302.5   18.56   102.9     3.0   302.5
 997    85 303.9 104  5.1  0.00 6518.56
 989   159 304.2 112  7.1  0.00 6316.70
 977   260 303.9 115  8.8  0.00 6014.85
 964   389 303.5 118  8.2  0.00 5412.99
 946   551 302.9 116  7.6  0.00 5011.14
 925   757 301.8 117  5.8  0.00 52 9.28
 899  1009 300.0 119  3.6  0.00 56 7.42
 862  1381 297.1  72  0.8  0.00 64 5.57
 816  1861 293.2 359  4.0  0.00 74 3.71
 769  2362 289.2   5  7.9  0.00 84 3.71
2005082802008011  999.4 0.00 0     0.0     0.0   302.2   19.02   106.6     3.1   302.2
 996    87 303.0 109  4.8  0.00 7019.02
 988   161 303.2 116  6.9  0.00 6817.12
 977   262 303.3 116  8.3  0.00 6015.22
 963   391 303.1 113  7.8  0.00 5313.32
 946   552 302.6 109  6.6  0.00 5011.41
 924   758 301.5 105  4.8  0.00 52 9.51
 898  1010 299.8 102  2.6  0.00 57 7.61
 861  1381 296.9   2  1.0  0.00 64 5.71
 815  1861 293.1 350  4.6  0.00 74 3.80
 769  2362 289.2 359  8.2  0.00 84 3.80
2005082802009011 1002.4 0.00 0     0.0     0.0   302.0   19.48   112.2     3.0   302.0
 999    66 302.8 116  4.6  0.00 7419.48
 991   140 302.9 120  5.9  0.00 7017.53
 980   241 302.7 117  6.9  0.00 6315.59
 966   369 302.7 111  6.6  0.00 5313.64
 948   530 302.3 102  5.5  0.00 5011.69
 927   736 301.3  91  4.0  0.00 51 9.74
 901   987 299.7  69  2.3  0.00 55 7.79
 864  1359 296.9 352  2.1  0.00 62 5.84
 818  1838 293.2 345  5.3  0.00 72 3.90
 771  2339 289.4 354  8.6  0.00 81 3.90
2005082802010011 1005.4 0.00 0     0.0     0.0   303.3   20.36   122.6     4.5   303.3
1002    38 303.3 123  4.7  0.00 7320.36
 994   112 302.7 122  5.0  0.00 7218.32
 983   213 302.1 117  5.4  0.00 6816.29
 969   341 302.2 109  5.3  0.00 5514.25
 951   502 302.1  94  4.3  0.00 4912.22
 929   707 301.2  72  3.2  0.00 5010.18
 903   958 299.7  36  2.6  0.00 53 8.14
 866  1330 297.0 351  3.4  0.00 59 6.11
 820  1809 293.4 344  6.1  0.00 68 4.07
 774  2310 289.7 350  8.9  0.00 77 4.07
2005082802011011 1006.1 0.00 0     0.0     0.0   303.0   20.02   119.3     4.1   303.0
1003    30 302.9 121  4.2  0.00 7320.02
 994   104 302.3 119  4.2  0.00 7218.02
 983   205 301.6 116  4.3  0.00 7016.02
 969   333 301.7 102  4.1  0.00 5614.01
 952   494 301.7  81  3.3  0.00 4912.01
 930   699 300.9  50  2.9  0.00 4910.01
 904   950 299.5  16  3.3  0.00 51 8.01
 867  1320 296.9 350  4.8  0.00 56 6.01
 820  1799 293.5 343  7.1  0.00 63 4.00
 774  2300 289.9 346  9.2  0.00 71 4.00
2005082802012011 1005.9 0.00 0     0.0     0.0   302.7   19.80   116.6     3.5   302.7
1002    30 302.5 118  3.4  0.00 7319.80
 994   104 301.9 116  3.4  0.00 7317.82
 983   205 301.2 113  3.3  0.00 7115.84
 969   332 301.2  93  3.3  0.00 5813.86
 951   493 301.3  66  2.8  0.00 5111.88
 930   698 300.6  35  2.9  0.00 49 9.90
 904   948 299.2   7  3.8  0.00 51 7.92
 867  1319 296.8 348  5.6  0.00 54 5.94
 820  1797 293.5 341  7.9  0.00 60 3.96
 774  2297 290.0 342  9.2  0.00 66 3.96
2005082802013011 1005.7 0.00 0     0.0     0.0   302.6   19.63   111.1     2.7   302.6
1002    30 302.4 113  2.5  0.00 7319.63
 994   104 301.8 110  2.5  0.00 7317.67
 983   204 301.0 105  2.4  0.00 7315.70
 969   332 300.8  81  2.7  0.00 6113.74
 951   493 300.8  55  2.6  0.00 5311.78
 930   697 300.2  28  2.8  0.00 50 9.81
 904   947 298.8   3  3.7  0.00 51 7.85
 867  1317 296.5 345  5.7  0.00 54 5.89
 820  1795 293.4 339  7.9  0.00 58 3.93
 774  2295 290.1 339  8.9  0.00 63 3.93
2005082802014011 1005.6 0.00 0     0.0     0.0   302.6   19.57    99.9     1.8   302.6
1002    30 302.4 100  1.6  0.00 7319.57
 994   104 301.7  95  1.6  0.00 7317.62
 983   204 300.9  88  1.7  0.00 7415.66
 969   332 300.5  63  2.3  0.00 6513.70
 951   493 300.4  45  2.6  0.00 5711.74
 930   697 299.8  24  2.7  0.00 51 9.79
 904   947 298.5   1  3.4  0.00 51 7.83
 866  1316 296.2 342  5.1  0.00 54 5.87
 820  1794 293.3 336  7.3  0.00 57 3.91
 774  2294 290.1 336  8.3  0.00 62 3.91
2005082802001012  883.3 0.00 0     0.0     0.0   296.4   15.80   116.1     2.3   296.4
 881  1175 297.8 123  3.4  0.00 7215.80
 874  1247 298.4 116  5.3  0.00 6814.22
 864  1345 298.2 109  6.5  0.00 6612.64
 852  1471 297.5 105  6.9  0.00 6411.06
 837  1628 296.4 101  7.6  0.00 63 9.48
 818  1828 294.6  95  7.1  0.00 68 7.90
 795  2072 292.4  84  6.3  0.00 75 6.32
 762  2431 289.4  63  6.0  0.00 81 4.74
 722  2894 286.2  32  6.5  0.00 79 3.16
 681  3377 283.4  12  7.8  0.00 72 3.16
2005082802002012  891.2 0.00 0     0.0     0.0   297.0   16.18   105.1     2.2   297.0
 889  1098 298.2 108  2.9  0.00 7216.18
 881  1170 298.8 110  5.3  0.00 6714.56
 872  1269 298.4 104  6.2  0.00 6712.94
 859  1394 297.5 102  6.3  0.00 6811.32
 844  1552 296.4 100  6.5  0.00 67 9.71
 825  1752 294.8  95  6.5  0.00 69 8.09
 802  1996 292.7  82  6.1  0.00 75 6.47
 769  2356 289.6  60  6.1  0.00 83 4.85
 728  2820 286.5  31  7.2  0.00 80 3.24
 687  3305 284.1  14  7.9  0.00 64 3.24
2005082802003012  922.8 0.00 0     0.0     0.0   298.7   16.77   126.6     1.6   298.7
 920   792 300.3 127  2.0  0.00 6816.77
 913   865 300.6 116  4.7  0.00 6615.09
 903   964 300.3 109  6.1  0.00 6513.42
 890  1091 299.4 104  6.4  0.00 6711.74
 874  1250 298.4 101  6.2  0.00 6710.06
 854  1452 296.8 100  6.1  0.00 67 8.39
 830  1699 294.8  90  5.6  0.00 70 6.71
 796  2063 291.7  64  5.4  0.00 79 5.03
 754  2532 288.1  34  6.9  0.00 85 3.35
 711  3021 285.5  19  8.2  0.00 69 3.35
2005082802004012  972.2 0.00 0     0.0     0.0   301.0   17.58   137.0     1.8   301.0
 970   327 303.5 135  2.7  0.00 6117.58
 962   401 303.8 117  5.0  0.00 5915.82
 951   502 303.6 112  6.7  0.00 5814.06
 938   631 302.7 110  7.1  0.00 6112.30
 921   792 301.8 109  6.9  0.00 6010.55
 900   997 300.2 110  6.4  0.00 62 8.79
 875  1248 298.3 108  5.5  0.00 64 7.03
 839  1618 295.5  81  4.1  0.00 67 5.27
 794  2094 291.2  37  5.2  0.00 81 3.52
 749  2591 287.7  20  8.1  0.00 82 3.52
2005082802005012  996.7 0.00 0     0.0     0.0   302.3   18.25   110.3     2.4   302.3
 994   107 304.6 110  3.9  0.00 6118.25
 986   181 305.1 106  6.1  0.00 5816.43
 975   282 304.9 108  7.7  0.00 5714.60
 961   412 303.9 112  7.8  0.00 5712.78
 944   574 303.3 114  7.9  0.00 5410.95
 922   780 301.8 117  7.0  0.00 56 9.13
 897  1033 299.9 120  5.6  0.00 59 7.30
 860  1405 297.2 103  3.2  0.00 63 5.48
 814  1885 293.1  34  3.4  0.00 74 3.65
 767  2385 289.0  15  7.1  0.00 85 3.65
2005082802006012 1002.1 0.00 0     0.0     0.0   302.8   18.47    93.8     2.9   302.8
1000    66 304.6  94  5.1  0.00 6318.47
 991   140 304.9 101  7.1  0.00 6016.62
 980   241 304.5 107  8.3  0.00 5814.78
 966   370 303.9 111  8.2  0.00 5412.93
 949   533 303.4 112  8.0  0.00 5111.08
 927   739 302.1 115  6.5  0.00 53 9.23
 901   991 300.3 120  4.6  0.00 57 7.39
 864  1364 297.5 104  1.8  0.00 62 5.54
 818  1845 293.5  11  3.2  0.00 73 3.69
 772  2346 289.4   6  7.2  0.00 85 3.69
2005082802007012 1002.7 0.00 0     0.0     0.0   302.6   18.67    96.2     3.2   302.6
1000    61 303.8  97  5.3  0.00 6618.67
 992   136 304.0 105  7.2  0.00 6416.81
 981   237 303.8 109  8.3  0.00 5914.94
 967   365 303.6 109  8.2  0.00 5313.07
 949   527 303.0 106  7.4  0.00 5111.20
 928   733 301.8 106  5.6  0.00 53 9.34
 902   986 300.1 108  3.3  0.00 57 7.47
 865  1358 297.4  42  0.8  0.00 63 5.60
 818  1839 293.4 353  4.0  0.00 74 3.73
 772  2340 289.4 359  7.7  0.00 85 3.73
2005082802008012 1003.1 0.00 0     0.0     0.0   302.0   19.00   100.3     3.0   302.0
1000    59 303.1 103  4.6  0.00 7019.00
 992   133 303.2 109  6.5  0.00 6817.10
 981   234 303.1 109  7.8  0.00 6115.20
 967   362 303.0 104  7.6  0.00 5313.30
 949   524 302.5  98  6.5  0.00 5211.40
 928   729 301.5  94  4.8  0.00 53 9.50
 902   981 299.9  87  2.5  0.00 57 7.60
 865  1353 297.2 354  1.4  0.00 64 5.70
 818  1834 293.4 345  4.7  0.00 74 3.80
 772  2335 289.4 354  8.2  0.00 85 3.80
2005082802009012 1004.7 0.00 0     0.0     0.0   301.9   19.27   105.6     3.0   301.9
1001    45 302.8 111  4.4  0.00 7219.27
 993   119 302.9 112  5.6  0.00 6917.34
 982   220 302.5 109  6.4  0.00 6515.41
 968   348 302.5 101  6.4  0.00 5413.49
 951   509 302.2  90  5.4  0.00 5111.56
 929   714 301.3  78  4.0  0.00 52 9.63
 903   966 299.7  53  2.4  0.00 55 7.71
 866  1338 297.1 349  2.5  0.00 62 5.78
 819  1818 293.4 343  5.5  0.00 72 3.85
 773  2319 289.6 350  8.7  0.00 83 3.85
2005082802010012 1006.0 0.00 0     0.0     0.0   303.4   19.94   113.2     4.4   303.4
1003    32 303.3 114  4.5  0.00 7019.94
 994   106 302.7 112  4.7  0.00 7017.95
 983   207 301.9 109  4.9  0.00 6915.96
 969   335 301.9  96  5.0  0.00 5513.96
 952   496 301.9  78  4.3  0.00 5011.97
 930   701 301.1  57  3.5  0.00 50 9.97
 904   952 299.6  25  3.1  0.00 53 7.98
 867  1323 297.0 350  4.0  0.00 59 5.98
 820  1803 293.5 343  6.6  0.00 68 3.99
 774  2304 289.8 346  9.3  0.00 78 3.99
2005082802011012 1006.0 0.00 0     0.0     0.0   302.9   19.50   109.9     3.9   302.9
1002    30 302.7 111  3.8  0.00 7119.50
 994   104 302.1 109  3.8  0.00 7017.55
 983   205 301.4 106  3.8  0.00 6915.60
 969   332 301.5  87  3.9  0.00 5513.65
 952   493 301.6  64  3.6  0.00 4911.70
 930   698 300.8  38  3.5  0.00 49 9.75
 904   949 299.5  12  4.0  0.00 51 7.80
 867  1320 296.9 350  5.5  0.00 56 5.85
 820  1799 293.6 343  7.8  0.00 64 3.90
 774  2300 290.0 344  9.7  0.00 72 3.90
2005082802012012 1005.8 0.00 0     0.0     0.0   302.7   19.37   107.3     3.2   302.7
1002    30 302.4 108  3.0  0.00 7219.37
 994   104 301.8 105  3.0  0.00 7117.43
 983   204 301.1 100  3.0  0.00 7015.50
 969   332 301.0  78  3.3  0.00 5813.56
 951   493 301.1  54  3.3  0.00 5111.62
 930   697 300.5  29  3.5  0.00 49 9.69
 904   948 299.2   6  4.5  0.00 50 7.75
 867  1318 296.8 349  6.4  0.00 54 5.81
 820  1797 293.6 342  8.6  0.00 60 3.87
 774  2297 290.1 341  9.7  0.00 67 3.87
2005082802013012 1005.6 0.00 0     0.0     0.0   302.6   19.41    98.6     2.5   302.6
1002    30 302.3  99  2.3  0.00 7219.41
 994   104 301.6  94  2.3  0.00 7217.47
 983   204 300.9  88  2.2  0.00 7215.53
 969   332 300.7  68  2.9  0.00 6213.59
 951   492 300.6  48  3.1  0.00 5411.65
 929   697 300.1  27  3.3  0.00 50 9.71
 904   947 298.8   4  4.2  0.00 50 7.76
 866  1317 296.6 347  6.3  0.00 53 5.82
 820  1795 293.5 340  8.5  0.00 58 3.88
 774  2295 290.2 339  9.2  0.00 63 3.88
2005082802014012 1005.4 0.00 0     0.0     0.0   302.7   19.64    78.7     1.9   302.7
1002    30 302.4  75  1.7  0.00 7319.64
 994   104 301.7  71  1.8  0.00 7317.68
 983   204 300.9  65  1.9  0.00 7415.72
 969   332 300.4  55  2.7  0.00 6813.75
 951   493 300.2  44  3.0  0.00 5911.79
 929   697 299.7  27  3.1  0.00 52 9.82
 903   947 298.4   4  3.7  0.00 51 7.86
 866  1316 296.3 345  5.6  0.00 54 5.89
 820  1794 293.4 338  7.7  0.00 58 3.93
 774  2294 290.2 337  8.5  0.00 63 3.93
2005082802001013  885.2 0.00 0     0.0     0.0   297.4   15.59   106.0     2.9   297.4
 883  1157 298.3 108  4.4  0.00 6815.59
 875  1229 298.9 111  6.4  0.00 6414.03
 866  1328 298.6 110  7.0  0.00 6212.47
 854  1453 297.9 108  7.5  0.00 6010.91
 838  1611 296.8 105  7.7  0.00 61 9.35
 819  1810 295.0  99  7.4  0.00 65 7.80
 797  2055 292.6  88  6.8  0.00 73 6.24
 764  2414 289.5  68  6.3  0.00 81 4.68
 723  2877 286.2  37  6.2  0.00 82 3.12
 683  3361 283.4  11  7.5  0.00 77 3.12
2005082802002013  878.9 0.00 0     0.0     0.0   297.3   15.99    99.8     2.9   297.3
 876  1222 297.8  99  4.5  0.00 7015.99
 869  1294 298.3 106  6.9  0.00 6714.39
 860  1392 297.5 104  7.2  0.00 6712.79
 847  1517 296.6 102  7.3  0.00 6711.19
 832  1674 295.3 101  7.2  0.00 68 9.60
 813  1873 293.7  96  6.9  0.00 72 8.00
 791  2116 291.6  83  6.4  0.00 77 6.40
 759  2475 288.6  61  6.2  0.00 85 4.80
 718  2937 285.7  30  7.1  0.00 80 3.20
 678  3419 283.3  11  8.1  0.00 64 3.20
2005082802003013  911.7 0.00 0     0.0     0.0   298.7   16.37   104.8     2.0   298.7
 909   902 299.8 100  2.6  0.00 6716.37
 902   975 299.9 106  6.1  0.00 6614.73
 892  1074 299.3 106  7.2  0.00 6713.09
 879  1200 298.4 105  7.2  0.00 6911.46
 863  1358 297.2 105  7.0  0.00 70 9.82
 844  1559 295.7 104  6.6  0.00 70 8.18
 820  1805 293.8  97  5.8  0.00 73 6.55
 787  2167 290.8  70  5.0  0.00 82 4.91
 745  2634 287.2  35  6.4  0.00 87 3.27
 703  3121 284.7  16  8.1  0.00 70 3.27
2005082802004013  969.2 0.00 0     0.0     0.0   301.4   17.40   102.3     2.2   301.4
 967   358 303.2  99  3.0  0.00 6117.40
 959   432 303.4 103  6.1  0.00 6115.66
 948   533 303.1 105  7.6  0.00 6013.92
 934   661 302.4 106  8.0  0.00 6012.18
 918   822 301.3 107  7.5  0.00 6110.44
 897  1027 299.7 109  6.7  0.00 63 8.70
 872  1277 297.9 112  5.7  0.00 64 6.96
 836  1646 295.2  94  3.8  0.00 68 5.22
 791  2122 291.1  42  4.1  0.00 81 3.48
 746  2618 287.2  17  7.2  0.00 87 3.48
2005082802005013  993.5 0.00 0     0.0     0.0   302.7   18.05    94.1     2.7   302.7
 991   137 304.6  92  4.5  0.00 6118.05
 983   212 305.0  98  6.7  0.00 5816.24
 972   313 304.3 103  7.9  0.00 5814.44
 958   442 303.7 105  8.6  0.00 5512.63
 941   604 303.0 108  8.2  0.00 5310.83
 919   810 301.5 111  6.8  0.00 56 9.02
 894  1062 299.7 114  5.2  0.00 59 7.22
 857  1434 297.0  97  2.8  0.00 63 5.41
 811  1913 292.9  27  3.1  0.00 75 3.61
 765  2414 288.8  10  6.5  0.00 86 3.61
2005082802006013  999.9 0.00 0     0.0     0.0   303.1   18.38    92.4     3.0   303.1
 997    82 304.4  92  5.0  0.00 6318.38
 989   156 304.5  98  7.0  0.00 6216.55
 978   257 304.0 103  8.2  0.00 5914.71
 964   386 303.6 104  8.7  0.00 5512.87
 947   548 303.0 103  7.9  0.00 5211.03
 925   754 301.8 105  6.3  0.00 54 9.19
 899  1006 300.1 107  4.2  0.00 57 7.35
 862  1378 297.4  75  1.7  0.00 63 5.52
 816  1859 293.4   5  3.7  0.00 74 3.68
 770  2360 289.2   1  7.1  0.00 85 3.68
2005082802007013 1004.8 0.00 0     0.0     0.0   302.8   18.84    93.2     3.0   302.8
1002    44 304.0  93  5.0  0.00 6718.84
 994   118 303.9  99  6.6  0.00 6516.95
 982   219 303.5 102  7.9  0.00 6215.07
 968   348 303.4  99  8.3  0.00 5513.19
 951   510 302.8  96  7.3  0.00 5311.30
 929   716 301.7  96  5.5  0.00 55 9.42
 903   968 300.0  95  3.3  0.00 58 7.53
 866  1341 297.4  33  1.3  0.00 64 5.65
 820  1822 293.6 352  4.2  0.00 74 3.77
 773  2323 289.6 354  7.7  0.00 85 3.77
2005082802008013 1004.9 0.00 0     0.0     0.0   302.6   19.18    95.8     3.3   302.6
1002    44 303.6  97  4.9  0.00 6919.18
 993   118 303.2 101  5.9  0.00 6817.26
 982   219 302.8 102  6.9  0.00 6515.34
 968   347 302.7  95  7.3  0.00 5613.43
 951   509 302.3  89  6.4  0.00 5311.51
 929   714 301.3  84  4.8  0.00 55 9.59
 903   966 299.7  72  2.7  0.00 58 7.67
 866  1338 297.1   1  1.9  0.00 64 5.75
 820  1819 293.5 345  5.0  0.00 74 3.84
 773  2320 289.6 349  8.3  0.00 85 3.84
2005082802009013 1005.5 0.00 0     0.0     0.0   303.6   19.86   102.7     4.7   303.6
1002    37 303.6 103  4.9  0.00 6919.86
 994   111 303.0 103  5.2  0.00 6917.88
 983   212 302.3 101  5.7  0.00 6815.89
 969   340 302.2  92  6.0  0.00 5713.90
 951   501 302.0  80  5.4  0.00 5211.92
 930   707 301.1  68  4.1  0.00 53 9.93
 904   958 299.6  42  2.8  0.00 56 7.95
 866  1330 297.0 354  3.2  0.00 63 5.96
 820  1810 293.5 343  6.0  0.00 72 3.97
 774  2311 289.7 346  8.9  0.00 83 3.97
2005082802010013 1006.0 0.00 0     0.0     0.0   303.2   19.52   102.3     4.2   303.2
1003    31 303.1 103  4.2  0.00 7019.52
 994   105 302.5 102  4.4  0.00 6917.57
 983   206 301.7  99  4.6  0.00 6915.62
 969   334 301.7  85  4.9  0.00 5613.67
 952   495 301.8  68  4.5  0.00 5011.71
 930   700 301.0  48  3.9  0.00 50 9.76
 904   951 299.5  20  3.6  0.00 53 7.81
 867  1322 297.0 352  4.8  0.00 59 5.86
 820  1802 293.6 343  7.3  0.00 69 3.90
 774  2303 289.8 344  9.6  0.00 79 3.90
2005082802011013 1005.9 0.00 0     0.0     0.0   302.9   19.35   100.9     3.5   302.9
1002    30 302.6 101  3.5  0.00 7119.35
 994   104 302.0  98  3.5  0.00 7017.41
 983   204 301.2  94  3.6  0.00 6915.48
 969   332 301.2  76  4.1  0.00 5713.54
 952   493 301.4  56  4.1  0.00 5011.61
 930   697 300.7  34  4.0  0.00 48 9.67
 904   948 299.4  10  4.6  0.00 51 7.74
 867  1319 296.9 352  6.2  0.00 56 5.80
 820  1798 293.6 343  8.5  0.00 64 3.87
 774  2299 290.0 342 10.1  0.00 73 3.87
2005082802012013 1005.7 0.00 0     0.0     0.0   302.6   19.38    96.3     3.0   302.6
1002    30 302.2  95  2.9  0.00 7219.38
 994   104 301.6  91  2.9  0.00 7117.45
 983   204 300.9  86  2.9  0.00 7115.51
 969   332 300.8  68  3.6  0.00 6013.57
 951   492 300.9  49  3.8  0.00 5211.63
 930   697 300.4  28  4.1  0.00 48 9.69
 904   947 299.1   5  5.0  0.00 50 7.75
 866  1317 296.8 350  7.0  0.00 54 5.82
 820  1796 293.6 343  9.1  0.00 61 3.88
 774  2297 290.1 341 10.0  0.00 67 3.88
2005082802013013 1005.5 0.00 0     0.0     0.0   302.6   19.63    84.5     2.6   302.6
1002    30 302.2  82  2.4  0.00 7319.63
 994   104 301.6  78  2.5  0.00 7317.67
 982   204 300.8  72  2.5  0.00 7315.70
 969   332 300.4  60  3.3  0.00 6613.74
 951   492 300.4  47  3.7  0.00 5611.78
 929   697 300.0  27  3.8  0.00 50 9.81
 903   947 298.8   4  4.7  0.00 50 7.85
 866  1317 296.5 348  6.8  0.00 54 5.89
 820  1795 293.5 341  8.9  0.00 59 3.93
 774  2295 290.2 339  9.5  0.00 64 3.93
2005082802014013 1005.3 0.00 0     0.0     0.0   302.8   19.78    64.1     2.4   302.8
1002    30 302.4  60  2.3  0.00 7219.78
 994   104 301.8  57  2.4  0.00 7317.80
 982   204 301.0  53  2.6  0.00 7415.82
 968   332 300.1  50  3.0  0.00 7313.84
 951   493 300.0  44  3.7  0.00 6111.87
 929   697 299.6  30  3.7  0.00 52 9.89
 903   947 298.4   7  4.2  0.00 52 7.91
 866  1316 296.2 347  5.9  0.00 54 5.93
 820  1794 293.3 339  8.0  0.00 59 3.96
 774  2294 290.2 338  8.6  0.00 64 3.96
2005082802001014  882.9 0.00 0     0.0     0.0   298.0   14.95   102.4     3.3   298.0
 880  1182 298.7 103  4.8  0.00 6314.95
 873  1254 299.2 106  6.9  0.00 6013.45
 863  1352 298.8 106  7.7  0.00 5911.96
 851  1477 297.9 104  8.3  0.00 5810.46
 836  1635 296.7 101  8.3  0.00 59 8.97
 817  1834 294.9  97  8.0  0.00 63 7.47
 794  2078 292.6  89  7.4  0.00 72 5.98
 762  2438 289.4  74  6.6  0.00 82 4.48
 722  2901 285.9  42  5.7  0.00 86 2.99
 681  3384 283.1   9  7.1  0.00 80 2.99
2005082802002014  877.6 0.00 0     0.0     0.0   297.9   15.48   106.1     3.2   297.9
 875  1237 298.0 105  4.8  0.00 6715.48
 868  1309 298.4 105  7.5  0.00 6413.93
 858  1407 297.6 103  7.9  0.00 6512.38
 846  1532 296.6 101  8.0  0.00 6510.84
 831  1689 295.4  99  7.9  0.00 66 9.29
 812  1888 293.7  95  7.4  0.00 70 7.74
 790  2131 291.6  85  6.8  0.00 77 6.19
 757  2489 288.5  66  6.3  0.00 85 4.64
 717  2950 285.4  34  6.5  0.00 84 3.10
 677  3432 283.0  10  8.0  0.00 70 3.10
2005082802003014  913.4 0.00 0     0.0     0.0   299.3   16.12   115.5     2.4   299.3
 911   887 300.1 114  3.3  0.00 6416.12
 903   960 300.2 107  6.9  0.00 6314.51
 893  1059 299.7 106  7.7  0.00 6512.89
 881  1185 298.7 105  7.7  0.00 6611.28
 865  1344 297.5 105  7.5  0.00 67 9.67
 845  1545 296.0 104  6.9  0.00 68 8.06
 822  1791 294.1  98  5.8  0.00 71 6.45
 788  2153 291.0  74  4.9  0.00 80 4.84
 746  2620 287.2  40  5.6  0.00 89 3.22
 704  3107 284.5  15  7.4  0.00 76 3.22
2005082802004014  966.9 0.00 0     0.0     0.0   301.7   16.84   107.2     2.5   301.7
 964   382 303.3 106  3.7  0.00 6016.84
 956   455 303.5 103  6.9  0.00 5915.16
 946   556 303.1 104  8.0  0.00 5913.48
 932   684 302.3 105  8.1  0.00 5911.79
 915   845 301.1 106  7.6  0.00 6010.11
 895  1050 299.6 107  6.6  0.00 62 8.42
 870  1300 297.9 108  5.4  0.00 63 6.74
 834  1669 295.1  89  3.5  0.00 67 5.05
 789  2144 291.0  42  3.8  0.00 81 3.37
 745  2640 287.0  14  6.1  0.00 87 3.37
2005082802005014  990.7 0.00 0     0.0     0.0   303.1   17.60    96.8     2.8   303.1
 988   165 304.5  95  4.7  0.00 5917.60
 980   239 304.8  98  7.0  0.00 5815.84
 969   340 304.1 101  8.0  0.00 5814.08
 955   469 303.5 102  8.6  0.00 5512.32
 938   631 302.6 102  8.0  0.00 5510.56
 917   836 301.2 104  6.5  0.00 57 8.80
 891  1088 299.5 104  4.8  0.00 59 7.04
 854  1459 296.9  79  2.7  0.00 63 5.28
 808  1939 292.8  22  3.5  0.00 75 3.52
 763  2438 288.5   5  6.1  0.00 86 3.52
2005082802006014 1000.1 0.00 0     0.0     0.0   303.2   18.23    92.2     3.0   303.2
 997    82 304.4  91  4.9  0.00 6318.23
 989   156 304.4  95  6.8  0.00 6116.41
 978   257 303.9  98  7.7  0.00 6014.58
 964   386 303.4  98  8.1  0.00 5612.76
 947   548 302.8  96  7.7  0.00 5410.94
 925   754 301.5  97  6.2  0.00 56 9.12
 899  1006 299.9  95  4.1  0.00 59 7.29
 862  1378 297.3  57  2.2  0.00 63 5.47
 816  1859 293.4   4  4.1  0.00 74 3.65
 770  2360 289.2 356  6.9  0.00 84 3.65
2005082802007014 1005.2 0.00 0     0.0     0.0   302.7   18.79    88.8     2.8   302.7
1002    41 303.9  89  4.6  0.00 6718.79
 994   115 303.9  93  6.3  0.00 6516.91
 983   216 303.3  96  7.0  0.00 6415.03
 969   345 303.1  93  7.6  0.00 5713.16
 951   507 302.6  89  7.1  0.00 5511.28
 930   713 301.4  88  5.5  0.00 57 9.40
 904   965 299.8  82  3.5  0.00 59 7.52
 866  1337 297.3  33  2.2  0.00 65 5.64
 820  1818 293.7 352  4.7  0.00 74 3.76
 773  2320 289.6 349  7.8  0.00 85 3.76
2005082802008014 1005.2 0.00 0     0.0     0.0   302.5   19.26    90.4     2.9   302.5
1002    41 303.5  91  4.8  0.00 7019.26
 994   115 303.2  94  5.4  0.00 6917.34
 983   216 302.6  94  6.1  0.00 6815.41
 969   344 302.4  89  6.8  0.00 5813.48
 951   505 302.1  82  6.2  0.00 5511.56
 929   711 301.0  77  4.8  0.00 56 9.63
 903   963 299.5  61  3.2  0.00 59 7.71
 866  1334 297.0  11  2.9  0.00 65 5.78
 820  1815 293.6 346  5.7  0.00 75 3.85
 773  2317 289.6 345  8.7  0.00 85 3.85
2005082802009014 1006.0 0.00 0     0.0     0.0   303.5   19.86    95.3     4.4   303.5
1003    33 303.6  95  4.7  0.00 6919.86
 994   107 302.8  95  4.6  0.00 7017.88
 983   207 302.1  93  5.0  0.00 7015.89
 969   336 301.9  85  5.6  0.00 5913.90
 952   497 301.8  74  5.3  0.00 5311.92
 930   702 300.9  61  4.3  0.00 54 9.93
 904   953 299.4  37  3.4  0.00 57 7.94
 867  1325 296.9   1  4.1  0.00 63 5.96
 820  1805 293.6 344  6.8  0.00 73 3.97
 774  2306 289.7 343  9.4  0.00 83 3.97
2005082802010014 1006.1 0.00 0     0.0     0.0   303.0   19.49    94.4     3.9   303.0
1003    30 302.9  95  3.9  0.00 7119.49
 994   104 302.3  94  4.0  0.00 7117.54
 983   205 301.5  91  4.2  0.00 7015.59
 969   333 301.5  77  4.8  0.00 5813.64
 952   493 301.5  63  4.7  0.00 5111.69
 930   698 300.8  45  4.2  0.00 51 9.74
 904   949 299.3  19  4.2  0.00 54 7.79
 867  1320 296.8 356  5.6  0.00 60 5.85
 820  1800 293.6 344  8.1  0.00 69 3.90
 774  2301 289.9 342 10.1  0.00 79 3.90
2005082802011014 1005.8 0.00 0     0.0     0.0   302.7   19.45    91.9     3.3   302.7
1002    30 302.5  92  3.2  0.00 7219.45
 994   104 301.9  89  3.3  0.00 7217.51
 983   204 301.1  85  3.5  0.00 7115.56
 969   332 300.9  70  4.2  0.00 6013.62
 951   493 301.1  54  4.4  0.00 5111.67
 930   697 300.6  34  4.4  0.00 48 9.73
 904   948 299.2  11  5.1  0.00 51 7.78
 867  1318 296.8 354  6.8  0.00 57 5.84
 820  1798 293.6 344  9.2  0.00 65 3.89
 774  2299 290.0 341 10.5  0.00 74 3.89
2005082802012014 1005.6 0.00 0     0.0     0.0   302.6   19.59    85.0     3.0   302.6
1002    30 302.2  83  2.9  0.00 7319.59
 994   104 301.6  80  3.0  0.00 7217.63
 983   204 300.8  75  3.0  0.00 7315.67
 969   332 300.5  64  3.9  0.00 6413.71
 951   492 300.7  49  4.3  0.00 5311.75
 930   697 300.3  28  4.5  0.00 49 9.79
 904   947 299.0   7  5.4  0.00 50 7.83
 866  1317 296.7 352  7.5  0.00 55 5.88
 820  1796 293.6 343  9.6  0.00 61 3.92
 774  2297 290.1 341 10.3  0.00 68 3.92
2005082802013014 1005.4 0.00 0     0.0     0.0   302.7   19.77    72.1     2.9   302.7
1002    30 302.3  69  2.8  0.00 7319.77
 994   104 301.6  66  2.9  0.00 7317.79
 982   204 300.8  62  3.1  0.00 7315.82
 969   332 300.1  57  3.6  0.00 7113.84
 951   492 300.2  47  4.3  0.00 5811.86
 929   697 299.9  29  4.3  0.00 50 9.88
 903   947 298.7   7  5.1  0.00 51 7.91
 866  1316 296.4 350  7.2  0.00 55 5.93
 820  1795 293.5 343  9.2  0.00 60 3.95
 774  2295 290.2 340  9.7  0.00 65 3.95
2005082802014014 1005.3 0.00 0     0.0     0.0   302.8   19.95    56.9     3.0   302.8
1002    30 302.4  53  3.0  0.00 7319.95
 994   104 301.8  52  3.2  0.00 7317.96
 982   205 300.9  50  3.3  0.00 7515.96
 968   332 299.9  48  3.5  0.00 7613.97
 951   493 299.7  45  4.4  0.00 6311.97
 929   697 299.4  33  4.3  0.00 53 9.98
 903   947 298.3  11  4.6  0.00 52 7.98
 866  1316 296.1 350  6.2  0.00 55 5.99
 820  1794 293.3 342  8.1  0.00 60 3.99
 774  2294 290.1 340  8.6  0.00 65 3.99
2005082803001001  749.2 0.00 0     0.0     0.0   284.9   11.03     0.9     2.3   284.9
 747  2594 287.4   1  3.4  0.00 9411.03
 741  2662 287.1   2  3.6  0.00 94 9.92
 733  2755 286.6   2  3.8  0.00 93 8.82
 722  2874 286.1   3  4.1  0.00 92 7.72
 710  3023 285.0   5  4.4  0.00 94 6.62
 694  3213 284.4   9  5.0  0.00 92 5.51
 675  3445 282.9  15  5.6  0.00 94 4.41
 648  3787 280.6  20  6.3  0.00 97 3.31
 614  4229 277.8  24  6.7  0.00 96 2.21
 580  4691 275.1  28  6.5  0.00 93 2.21
2005082803002001  731.6 0.00 0     0.0     0.0   283.7   10.33     7.6     2.7   283.7
 729  2792 286.3   8  4.2  0.00 9310.33
 723  2860 286.1   8  4.5  0.00 92 9.29
 715  2953 285.7   9  4.7  0.00 91 8.26
 705  3071 285.2  11  5.0  0.00 90 7.23
 693  3219 284.4  12  5.4  0.00 90 6.20
 678  3408 283.2  14  5.9  0.00 93 5.16
 659  3638 281.6  17  6.4  0.00 95 4.13
 633  3978 279.4  20  6.9  0.00 96 3.10
 600  4417 276.7  23  7.0  0.00 93 2.07
 567  4875 274.1  28  6.8  0.00 90 2.07
2005082803003001  740.1 0.00 0     0.0     0.0   283.9   10.28     9.1     2.6   283.9
 738  2696 286.9   9  3.8  0.00 9310.28
 732  2764 286.6  10  4.1  0.00 92 9.25
 724  2857 286.2  11  4.3  0.00 90 8.22
 714  2975 285.7  12  4.5  0.00 89 7.19
 701  3124 285.0  13  4.8  0.00 87 6.17
 685  3313 283.8  15  5.4  0.00 89 5.14
 667  3544 282.3  17  6.0  0.00 91 4.11
 640  3885 279.9  19  6.7  0.00 92 3.08
 606  4325 277.2  21  6.8  0.00 88 2.06
 573  4785 274.6  27  6.6  0.00 85 2.06
2005082803004001  753.6 0.00 0     0.0     0.0   285.8   10.02    12.0     2.2   285.8
 751  2544 289.3  12  3.1  0.00 7510.02
 745  2613 288.9  13  3.3  0.00 76 9.02
 737  2706 288.2  14  3.5  0.00 77 8.01
 727  2825 287.3  15  3.7  0.00 79 7.01
 714  2975 286.5  16  4.0  0.00 78 6.01
 698  3165 284.8  18  4.5  0.00 84 5.01
 679  3398 283.2  18  5.2  0.00 87 4.01
 651  3740 280.8  19  6.2  0.00 89 3.01
 617  4182 278.1  20  6.6  0.00 85 2.00
 583  4644 275.4  26  6.5  0.00 80 2.00
2005082803005001  741.0 0.00 0     0.0     0.0   284.0   10.16    13.6     2.5   284.0
 739  2685 286.9  14  3.6  0.00 9010.16
 733  2753 286.6  14  3.9  0.00 89 9.14
 725  2846 286.2  14  4.2  0.00 87 8.13
 715  2964 285.7  15  4.4  0.00 85 7.11
 702  3113 284.9  15  4.7  0.00 83 6.09
 686  3302 283.8  15  5.4  0.00 83 5.08
 668  3533 282.2  15  6.1  0.00 84 4.06
 641  3874 279.9  15  6.8  0.00 84 3.05
 607  4313 277.3  17  7.1  0.00 79 2.03
 574  4773 274.7  24  6.9  0.00 75 2.03
2005082803006001  729.6 0.00 0     0.0     0.0   283.0    9.37    15.1     2.8   283.0
 727  2814 286.1  15  4.2  0.00 86 9.37
 721  2882 285.8  15  4.5  0.00 85 8.44
 714  2974 285.4  15  4.7  0.00 83 7.50
 704  3092 284.9  15  4.9  0.00 82 6.56
 691  3240 284.1  14  5.3  0.00 81 5.62
 676  3428 282.9  13  6.0  0.00 81 4.69
 657  3658 281.3  12  6.7  0.00 81 3.75
 631  3997 279.2  12  7.2  0.00 79 2.81
 598  4434 276.6  16  7.2  0.00 74 1.87
 565  4892 274.1  23  7.0  0.00 71 1.87
2005082803007001  759.0 0.00 0     0.0     0.0   285.3    9.81    23.9     2.4   285.3
 757  2483 288.5  24  3.2  0.00 76 9.81
 750  2552 288.5  23  3.2  0.00 73 8.83
 742  2645 287.9  22  3.4  0.00 74 7.85
 732  2764 287.1  21  3.7  0.00 75 6.87
 719  2914 286.4  21  3.8  0.00 75 5.89
 703  3104 284.9  18  4.4  0.00 79 4.91
 684  3336 283.2  14  5.2  0.00 80 3.92
 656  3679 281.1  11  6.3  0.00 78 2.94
 622  4122 278.5  13  6.8  0.00 74 1.96
 587  4584 275.9  20  6.6  0.00 70 1.96
2005082803008001  771.9 0.00 0     0.0     0.0   285.8   10.62    26.5     2.2   285.8
 769  2342 288.2  26  3.1  0.00 8210.62
 763  2410 288.2  26  3.1  0.00 80 9.56
 755  2504 288.2  26  3.2  0.00 76 8.49
 744  2623 287.7  24  3.4  0.00 74 7.43
 731  2774 287.0  22  3.7  0.00 74 6.37
 715  2964 285.7  19  4.1  0.00 76 5.31
 695  3198 284.0  14  4.9  0.00 79 4.25
 667  3542 281.9   9  6.0  0.00 77 3.19
 632  3986 279.3  10  6.7  0.00 72 2.12
 597  4451 276.7  17  6.6  0.00 68 2.12
2005082803009001  764.9 0.00 0     0.0     0.0   285.4   10.18    20.4     2.5   285.4
 762  2417 288.1  20  3.5  0.00 7910.18
 756  2485 288.0  19  3.7  0.00 77 9.16
 748  2579 287.7  18  3.8  0.00 75 8.14
 738  2698 287.0  17  4.1  0.00 76 7.12
 725  2847 286.2  15  4.5  0.00 76 6.11
 708  3038 285.0  13  5.1  0.00 77 5.09
 689  3270 283.4  10  5.8  0.00 77 4.07
 661  3613 281.4   7  6.7  0.00 75 3.05
 627  4056 278.9   9  7.1  0.00 70 2.04
 592  4520 276.3  16  6.9  0.00 66 2.04
2005082803010001  738.7 0.00 0     0.0     0.0   283.5    9.48     9.7     3.3   283.5
 736  2707 286.0  10  5.2  0.00 81 9.48
 730  2775 285.7   9  5.6  0.00 81 8.54
 722  2867 285.3   9  5.9  0.00 80 7.59
 712  2985 284.8   8  6.2  0.00 79 6.64
 700  3133 284.2   8  6.6  0.00 77 5.69
 684  3321 283.1   7  7.1  0.00 76 4.74
 666  3551 281.7   6  7.5  0.00 74 3.79
 639  3891 279.7   5  7.9  0.00 72 2.85
 606  4330 277.3   8  7.7  0.00 68 1.90
 572  4788 274.8  15  7.3  0.00 62 1.90
2005082803011001  743.7 0.00 0     0.0     0.0   283.7    9.44     5.7     3.0   283.7
 741  2649 286.3   5  5.3  0.00 81 9.44
 735  2717 286.0   5  5.6  0.00 81 8.50
 727  2810 285.6   5  5.9  0.00 80 7.55
 717  2928 285.0   6  6.3  0.00 79 6.61
 705  3076 284.2   6  6.7  0.00 78 5.67
 689  3264 283.3   5  7.2  0.00 76 4.72
 670  3495 281.9   5  7.5  0.00 75 3.78
 643  3835 279.9   4  7.7  0.00 73 2.83
 609  4275 277.6   6  7.5  0.00 69 1.89
 576  4734 275.1  12  7.0  0.00 62 1.89
2005082803012001  852.0 0.00 0     0.0     0.0   291.0   13.30    27.6     0.4   291.0
 849  1504 293.1  27  0.4  0.00 8413.30
 842  1574 291.9  46  0.3  0.00 8811.97
 833  1670 291.5  25  0.5  0.00 8810.64
 821  1792 291.0  15  1.0  0.00 86 9.31
 807  1946 290.2  11  1.4  0.00 86 7.98
 788  2141 289.6  10  2.0  0.00 83 6.65
 767  2381 288.3  10  2.6  0.00 81 5.32
 735  2734 286.3   7  3.7  0.00 80 3.99
 696  3190 283.8   4  5.0  0.00 76 2.66
 658  3667 281.0   6  5.1  0.00 73 2.66
2005082803013001  962.5 0.00 0     0.0     0.0   297.8   17.94   177.7     2.0   297.8
 959   459 300.3 179  2.9  0.00 7817.94
 952   532 299.9 179  3.1  0.00 7816.15
 941   631 299.3 180  3.1  0.00 7814.35
 928   758 298.5 181  3.1  0.00 7712.56
 911   918 297.7 182  3.1  0.00 7610.77
 890  1119 294.6 178  2.9  0.00 85 8.97
 865  1365 293.1 181  2.0  0.00 85 7.18
 830  1730 292.3 173  0.8  0.00 79 5.38
 785  2201 289.3  10  0.3  0.00 80 3.59
 741  2693 286.5 358  1.5  0.00 80 3.59
2005082803014001  999.4 0.00 0     0.0     0.0   299.9   18.57   171.9     1.7   299.9
 996   117 302.4 173  2.4  0.00 7118.57
 988   190 302.0 175  2.4  0.00 7116.71
 977   291 301.5 178  2.4  0.00 7014.85
 963   419 300.9 178  2.5  0.00 6913.00
 946   579 299.1 186  2.5  0.00 7411.14
 924   783 298.7 186  2.4  0.00 68 9.28
 898  1033 297.1 193  1.9  0.00 68 7.43
 861  1402 294.6 211  0.7  0.00 71 5.57
 815  1878 291.4 345  1.2  0.00 74 3.71
 769  2375 288.3 348  2.5  0.00 77 3.71
2005082803001002  732.3 0.00 0     0.0     0.0   283.2    9.91     4.6     2.9   283.2
 730  2791 286.0   5  4.6  0.00 93 9.91
 724  2859 286.2   5  5.1  0.00 90 8.92
 716  2951 285.8   6  5.4  0.00 90 7.93
 706  3069 285.3   8  5.7  0.00 89 6.94
 694  3218 284.5  10  6.2  0.00 89 5.95
 678  3407 283.2  13  6.6  0.00 91 4.96
 660  3637 281.6  14  6.9  0.00 94 3.97
 633  3977 279.4  15  7.1  0.00 93 2.97
 600  4416 276.6  16  6.8  0.00 88 1.98
 567  4874 274.0  18  6.2  0.00 82 1.98
2005082803002002  721.7 0.00 0     0.0     0.0   282.8    9.79    15.6     3.4   282.8
 719  2912 285.2  16  5.7  0.00 92 9.79
 714  2979 285.5  18  6.6  0.00 90 8.81
 706  3072 285.2  20  6.9  0.00 89 7.83
 696  3189 284.6  21  7.3  0.00 88 6.86
 684  3337 283.6  22  7.6  0.00 90 5.88
 668  3525 282.4  22  7.9  0.00 91 4.90
 650  3754 280.7  21  8.1  0.00 93 3.92
 624  4093 278.6  20  8.1  0.00 89 2.94
 592  4529 276.0  19  7.6  0.00 81 1.96
 559  4985 273.5  23  6.9  0.00 76 1.96
2005082803003002  724.0 0.00 0     0.0     0.0   283.1    9.99    19.1     3.0   283.1
 722  2885 285.2  19  5.3  0.00 92 9.99
 716  2953 285.4  23  6.3  0.00 90 8.99
 708  3045 285.1  25  6.8  0.00 88 7.99
 698  3163 284.6  26  7.1  0.00 87 6.99
 686  3311 283.6  26  7.4  0.00 88 5.99
 671  3498 282.4  26  7.7  0.00 89 5.00
 652  3728 280.8  24  7.9  0.00 89 4.00
 626  4066 278.6  22  8.0  0.00 84 3.00
 594  4503 276.1  21  7.6  0.00 76 2.00
 561  4959 273.7  25  7.0  0.00 72 2.00
2005082803004002  744.0 0.00 0     0.0     0.0   285.5   11.62    21.3     2.2   285.5
 741  2656 286.3  22  4.0  0.00 9311.62
 736  2724 286.4  25  4.9  0.00 9010.46
 727  2817 286.1  26  5.5  0.00 88 9.30
 717  2936 285.7  27  5.9  0.00 87 8.13
 705  3084 284.9  27  6.2  0.00 86 6.97
 689  3274 284.0  26  6.6  0.00 84 5.81
 670  3505 282.3  23  6.9  0.00 85 4.65
 643  3846 280.0  19  7.3  0.00 82 3.49
 610  4286 277.4  18  7.3  0.00 74 2.32
 576  4745 274.9  22  6.9  0.00 69 2.32
2005082803005002  737.8 0.00 0     0.0     0.0   283.5    9.98    22.9     3.0   283.5
 735  2725 285.9  23  4.6  0.00 89 9.98
 729  2793 286.1  23  5.5  0.00 87 8.98
 721  2886 285.8  23  6.0  0.00 85 7.98
 711  3004 285.3  23  6.3  0.00 84 6.99
 699  3152 284.7  22  6.6  0.00 82 5.99
 683  3341 283.5  20  7.0  0.00 82 4.99
 665  3572 281.9  17  7.4  0.00 81 3.99
 638  3912 279.7  14  7.8  0.00 77 2.99
 605  4350 277.1  14  7.8  0.00 70 2.00
 571  4809 274.6  18  7.4  0.00 66 2.00
2005082803006002  727.5 0.00 0     0.0     0.0   282.8    9.51    23.3     3.0   282.8
 725  2844 285.0  23  5.3  0.00 88 9.51
 719  2911 285.2  24  6.1  0.00 86 8.56
 711  3003 284.9  24  6.4  0.00 84 7.61
 702  3121 284.5  24  6.7  0.00 82 6.66
 689  3269 283.6  22  6.9  0.00 82 5.71
 674  3456 282.6  19  7.4  0.00 80 4.75
 656  3686 281.1  16  7.9  0.00 77 3.80
 629  4024 279.0  14  8.1  0.00 73 2.85
 596  4461 276.6  15  7.9  0.00 67 1.90
 564  4918 274.1  20  7.6  0.00 64 1.90
2005082803007002  746.1 0.00 0     0.0     0.0   283.2    9.52    24.6     2.9   283.2
 744  2633 285.7  24  4.6  0.00 88 9.52
 738  2701 285.8  27  5.0  0.00 86 8.57
 730  2793 285.6  27  5.3  0.00 85 7.62
 719  2911 285.2  26  5.5  0.00 83 6.67
 707  3060 284.1  25  5.7  0.00 84 5.71
 691  3248 283.7  22  6.2  0.00 79 4.76
 672  3480 282.4  18  6.7  0.00 77 3.81
 645  3820 280.3  14  7.3  0.00 73 2.86
 611  4261 277.9  16  7.4  0.00 68 1.90
 578  4721 275.3  21  7.0  0.00 64 1.90
2005082803008002  749.6 0.00 0     0.0     0.0   283.3    9.46    19.6     2.9   283.3
 747  2594 286.0  19  4.3  0.00 86 9.46
 741  2661 286.1  21  4.7  0.00 84 8.51
 733  2754 285.8  21  4.9  0.00 83 7.57
 723  2872 285.3  20  5.2  0.00 81 6.62
 710  3021 284.0  19  5.5  0.00 83 5.68
 694  3209 283.8  17  6.0  0.00 78 4.73
 675  3441 282.5  14  6.5  0.00 76 3.78
 648  3782 280.5  11  7.1  0.00 72 2.84
 614  4223 278.1  13  7.2  0.00 67 1.89
 580  4683 275.6  18  6.8  0.00 63 1.89
2005082803009002  748.7 0.00 0     0.0     0.0   283.6    9.58    12.7     3.1   283.6
 746  2603 285.9  12  4.8  0.00 84 9.58
 740  2671 286.0  13  5.3  0.00 82 8.62
 732  2763 285.7  13  5.6  0.00 81 7.66
 722  2881 285.2  13  5.9  0.00 80 6.71
 709  3030 284.4  13  6.3  0.00 79 5.75
 693  3218 283.7  11  6.8  0.00 77 4.79
 674  3449 282.4   9  7.3  0.00 75 3.83
 647  3790 280.4   8  7.8  0.00 71 2.87
 613  4231 278.1  11  7.8  0.00 66 1.92
 580  4692 275.6  15  7.3  0.00 60 1.92
2005082803010002  739.1 0.00 0     0.0     0.0   283.5    9.57    12.8     3.7   283.5
 736  2709 285.5  12  6.0  0.00 83 9.57
 731  2777 285.6  13  6.8  0.00 80 8.61
 723  2869 285.2  13  7.2  0.00 79 7.66
 713  2987 284.7  13  7.6  0.00 78 6.70
 700  3135 284.0  12  7.9  0.00 77 5.74
 684  3323 282.9  11  8.4  0.00 76 4.78
 666  3553 281.6  11  8.7  0.00 73 3.83
 639  3892 279.7  11  8.8  0.00 70 2.87
 606  4331 277.4  14  8.6  0.00 64 1.91
 572  4790 275.0  18  8.2  0.00 57 1.91
2005082803011002  747.6 0.00 0     0.0     0.0   283.6    9.66    16.3     3.0   283.6
 745  2614 285.9  16  5.2  0.00 86 9.66
 739  2682 285.9  19  6.1  0.00 83 8.69
 731  2775 285.5  19  6.5  0.00 81 7.73
 721  2893 285.0  19  7.0  0.00 80 6.76
 708  3041 284.1  18  7.5  0.00 79 5.80
 692  3229 283.2  18  8.0  0.00 78 4.83
 673  3460 281.9  17  8.3  0.00 75 3.86
 646  3800 280.0  18  8.4  0.00 73 2.90
 613  4240 277.8  22  8.3  0.00 67 1.93
 579  4700 275.3  27  7.9  0.00 59 1.93
2005082803012002  839.5 0.00 0     0.0     0.0   289.2   12.10   127.9     1.0   289.2
 837  1629 291.7 133  1.2  0.00 8512.10
 830  1699 291.6 116  1.7  0.00 8410.89
 821  1795 291.1 101  1.7  0.00 83 9.68
 809  1916 290.7  80  1.6  0.00 81 8.47
 795  2069 290.0  68  2.2  0.00 80 7.26
 777  2264 288.8  57  2.8  0.00 80 6.05
 755  2502 287.4  45  3.3  0.00 79 4.84
 725  2853 285.4  36  4.2  0.00 78 3.63
 686  3307 282.9  32  5.0  0.00 75 2.42
 648  3782 280.2  39  5.1  0.00 71 2.42
2005082803013002  946.3 0.00 0     0.0     0.0   297.3   17.15   180.4     3.4   297.3
 943   588 298.8 181  6.1  0.00 7717.15
 935   660 298.8 178  7.0  0.00 7615.43
 925   759 298.2 178  6.9  0.00 7513.72
 912   885 296.4 180  6.5  0.00 8112.00
 895  1043 296.9 175  6.4  0.00 7110.29
 875  1245 295.9 174  5.6  0.00 69 8.57
 851  1491 293.7 174  4.3  0.00 74 6.86
 816  1854 291.5 171  2.9  0.00 75 5.14
 772  2322 288.6 160  1.5  0.00 76 3.43
 729  2813 285.8 115  0.7  0.00 76 3.43
2005082803014002  995.9 0.00 0     0.0     0.0   299.7   18.08   188.0     3.0   299.7
 992   133 301.6 188  5.6  0.00 7218.08
 984   206 301.7 187  6.1  0.00 6916.27
 973   306 301.2 189  6.1  0.00 6814.46
 959   434 299.7 189  6.1  0.00 7412.66
 942   594 298.5 191  5.8  0.00 7510.85
 921   798 298.7 193  5.5  0.00 64 9.04
 895  1048 297.1 197  4.7  0.00 64 7.23
 858  1416 294.7 205  3.3  0.00 67 5.42
 812  1891 291.5 233  1.8  0.00 70 3.62
 766  2388 288.3 281  1.6  0.00 74 3.62
2005082803001003  732.0 0.00 0     0.0     0.0   282.7    9.65    23.3     3.2   282.7
 729  2797 285.6  24  4.7  0.00 94 9.65
 724  2864 286.0  26  5.9  0.00 91 8.69
 716  2957 285.6  27  6.4  0.00 90 7.72
 706  3075 285.1  29  6.9  0.00 89 6.76
 693  3223 284.3  30  7.2  0.00 89 5.79
 678  3412 283.0  31  7.2  0.00 90 4.83
 659  3642 281.5  29  7.1  0.00 90 3.86
 633  3982 279.2  25  6.7  0.00 86 2.90
 600  4420 276.6  23  5.9  0.00 77 1.93
 567  4877 274.0  25  5.0  0.00 68 1.93
2005082803002003  733.8 0.00 0     0.0     0.0   282.9    9.89    24.2     3.4   282.9
 731  2776 285.2  25  5.3  0.00 95 9.89
 725  2844 285.6  29  7.0  0.00 93 8.90
 717  2936 285.3  32  7.7  0.00 92 7.91
 707  3054 284.8  33  8.1  0.00 90 6.92
 695  3203 284.1  34  8.3  0.00 90 5.93
 679  3391 283.0  33  8.2  0.00 89 4.94
 661  3621 281.5  30  7.9  0.00 88 3.95
 634  3961 279.3  25  7.4  0.00 82 2.97
 601  4399 276.8  22  6.6  0.00 71 1.98
 568  4857 274.3  25  5.8  0.00 63 1.98
2005082803003003  746.0 0.00 0     0.0     0.0   283.7   10.30    20.0     2.7   283.7
 743  2637 285.8  20  4.5  0.00 9510.30
 737  2705 286.1  28  6.5  0.00 93 9.27
 729  2798 285.9  32  7.5  0.00 91 8.24
 719  2916 285.4  33  7.9  0.00 90 7.21
 706  3065 284.6  34  8.2  0.00 89 6.18
 691  3254 283.8  33  8.2  0.00 87 5.15
 672  3485 282.2  30  7.9  0.00 85 4.12
 645  3826 280.0  25  7.5  0.00 80 3.09
 611  4266 277.5  20  7.0  0.00 69 2.06
 577  4726 275.0  23  6.3  0.00 61 2.06
2005082803004003  767.1 0.00 0     0.0     0.0   285.5   10.96    23.6     2.8   285.5
 764  2398 287.6  24  4.1  0.00 8810.96
 758  2467 288.2  31  5.9  0.00 84 9.87
 750  2561 288.5  33  6.9  0.00 80 8.77
 739  2680 287.8  33  7.2  0.00 80 7.68
 726  2831 287.1  33  7.5  0.00 79 6.58
 710  3022 285.7  31  7.5  0.00 81 5.48
 691  3255 283.8  27  7.4  0.00 82 4.39
 663  3599 281.5  22  7.3  0.00 77 3.29
 628  4042 278.9  17  7.1  0.00 68 2.19
 593  4505 276.3  19  6.6  0.00 60 2.19
2005082803005003  761.6 0.00 0     0.0     0.0   285.4   10.63    38.0     3.0   285.4
 759  2459 287.6  39  4.9  0.00 8410.63
 753  2528 288.2  37  6.3  0.00 80 9.57
 745  2621 287.9  36  6.9  0.00 79 8.51
 734  2740 287.2  34  7.1  0.00 79 7.44
 721  2890 286.5  31  7.3  0.00 77 6.38
 705  3081 285.2  27  7.5  0.00 78 5.32
 686  3313 283.5  23  7.5  0.00 76 4.25
 658  3656 281.3  18  7.5  0.00 71 3.19
 624  4099 278.8  14  7.3  0.00 63 2.13
 589  4561 276.2  16  6.9  0.00 58 2.13
2005082803006003  744.8 0.00 0     0.0     0.0   283.3    9.79    36.8     3.1   283.3
 742  2649 285.3  37  5.1  0.00 91 9.79
 736  2717 285.6  35  6.2  0.00 89 8.81
 728  2809 285.4  34  6.7  0.00 86 7.83
 718  2927 285.1  31  7.1  0.00 83 6.86
 705  3076 284.3  29  7.4  0.00 81 5.88
 690  3264 283.8  25  7.7  0.00 76 4.90
 671  3495 282.5  21  7.7  0.00 71 3.92
 644  3836 280.4  17  7.7  0.00 67 2.94
 610  4276 278.0  15  7.4  0.00 60 1.96
 577  4736 275.4  18  7.0  0.00 57 1.96
2005082803007003  740.1 0.00 0     0.0     0.0   282.5    9.35    28.4     3.0   282.5
 738  2703 285.0  28  4.6  0.00 91 9.35
 732  2770 285.2  30  5.4  0.00 89 8.41
 724  2863 285.2  30  6.1  0.00 85 7.48
 714  2980 284.8  29  6.6  0.00 83 6.54
 701  3129 284.2  27  7.0  0.00 81 5.61
 685  3317 283.2  24  7.4  0.00 77 4.67
 667  3548 281.9  20  7.6  0.00 73 3.74
 640  3887 280.0  18  7.6  0.00 68 2.80
 606  4327 277.7  18  7.4  0.00 61 1.87
 573  4786 275.2  20  6.9  0.00 57 1.87
2005082803008003  742.9 0.00 0     0.0     0.0   282.7    9.41    24.0     2.5   282.7
 740  2672 285.3  24  3.8  0.00 91 9.41
 734  2740 285.5  26  4.8  0.00 88 8.47
 726  2833 285.2  25  5.4  0.00 85 7.53
 716  2950 284.7  24  5.9  0.00 84 6.59
 704  3099 283.8  23  6.5  0.00 83 5.65
 688  3287 283.1  20  7.1  0.00 79 4.70
 669  3517 281.9  18  7.4  0.00 75 3.76
 642  3857 280.0  16  7.7  0.00 70 2.82
 609  4297 277.8  18  7.6  0.00 63 1.88
 575  4757 275.4  20  7.1  0.00 57 1.88
2005082803009003  752.8 0.00 0     0.0     0.0   283.3    9.47    15.7     2.1   283.3
 750  2561 286.1  15  2.9  0.00 88 9.47
 744  2628 286.2  18  4.0  0.00 85 8.52
 736  2721 285.8  18  4.7  0.00 83 7.57
 726  2839 285.2  17  5.4  0.00 82 6.63
 713  2988 284.3  17  6.0  0.00 81 5.68
 697  3177 283.6  16  6.7  0.00 79 4.73
 678  3408 282.4  15  7.2  0.00 76 3.79
 651  3749 280.4  14  7.6  0.00 72 2.84
 617  4190 278.2  17  7.8  0.00 65 1.89
 583  4651 275.9  20  7.4  0.00 57 1.89
2005082803010003  761.1 0.00 0     0.0     0.0   284.3    9.50    10.1     2.1   284.3
 758  2468 287.3   8  2.8  0.00 82 9.50
 752  2536 287.4  12  3.9  0.00 78 8.55
 744  2629 286.8  12  4.5  0.00 77 7.60
 733  2748 286.1  13  5.1  0.00 77 6.65
 721  2897 285.2  13  5.7  0.00 77 5.70
 704  3086 284.1  12  6.5  0.00 77 4.75
 685  3318 282.8  12  7.0  0.00 75 3.80
 658  3660 280.8  13  7.3  0.00 73 2.85
 623  4102 278.5  17  7.6  0.00 66 1.90
 589  4564 276.2  22  7.4  0.00 58 1.90
2005082803011003  785.4 0.00 0     0.0     0.0   286.2   10.08     3.1     0.7   286.2
 782  2200 288.8 355  1.0  0.00 7910.08
 776  2269 288.9  14  2.1  0.00 76 9.07
 768  2363 288.4  12  2.8  0.00 74 8.06
 757  2482 287.7  11  3.7  0.00 74 7.05
 743  2632 286.8  10  4.4  0.00 74 6.05
 727  2823 285.7  10  5.2  0.00 74 5.04
 707  3057 284.3  10  5.8  0.00 73 4.03
 678  3402 282.3  12  6.2  0.00 73 3.02
 643  3848 279.9  18  6.6  0.00 68 2.02
 607  4314 277.5  25  6.5  0.00 61 2.02
2005082803012003  849.0 0.00 0     0.0     0.0   289.6   11.64   195.3     2.0   289.6
 846  1529 292.8 198  2.8  0.00 7711.64
 839  1599 292.9 179  2.5  0.00 7410.48
 830  1695 292.5 178  1.7  0.00 73 9.31
 818  1817 291.9 175  0.8  0.00 71 8.15
 804  1971 291.0  68  0.3  0.00 71 6.98
 786  2166 289.9  18  1.3  0.00 70 5.82
 764  2405 288.4  10  2.5  0.00 70 4.66
 733  2758 286.2   8  3.6  0.00 72 3.49
 694  3213 283.5  13  4.5  0.00 71 2.33
 655  3689 280.9  23  4.6  0.00 68 2.33
2005082803013003  930.8 0.00 0     0.0     0.0   295.5   15.49   191.7     3.3   295.5
 928   725 297.7 192  6.0  0.00 7315.49
 920   797 298.3 184  7.3  0.00 6813.94
 910   895 297.8 186  7.1  0.00 6712.39
 897  1020 296.8 189  6.2  0.00 6610.84
 881  1178 296.2 187  5.4  0.00 65 9.29
 861  1378 295.0 188  4.3  0.00 65 7.74
 837  1623 293.4 195  2.7  0.00 66 6.19
 803  1985 291.1 225  1.1  0.00 68 4.65
 760  2452 288.1 333  1.4  0.00 70 3.10
 717  2940 285.2 354  2.3  0.00 71 3.10
2005082803014003  990.8 0.00 0     0.0     0.0   299.7   16.96   191.0     3.2   299.7
 987   169 301.1 191  6.0  0.00 6916.96
 979   242 301.4 188  6.9  0.00 6515.27
 968   342 300.7 190  7.1  0.00 6713.57
 955   469 299.8 193  7.0  0.00 6911.87
 938   630 299.7 195  6.1  0.00 6110.18
 916   833 298.7 197  5.5  0.00 59 8.48
 891  1082 297.1 204  4.4  0.00 59 6.79
 854  1450 294.7 225  2.8  0.00 62 5.09
 808  1925 291.5 280  2.2  0.00 66 3.39
 763  2421 288.3 314  2.9  0.00 70 3.39
2005082803001004  739.3 0.00 0     0.0     0.0   283.2   10.19    45.1     3.2   283.2
 736  2714 285.5  46  4.8  0.00 9910.19
 731  2782 286.1  45  7.3  0.00 96 9.17
 723  2875 285.7  46  7.9  0.00 95 8.15
 712  2993 285.1  46  8.3  0.00 93 7.13
 700  3142 284.3  46  8.1  0.00 90 6.11
 684  3331 283.3  44  7.4  0.00 88 5.09
 666  3561 282.0  38  6.7  0.00 83 4.07
 639  3902 279.7  27  6.1  0.00 79 3.06
 606  4341 277.2  20  5.4  0.00 68 2.04
 572  4799 274.6  23  4.1  0.00 57 2.04
2005082803002004  742.5 0.00 0     0.0     0.0   283.1   10.14    34.1     3.1   283.1
 740  2677 285.4  35  4.6  0.00 9910.14
 734  2745 285.9  44  7.8  0.00 97 9.13
 726  2838 285.5  46  8.6  0.00 95 8.11
 716  2956 284.9  46  8.8  0.00 94 7.10
 703  3105 284.3  44  8.7  0.00 92 6.09
 687  3294 283.3  42  8.0  0.00 89 5.07
 669  3525 281.9  36  7.2  0.00 84 4.06
 642  3865 279.8  26  6.6  0.00 77 3.04
 608  4304 277.4  18  6.0  0.00 64 2.03
 575  4763 274.9  20  5.1  0.00 53 2.03
2005082803003004  762.1 0.00 0     0.0     0.0   284.6   10.66    28.3     2.7   284.6
 759  2456 286.8  29  4.1  0.00 9410.66
 753  2524 287.5  42  7.5  0.00 92 9.59
 745  2618 287.3  45  8.8  0.00 89 8.52
 735  2737 286.7  43  8.7  0.00 87 7.46
 722  2887 286.1  41  8.5  0.00 84 6.39
 705  3077 284.7  38  7.9  0.00 83 5.33
 686  3310 283.2  32  7.1  0.00 79 4.26
 658  3652 281.1  24  6.6  0.00 74 3.20
 624  4095 278.6  15  6.3  0.00 63 2.13
 590  4557 276.1  17  5.8  0.00 54 2.13
2005082803004004  773.8 0.00 0     0.0     0.0   285.6   11.09    36.7     2.8   285.6
 771  2326 287.3  38  4.6  0.00 9211.09
 765  2394 287.9  46  7.5  0.00 89 9.98
 756  2488 287.9  46  8.7  0.00 85 8.87
 746  2608 287.7  42  8.6  0.00 80 7.76
 733  2758 287.0  38  8.4  0.00 77 6.65
 716  2949 285.9  32  7.9  0.00 74 5.54
 697  3183 284.4  26  7.4  0.00 71 4.44
 669  3527 282.2  19  6.9  0.00 67 3.33
 633  3971 279.5  12  6.5  0.00 58 2.22
 599  4436 276.9  13  6.2  0.00 52 2.22
2005082803005004  763.1 0.00 0     0.0     0.0   285.5   11.09    46.6     3.2   285.5
 760  2444 287.0  48  5.5  0.00 9011.09
 754  2512 287.5  49  7.5  0.00 88 9.98
 746  2606 287.3  48  8.1  0.00 84 8.87
 736  2725 286.9  42  8.3  0.00 79 7.76
 723  2875 286.3  36  8.3  0.00 75 6.66
 706  3065 285.2  30  8.1  0.00 70 5.55
 687  3297 283.8  24  7.7  0.00 65 4.44
 659  3640 281.7  18  7.3  0.00 61 3.33
 625  4083 279.2  13  7.0  0.00 53 2.22
 590  4546 276.5  14  6.6  0.00 50 2.22
2005082803006004  746.2 0.00 0     0.0     0.0   283.3   10.15    48.7     3.1   283.3
 744  2634 285.2  49  4.9  0.00 9710.15
 738  2702 285.2  49  6.0  0.00 96 9.13
 730  2794 285.2  47  6.7  0.00 91 8.12
 719  2912 285.2  39  7.7  0.00 83 7.10
 707  3061 284.4  34  8.0  0.00 78 6.09
 691  3249 283.8  28  8.1  0.00 70 5.07
 672  3480 282.7  24  8.0  0.00 64 4.06
 645  3821 280.7  21  7.7  0.00 59 3.04
 611  4261 278.4  18  7.4  0.00 52 2.03
 578  4722 275.8  18  6.9  0.00 50 2.03
2005082803007004  741.4 0.00 0     0.0     0.0   285.3   11.96    38.7     2.2   285.3
 739  2691 285.0  39  2.8  0.0010011.96
 733  2758 284.4  41  3.7  0.0010010.77
 725  2851 284.9  38  5.4  0.00 92 9.57
 715  2968 284.7  33  6.6  0.00 86 8.37
 702  3117 283.9  30  7.0  0.00 82 7.18
 686  3305 283.1  27  7.5  0.00 75 5.98
 668  3535 282.0  24  7.7  0.00 69 4.79
 641  3875 280.1  23  7.8  0.00 64 3.59
 607  4314 278.0  24  7.8  0.00 55 2.39
 574  4774 275.6  24  7.2  0.00 50 2.39
2005082803008004  766.9 0.00 0     0.0     0.0   284.9   10.61     0.7     0.6   284.9
 764  2405 287.4 357  0.8  0.00 9310.61
 758  2474 287.5  21  2.4  0.00 89 9.55
 750  2567 287.1  27  3.4  0.00 85 8.49
 739  2686 286.4  27  4.3  0.00 85 7.42
 726  2836 285.5  25  5.2  0.00 83 6.36
 710  3026 284.4  23  6.0  0.00 81 5.30
 690  3258 283.1  21  6.7  0.00 77 4.24
 663  3601 281.2  21  7.3  0.00 72 3.18
 628  4044 279.1  23  7.9  0.00 63 2.12
 593  4507 276.9  26  7.6  0.00 55 2.12
2005082803009004  809.8 0.00 0     0.0     0.0   288.0   11.26   206.6     1.2   288.0
 807  1941 290.7 209  1.6  0.00 8111.26
 800  2010 290.9  14  0.5  0.00 7810.13
 791  2105 290.4  13  1.4  0.00 76 9.01
 780  2226 289.7  15  2.4  0.00 76 7.88
 766  2378 288.7  16  3.3  0.00 76 6.75
 749  2571 287.2  16  4.1  0.00 77 5.63
 728  2807 285.8  15  5.2  0.00 77 4.50
 699  3154 283.7  15  6.1  0.00 76 3.38
 662  3604 281.3  18  7.3  0.00 70 2.25
 625  4074 279.0  23  7.6  0.00 62 2.25
2005082803010004  842.6 0.00 0     0.0     0.0   290.0   11.67   199.2     2.1   290.0
 839  1597 293.0 201  3.1  0.00 7111.67
 832  1668 293.2 198  1.3  0.00 6910.51
 823  1764 292.7 267  0.2  0.00 68 9.34
 812  1886 292.0   1  1.2  0.00 68 8.17
 797  2039 291.1   4  2.2  0.00 68 7.00
 779  2234 289.8   5  3.2  0.00 69 5.84
 758  2473 288.1   5  4.2  0.00 70 4.67
 727  2824 285.7   8  5.2  0.00 73 3.50
 689  3279 283.1  12  6.6  0.00 72 2.33
 650  3754 280.6  19  7.0  0.00 67 2.33
2005082803011004  877.5 0.00 0     0.0     0.0   292.4   12.57   197.3     2.9   292.4
 874  1241 295.6 199  4.7  0.00 6412.57
 867  1312 296.1 195  2.8  0.00 5911.31
 857  1409 295.7 203  1.3  0.00 5810.06
 845  1533 294.9 274  0.4  0.00 58 8.80
 830  1688 293.8 343  1.1  0.00 60 7.54
 811  1885 292.2 352  2.2  0.00 62 6.28
 789  2127 290.5 355  3.4  0.00 65 5.03
 757  2482 288.0 359  4.4  0.00 68 3.77
 717  2942 285.1   6  5.8  0.00 71 2.51
 677  3422 282.4  14  6.2  0.00 69 2.51
2005082803012004  914.7 0.00 0     0.0     0.0   295.6   13.35   193.4     3.4   295.6
 911   874 297.6 195  6.4  0.00 6213.35
 904   946 298.7 188  5.6  0.00 5412.02
 894  1044 298.3 189  4.2  0.00 5210.68
 881  1169 297.6 193  2.9  0.00 52 9.35
 865  1326 296.5 205  1.7  0.00 53 8.01
 846  1526 294.9 266  0.8  0.00 56 6.68
 822  1770 293.2 334  1.8  0.00 58 5.34
 789  2130 290.5 347  3.1  0.00 63 4.01
 747  2595 287.4 356  4.7  0.00 67 2.67
 705  3080 284.5   4  5.2  0.00 69 2.67
2005082803013004  954.4 0.00 0     0.0     0.0   298.0   15.56   190.0     4.4   298.0
 951   496 299.3 191  7.1  0.00 6815.56
 943   569 300.1 185  8.5  0.00 6214.00
 933   668 300.1 186  7.9  0.00 5712.45
 920   794 299.6 188  6.7  0.00 5310.89
 903   953 298.6 191  5.5  0.00 52 9.33
 883  1155 297.3 197  4.0  0.00 53 7.78
 858  1402 295.7 218  2.2  0.00 55 6.22
 823  1766 293.1 287  1.6  0.00 59 4.67
 779  2236 289.8 334  3.3  0.00 64 3.11
 735  2728 286.6 346  4.2  0.00 68 3.11
2005082803014004  994.6 0.00 0     0.0     0.0   302.2   18.89   185.9     6.2   302.2
 991   129 301.9 186  6.7  0.00 6918.89
 983   202 301.5 185  7.1  0.00 6817.00
 972   303 300.9 187  7.8  0.00 6815.11
 958   430 300.6 189  7.5  0.00 6313.22
 941   591 300.4 192  6.6  0.00 5411.33
 920   794 299.3 197  5.5  0.00 54 9.44
 894  1044 297.8 208  4.0  0.00 53 7.55
 857  1412 295.3 244  2.6  0.00 56 5.67
 811  1888 292.1 302  3.1  0.00 61 3.78
 766  2385 288.7 325  4.2  0.00 66 3.78
2005082803001005  756.1 0.00 0     0.0     0.0   285.0   11.46    78.2     3.2   285.0
 753  2523 286.5  80  5.2  0.0010011.46
 747  2591 287.2  68  9.0  0.00 9810.32
 739  2685 286.6  67  9.6  0.00 97 9.17
 729  2804 286.0  64  9.4  0.00 93 8.02
 716  2953 285.3  60  8.4  0.00 90 6.88
 700  3143 284.4  53  7.2  0.00 85 5.73
 681  3375 283.2  39  6.2  0.00 80 4.58
 653  3718 280.9  22  5.7  0.00 79 3.44
 619  4160 278.3   6  5.5  0.00 69 2.29
 585  4621 275.7   4  4.1  0.00 57 2.29
2005082803002005  760.3 0.00 0     0.0     0.0   284.2   10.78    70.4     2.7   284.2
 758  2476 286.5  73  3.9  0.0010010.78
 751  2545 286.9  67  8.8  0.00 99 9.70
 743  2638 286.5  65  9.4  0.00 96 8.62
 733  2757 286.0  60  8.9  0.00 92 7.55
 720  2906 285.4  53  8.0  0.00 88 6.47
 704  3096 284.5  44  6.9  0.00 84 5.39
 684  3329 283.2  32  6.1  0.00 79 4.31
 657  3671 281.0  18  5.9  0.00 75 3.23
 622  4114 278.6   5  5.9  0.00 64 2.16
 588  4576 276.0   4  5.1  0.00 53 2.16
2005082803003005  778.1 0.00 0     0.0     0.0   285.2   11.01    57.6     2.6   285.2
 775  2279 287.3  60  3.8  0.00 9711.01
 769  2348 288.1  64  8.6  0.00 93 9.91
 761  2442 287.9  61  9.2  0.00 89 8.81
 750  2561 287.4  54  8.5  0.00 83 7.71
 737  2712 286.7  46  7.8  0.00 78 6.61
 720  2903 285.9  36  7.1  0.00 73 5.51
 700  3137 284.7  25  6.4  0.00 68 4.41
 672  3481 282.4  14  6.1  0.00 67 3.30
 637  3926 279.8   3  6.1  0.00 60 2.20
 602  4391 277.1   4  5.7  0.00 54 2.20
2005082803004005  782.2 0.00 0     0.0     0.0   286.2   11.69    66.5     2.8   286.2
 779  2234 287.6  68  4.8  0.00 9611.69
 773  2303 288.4  68  8.6  0.00 9310.52
 765  2397 288.3  61  9.0  0.00 87 9.35
 754  2516 287.9  51  8.5  0.00 80 8.18
 740  2667 287.3  41  8.0  0.00 74 7.02
 724  2858 286.3  31  7.7  0.00 68 5.85
 704  3093 285.1  21  7.2  0.00 62 4.68
 676  3438 283.0  12  6.8  0.00 59 3.51
 640  3883 280.4   3  6.4  0.00 53 2.34
 605  4349 277.5   5  6.0  0.00 51 2.34
2005082803005005  769.4 0.00 0     0.0     0.0   285.7   11.80    72.7     2.9   285.7
 767  2375 286.9  74  5.0  0.0010011.80
 761  2443 287.2  69  7.3  0.00 9910.62
 752  2537 287.0  61  7.6  0.00 92 9.44
 741  2656 286.9  50  7.9  0.00 81 8.26
 728  2806 286.3  39  7.8  0.00 73 7.08
 712  2996 285.4  29  7.8  0.00 67 5.90
 693  3229 284.2  21  7.7  0.00 61 4.72
 665  3573 282.2  16  7.4  0.00 58 3.54
 630  4016 279.8  10  7.0  0.00 50 2.36
 595  4480 277.1  11  6.5  0.00 49 2.36
2005082803006005  761.0 0.00 0     0.0     0.0   287.2   13.25    76.5     2.6   287.2
 758  2469 286.9  78  3.4  0.0010013.25
 752  2537 286.5  74  4.3  0.0010011.93
 744  2630 285.8  65  4.9  0.0010010.60
 734  2749 286.0  47  6.3  0.00 87 9.28
 721  2898 285.4  36  6.8  0.00 79 7.95
 705  3088 284.4  29  7.4  0.00 72 6.63
 685  3320 283.4  24  7.7  0.00 65 5.30
 658  3662 281.4  22  7.8  0.00 61 3.98
 623  4104 279.3  20  7.7  0.00 52 2.65
 589  4567 276.8  21  7.1  0.00 48 2.65
2005082803007005  772.7 0.00 0     0.0     0.0   288.4   14.11   152.2     0.9   288.4
 770  2341 288.1 154  1.5  0.0010014.11
 764  2409 287.3 113  1.5  0.0010012.70
 755  2503 286.1  58  2.1  0.0010011.29
 745  2622 286.9  39  4.1  0.00 86 9.88
 732  2772 285.9  29  4.8  0.00 82 8.47
 715  2962 284.9  25  5.9  0.00 76 7.05
 696  3195 283.7  23  6.8  0.00 71 5.64
 668  3539 281.8  23  7.5  0.00 67 4.23
 633  3983 279.7  25  8.2  0.00 57 2.82
 598  4447 277.4  27  7.7  0.00 50 2.82
2005082803008005  825.7 0.00 0     0.0     0.0   289.0   12.48   217.3     2.5   289.0
 822  1773 291.9 218  3.8  0.00 8612.48
 816  1843 292.1 208  1.7  0.00 8211.23
 807  1939 291.5 233  0.5  0.00 79 9.98
 795  2060 290.7  32  1.0  0.00 78 8.74
 781  2213 289.7  21  2.2  0.00 77 7.49
 764  2407 288.4  18  3.5  0.00 76 6.24
 743  2645 287.0  17  4.8  0.00 74 4.99
 713  2994 284.8  18  6.1  0.00 73 3.74
 675  3446 282.4  22  7.5  0.00 66 2.50
 638  3919 280.1  27  7.8  0.00 59 2.50
2005082803009005  901.7 0.00 0     0.0     0.0   295.0   14.48   214.2     3.3   295.0
 898  1005 296.8 215  6.1  0.00 6914.48
 891  1077 297.7 208  3.6  0.00 6613.03
 881  1175 297.3 209  2.6  0.00 6411.58
 868  1300 296.4 203  1.6  0.00 6410.13
 853  1457 295.2 169  0.4  0.00 66 8.69
 834  1656 293.8  29  0.9  0.00 68 7.24
 810  1899 292.1  10  2.4  0.00 69 5.79
 777  2258 289.6   7  4.1  0.00 71 4.34
 736  2721 286.7  11  6.3  0.00 69 2.90
 695  3206 283.9  18  7.4  0.00 67 2.90
2005082803010005  950.6 0.00 0     0.0     0.0   298.6   14.27   202.6     4.4   298.6
 947   537 299.9 204  7.1  0.00 6014.27
 939   609 300.9 197  5.6  0.00 5612.84
 928   709 300.6 194  3.5  0.00 5711.42
 915   835 299.7 196  2.4  0.00 59 9.99
 899   995 298.6 180  1.5  0.00 59 8.56
 879  1197 297.2 140  0.7  0.00 59 7.14
 854  1444 295.4   7  0.9  0.00 61 5.71
 819  1808 292.7 358  3.0  0.00 66 4.28
 775  2278 289.5   1  5.6  0.00 68 2.85
 732  2769 286.4   8  6.9  0.00 70 2.85
2005082803011005  974.1 0.00 0     0.0     0.0   300.1   14.04   195.6     4.5   300.1
 970   316 301.3 197  7.1  0.00 5514.04
 962   389 302.3 193  5.9  0.00 5112.63
 951   489 302.4 183  4.1  0.00 5011.23
 938   617 301.6 182  3.0  0.00 51 9.83
 921   777 300.3 170  2.2  0.00 52 8.42
 900   980 298.9 148  1.3  0.00 53 7.02
 875  1229 297.1   6  0.4  0.00 55 5.61
 839  1595 294.2 351  2.5  0.00 61 4.21
 794  2069 290.8 355  5.3  0.00 67 2.81
 750  2563 287.6   1  6.7  0.00 70 2.81
2005082803012005  987.6 0.00 0     0.0     0.0   300.4   14.44   188.2     4.2   300.4
 984   191 301.6 190  6.8  0.00 5714.44
 976   264 302.8 183  6.9  0.00 5112.99
 965   365 303.0 176  5.7  0.00 4811.55
 951   492 302.3 174  4.6  0.00 4810.11
 934   653 301.2 171  3.7  0.00 49 8.66
 913   857 299.7 167  2.4  0.00 50 7.22
 887  1106 297.9 173  0.4  0.00 52 5.78
 851  1474 295.1 343  1.9  0.00 57 4.33
 805  1949 291.7 349  4.8  0.00 65 2.89
 760  2446 288.3 355  6.3  0.00 70 2.89
2005082803013005  995.1 0.00 0     0.0     0.0   299.8   16.18   179.4     4.1   299.8
 991   122 301.1 180  6.6  0.00 6616.18
 983   196 302.1 177  8.2  0.00 6114.56
 972   296 302.4 175  8.0  0.00 5712.95
 958   424 302.1 177  7.0  0.00 5211.33
 941   585 301.3 180  5.8  0.00 49 9.71
 920   789 299.9 183  4.1  0.00 50 8.09
 894  1039 298.2 193  1.9  0.00 51 6.47
 858  1407 295.6 299  1.2  0.00 55 4.85
 812  1883 292.1 336  4.0  0.00 62 3.24
 766  2380 288.7 345  5.7  0.00 69 3.24
2005082803014005 1003.2 0.00 0     0.0     0.0   302.7   20.38   177.0     6.1   302.7
1000    49 302.5 177  6.6  0.00 7420.38
 992   123 301.8 177  6.6  0.00 7318.35
 981   223 301.4 179  7.5  0.00 6916.31
 967   351 301.3 184  7.4  0.00 5914.27
 949   512 301.0 189  6.5  0.00 5212.23
 928   716 299.9 194  4.9  0.00 5110.19
 902   966 298.4 209  3.1  0.00 52 8.15
 865  1335 295.9 265  2.1  0.00 55 6.12
 818  1812 292.5 315  3.9  0.00 61 4.08
 772  2310 289.2 331  5.4  0.00 67 4.08
2005082803001006  783.0 0.00 0     0.0     0.0   286.7   12.16    97.9     2.9   286.7
 780  2224 288.2 100  4.8  0.00 9612.16
 774  2293 289.0  78  8.0  0.00 9310.94
 765  2388 288.7  75  9.3  0.00 91 9.73
 755  2508 288.0  73  9.3  0.00 89 8.51
 741  2659 287.2  69  9.0  0.00 86 7.30
 725  2851 286.1  62  8.0  0.00 85 6.08
 705  3085 284.8  50  6.9  0.00 84 4.86
 676  3431 282.6  30  5.8  0.00 85 3.65
 641  3878 279.9   6  5.6  0.00 75 2.43
 605  4344 277.1   0  4.9  0.00 61 2.43
2005082803002006  785.9 0.00 0     0.0     0.0   286.3   11.83    97.5     2.7   286.3
 783  2192 288.1 100  4.2  0.00 9711.83
 777  2261 288.9  79  7.9  0.00 9310.65
 768  2356 288.7  76  8.8  0.00 89 9.46
 757  2476 288.2  71  8.4  0.00 85 8.28
 744  2627 287.5  63  7.8  0.00 81 7.10
 727  2819 286.4  53  7.1  0.00 77 5.92
 707  3053 285.1  40  6.5  0.00 73 4.73
 679  3399 282.9  24  6.0  0.00 73 3.55
 643  3846 280.2   6  6.0  0.00 67 2.37
 608  4312 277.4   2  5.4  0.00 58 2.37
2005082803003006  792.4 0.00 0     0.0     0.0   286.5   11.83    88.7     2.7   286.5
 790  2122 288.4  91  4.0  0.00 9611.83
 783  2191 289.3  78  7.6  0.00 9110.65
 775  2286 289.1  73  8.0  0.00 87 9.47
 764  2406 288.5  65  7.7  0.00 83 8.28
 750  2557 287.8  55  7.3  0.00 79 7.10
 733  2750 286.8  43  7.1  0.00 74 5.92
 713  2985 285.6  32  6.8  0.00 68 4.73
 684  3331 283.4  20  6.5  0.00 65 3.55
 648  3778 280.8   6  6.3  0.00 58 2.37
 613  4246 278.0   3  5.8  0.00 55 2.37
2005082803004006  795.1 0.00 0     0.0     0.0   287.0   12.15    93.9     2.7   287.0
 792  2093 288.6  96  4.3  0.00 9612.15
 786  2162 289.5  83  7.0  0.00 9210.93
 777  2257 289.1  73  7.0  0.00 88 9.72
 766  2377 288.6  61  6.9  0.00 83 8.50
 753  2529 287.9  49  6.9  0.00 78 7.29
 736  2721 287.0  37  7.1  0.00 72 6.07
 716  2956 285.7  26  7.2  0.00 65 4.86
 687  3303 283.6  18  7.0  0.00 61 3.64
 651  3750 281.2   9  6.8  0.00 54 2.43
 615  4218 278.4   8  6.2  0.00 51 2.43
2005082803005006  795.0 0.00 0     0.0     0.0   287.2   12.52   115.0     2.6   287.2
 792  2095 288.9 116  4.2  0.00 9812.52
 786  2164 289.5  93  5.6  0.00 9411.27
 777  2259 289.0  78  5.3  0.00 9010.01
 766  2379 288.4  61  5.5  0.00 85 8.76
 753  2530 287.7  45  6.0  0.00 79 7.51
 736  2722 286.7  32  6.7  0.00 73 6.26
 716  2957 285.5  24  7.3  0.00 67 5.01
 687  3304 283.5  19  7.5  0.00 63 3.76
 651  3751 281.1  15  7.5  0.00 54 2.50
 615  4219 278.6  16  6.8  0.00 50 2.50
2005082803006006  800.7 0.00 0     0.0     0.0   287.2   12.30   148.3     2.3   287.2
 798  2035 289.7 148  3.3  0.00 9712.30
 791  2104 290.0 116  3.5  0.00 9311.07
 783  2199 289.4  98  3.1  0.00 89 9.84
 772  2320 288.8  64  3.4  0.00 85 8.61
 758  2471 288.0  42  4.3  0.00 80 7.38
 741  2664 287.0  28  5.5  0.00 75 6.15
 721  2899 285.6  21  6.6  0.00 70 4.92
 692  3246 283.6  19  7.4  0.00 67 3.69
 655  3694 281.3  20  8.0  0.00 58 2.46
 619  4163 279.0  22  7.4  0.00 51 2.46
2005082803007006  831.3 0.00 0     0.0     0.0   289.7   13.38   194.2     2.7   289.7
 828  1712 292.2 194  4.5  0.00 8913.38
 822  1782 292.5 173  3.5  0.00 8512.04
 813  1878 291.8 162  2.2  0.00 8310.70
 801  2000 291.2  94  1.2  0.00 81 9.37
 787  2154 290.3  41  2.0  0.00 77 8.03
 769  2348 289.0  24  3.6  0.00 74 6.69
 748  2586 287.6  17  5.1  0.00 71 5.35
 718  2937 285.3  15  6.4  0.00 70 4.01
 680  3390 282.9  18  7.8  0.00 64 2.68
 642  3864 280.5  23  7.7  0.00 57 2.68
2005082803008006  896.6 0.00 0     0.0     0.0   295.3   15.58   209.6     3.7   295.3
 893  1054 296.5 210  6.3  0.00 7615.58
 886  1126 297.2 195  5.4  0.00 7214.03
 876  1224 296.8 190  3.8  0.00 6912.47
 864  1348 295.9 179  2.5  0.00 7010.91
 848  1505 294.9 158  1.0  0.00 70 9.35
 829  1704 293.6  37  1.0  0.00 70 7.79
 806  1948 291.9  18  2.8  0.00 69 6.23
 773  2306 289.4  11  4.6  0.00 70 4.68
 732  2769 286.6  11  6.8  0.00 68 3.12
 691  3253 283.8  16  7.6  0.00 65 3.12
2005082803009006  961.7 0.00 0     0.0     0.0   299.0   15.90   209.9     4.4   299.0
 958   434 300.0 211  6.9  0.00 6715.90
 950   507 300.8 196  5.9  0.00 6414.31
 939   607 300.7 181  4.8  0.00 6412.72
 926   734 299.8 174  4.4  0.00 6511.13
 909   894 298.9 175  3.6  0.00 64 9.54
 889  1097 297.5 172  2.3  0.00 66 7.95
 864  1345 295.9 103  0.9  0.00 67 6.36
 828  1711 293.4  14  2.5  0.00 69 4.77
 784  2183 290.3   2  5.4  0.00 68 3.18
 740  2676 287.1   7  7.4  0.00 68 3.18
2005082803010006  993.5 0.00 0     0.0     0.0   300.0   15.84   201.1     3.5   300.0
 989   144 301.3 203  5.9  0.00 6415.84
 981   217 302.2 188  6.0  0.00 6014.25
 970   318 302.2 167  4.9  0.00 6112.67
 956   446 301.5 164  4.6  0.00 6311.09
 939   607 300.5 172  4.3  0.00 64 9.50
 918   811 299.2 170  3.7  0.00 64 7.92
 892  1061 297.5 151  2.0  0.00 65 6.33
 855  1430 295.3  19  1.4  0.00 66 4.75
 810  1907 292.1 356  4.9  0.00 68 3.17
 764  2404 288.8   1  7.3  0.00 70 3.17
2005082803011006 1001.7 0.00 0     0.0     0.0   299.3   15.82   182.8     2.8   299.3
 997    68 301.2 186  4.8  0.00 6415.82
 989   141 302.5 172  5.6  0.00 5914.24
 978   242 302.8 160  5.4  0.00 5712.66
 964   370 302.0 163  5.0  0.00 5911.07
 947   531 301.0 165  4.5  0.00 59 9.49
 926   735 299.8 159  3.6  0.00 57 7.91
 900   986 298.3 151  2.0  0.00 57 6.33
 863  1355 295.8 357  1.3  0.00 62 4.75
 816  1833 292.5 350  4.8  0.00 68 3.16
 770  2331 289.1 356  7.2  0.00 71 3.16
2005082803012006 1003.0 0.00 0     0.0     0.0   299.0   16.57   165.6     2.7   299.0
 999    53 300.9 168  4.7  0.00 6916.57
 991   127 302.3 163  6.0  0.00 6214.92
 980   227 302.6 161  6.1  0.00 5813.26
 966   355 301.8 164  5.5  0.00 5911.60
 949   516 301.1 163  5.1  0.00 55 9.94
 927   721 300.1 161  4.0  0.00 53 8.29
 901   971 298.5 161  1.8  0.00 54 6.63
 864  1340 296.0 333  1.5  0.00 58 4.97
 818  1818 292.5 340  5.0  0.00 67 3.31
 772  2317 289.1 349  6.9  0.00 72 3.31
2005082803013006 1005.4 0.00 0     0.0     0.0   302.5   20.15   163.0     5.3   302.5
1002    31 302.2 164  5.5  0.00 7420.15
 993   104 301.8 164  6.3  0.00 7218.13
 982   205 302.1 166  7.0  0.00 6416.12
 968   333 301.7 169  6.5  0.00 5814.10
 951   494 301.1 173  5.6  0.00 5212.09
 929   698 300.1 174  3.9  0.00 5110.07
 903   948 298.6 183  1.8  0.00 52 8.06
 866  1318 296.1 305  1.6  0.00 57 6.04
 820  1795 292.6 330  4.8  0.00 65 4.03
 774  2294 289.2 341  6.6  0.00 71 4.03
2005082803014006 1005.3 0.00 0     0.0     0.0   302.7   20.65   171.2     5.4   302.7
1002    30 302.4 172  5.7  0.00 7520.65
 994   104 301.8 172  5.8  0.00 7518.59
 983   205 301.3 175  6.4  0.00 6916.52
 969   332 301.4 180  6.2  0.00 5514.46
 951   493 301.0 186  5.2  0.00 5112.39
 930   697 300.0 191  3.5  0.00 5010.33
 904   947 298.4 213  1.7  0.00 52 8.26
 866  1316 295.9 292  2.3  0.00 56 6.20
 820  1793 292.6 318  4.8  0.00 64 4.13
 774  2292 289.3 331  6.3  0.00 70 4.13
2005082803001007  800.2 0.00 0     0.0     0.0   288.1   12.99    85.5     2.6   288.1
 797  2036 289.3  87  4.4  0.00 9512.99
 791  2106 290.1  79  8.0  0.00 9211.70
 782  2201 290.0  78  9.5  0.00 8810.40
 771  2322 289.5  75  9.4  0.00 83 9.10
 758  2474 288.7  70  8.7  0.00 81 7.80
 741  2667 287.6  61  7.9  0.00 78 6.50
 720  2903 286.3  48  6.9  0.00 75 5.20
 691  3251 284.0  32  5.9  0.00 76 3.90
 655  3700 281.3   9  5.5  0.00 70 2.60
 618  4169 278.2   0  5.0  0.00 63 2.60
2005082803002007  805.0 0.00 0     0.0     0.0   288.3   13.03    93.3     2.6   288.3
 802  1985 289.6  95  4.3  0.00 9513.03
 796  2055 290.5  84  7.8  0.00 8911.73
 787  2150 290.2  81  8.5  0.00 8410.43
 776  2271 289.7  76  8.1  0.00 79 9.12
 762  2423 289.0  67  7.5  0.00 77 7.82
 745  2616 287.9  54  7.0  0.00 75 6.52
 724  2852 286.5  41  6.8  0.00 73 5.21
 695  3201 284.2  28  6.4  0.00 71 3.91
 659  3650 281.6  10  6.0  0.00 64 2.61
 622  4120 278.7   1  5.3  0.00 58 2.61
2005082803003007  808.9 0.00 0     0.0     0.0   288.3   12.92   104.9     2.6   288.3
 806  1944 289.9 107  4.2  0.00 9412.92
 800  2013 290.9  87  7.2  0.00 8711.63
 791  2108 290.5  83  7.3  0.00 8310.34
 780  2230 290.0  74  6.9  0.00 78 9.05
 766  2382 289.2  61  6.7  0.00 75 7.75
 749  2575 288.1  48  6.6  0.00 72 6.46
 728  2812 286.7  35  6.7  0.00 68 5.17
 699  3160 284.5  24  6.7  0.00 66 3.88
 662  3610 281.9  11  6.5  0.00 58 2.58
 625  4080 279.0   5  5.7  0.00 54 2.58
2005082803004007  815.5 0.00 0     0.0     0.0   288.6   12.99   125.3     2.7   288.6
 813  1874 290.5 127  4.4  0.00 9312.99
 806  1944 291.4  97  6.1  0.00 8711.69
 797  2040 290.9  89  5.9  0.00 8310.39
 786  2161 290.4  75  5.6  0.00 79 9.09
 772  2314 289.5  58  5.5  0.00 75 7.79
 755  2507 288.4  42  6.0  0.00 71 6.50
 734  2744 287.0  30  6.6  0.00 68 5.20
 704  3093 284.8  22  6.9  0.00 66 3.90
 667  3544 282.2  15  7.1  0.00 58 2.60
 630  4015 279.6  12  6.3  0.00 53 2.60
2005082803005007  824.6 0.00 0     0.0     0.0   289.3   13.37   151.6     2.8   289.3
 822  1779 291.3 152  4.5  0.00 9113.37
 815  1849 292.1 115  4.9  0.00 8712.04
 806  1945 291.5 103  4.4  0.00 8310.70
 795  2067 290.9  83  4.2  0.00 80 9.36
 781  2220 290.1  58  4.3  0.00 76 8.02
 763  2414 288.9  37  5.1  0.00 72 6.69
 742  2652 287.5  26  6.3  0.00 70 5.35
 712  3002 285.2  21  7.1  0.00 68 4.01
 675  3454 282.7  18  7.6  0.00 61 2.67
 637  3927 280.2  18  7.0  0.00 53 2.67
2005082803006007  846.0 0.00 0     0.0     0.0   291.4   14.46   180.9     2.8   291.4
 843  1558 293.0 181  5.4  0.00 8714.46
 836  1629 293.8 149  4.3  0.00 8213.02
 827  1726 293.1 137  3.5  0.00 8011.57
 815  1848 292.4 110  2.9  0.00 7810.12
 801  2003 291.5  72  2.8  0.00 76 8.68
 783  2198 290.3  39  3.6  0.00 73 7.23
 761  2438 288.8  23  5.2  0.00 71 5.79
 730  2791 286.4  18  6.7  0.00 71 4.34
 692  3246 283.8  18  7.9  0.00 66 2.89
 653  3722 281.3  20  7.6  0.00 57 2.89
2005082803007007  895.8 0.00 0     0.0     0.0   295.3   15.87   198.5     3.7   295.3
 893  1059 296.4 199  6.3  0.00 7815.87
 885  1131 297.2 177  5.8  0.00 7414.28
 876  1229 296.9 167  4.7  0.00 7212.70
 863  1354 296.0 157  3.5  0.00 7211.11
 848  1511 294.9 132  2.3  0.00 72 9.52
 829  1710 293.6  77  1.9  0.00 71 7.93
 806  1954 292.1  29  3.1  0.00 69 6.35
 773  2312 289.6  16  5.2  0.00 70 4.76
 732  2776 286.6  15  7.6  0.00 70 3.17
 691  3259 283.9  18  8.1  0.00 66 3.17
2005082803008007  952.1 0.00 0     0.0     0.0   298.4   16.49   201.9     4.1   298.4
 949   522 299.5 203  6.5  0.00 7116.49
 941   595 300.3 182  6.9  0.00 6814.84
 930   695 300.1 166  6.3  0.00 6713.19
 917   821 299.4 162  5.6  0.00 6811.54
 901   981 298.4 161  4.3  0.00 69 9.89
 880  1184 297.1 147  2.9  0.00 70 8.24
 856  1432 295.5  96  1.7  0.00 69 6.59
 820  1797 293.0  21  2.8  0.00 69 4.95
 777  2268 289.8  12  6.3  0.00 69 3.30
 733  2760 286.7  15  8.3  0.00 71 3.30
2005082803009007  983.2 0.00 0     0.0     0.0   299.0   17.05   192.1     3.1   299.0
 979   238 300.4 194  5.4  0.00 7117.05
 971   311 301.2 172  6.3  0.00 6915.34
 960   411 301.2 155  6.7  0.00 6913.64
 947   539 300.6 155  6.4  0.00 7011.93
 930   699 299.8 163  5.9  0.00 6810.23
 909   903 298.5 163  4.8  0.00 68 8.52
 883  1153 297.1 142  2.9  0.00 67 6.82
 847  1522 294.8  36  1.3  0.00 70 5.11
 801  1997 291.5   5  4.9  0.00 71 3.41
 756  2494 288.2  10  8.1  0.00 72 3.41
2005082803010007  995.4 0.00 0     0.0     0.0   298.7   17.63   169.1     2.5   298.7
 991   127 300.3 173  4.1  0.00 7517.63
 983   201 301.6 156  5.9  0.00 6815.86
 972   301 301.7 151  6.5  0.00 6714.10
 958   429 300.9 156  6.4  0.00 6912.34
 941   590 300.4 162  6.0  0.00 6510.58
 920   794 299.3 162  4.9  0.00 63 8.81
 894  1045 297.9 152  2.9  0.00 62 7.05
 857  1414 295.6  11  0.9  0.00 66 5.29
 811  1891 292.1 353  4.6  0.00 71 3.53
 765  2389 288.7   3  7.7  0.00 73 3.53
2005082803011007 1001.3 0.00 0     0.0     0.0   299.0   18.16   152.6     2.6   299.0
 997    72 300.5 155  4.4  0.00 7718.16
 989   146 301.8 150  5.8  0.00 6816.34
 978   246 301.9 153  6.3  0.00 6614.52
 964   374 301.3 158  6.2  0.00 6512.71
 947   535 300.8 161  5.5  0.00 5910.89
 925   740 299.9 157  4.1  0.00 56 9.08
 899   990 298.5 154  1.9  0.00 56 7.26
 862  1360 296.0 336  1.6  0.00 62 5.45
 816  1837 292.4 342  4.9  0.00 69 3.63
 770  2336 289.0 354  7.4  0.00 73 3.63
2005082803012007 1005.0 0.00 0     0.0     0.0   302.5   20.62   150.8     4.9   302.5
1001    36 302.1 152  5.1  0.00 7720.62
 993   110 301.7 152  5.5  0.00 7518.56
 982   210 301.8 156  6.2  0.00 6616.50
 968   338 301.3 159  5.9  0.00 6214.44
 950   499 301.0 161  5.2  0.00 5512.37
 929   704 300.2 160  3.6  0.00 5210.31
 903   954 298.7 165  1.2  0.00 54 8.25
 866  1324 296.2 324  2.3  0.00 59 6.19
 819  1802 292.6 335  5.4  0.00 67 4.12
 773  2301 289.2 346  7.2  0.00 72 4.12
2005082803013007 1005.5 0.00 0     0.0     0.0   302.6   20.96   158.1     5.2   302.6
1002    30 302.3 159  5.4  0.00 7720.96
 994   104 301.7 160  5.4  0.00 7718.86
 982   205 301.4 162  6.1  0.00 6816.76
 968   332 301.2 165  5.7  0.00 5914.67
 951   493 300.9 167  4.6  0.00 5212.57
 930   697 300.1 169  2.9  0.00 5110.48
 904   948 298.6 196  0.9  0.00 52 8.38
 866  1317 296.1 313  2.6  0.00 58 6.29
 820  1795 292.6 327  5.5  0.00 66 4.19
 774  2294 289.3 338  7.0  0.00 70 4.19
2005082803014007 1005.3 0.00 0     0.0     0.0   302.6   20.10   169.9     4.9   302.6
1002    30 302.4 170  5.1  0.00 7420.10
 994   104 301.7 170  5.2  0.00 7418.09
 983   204 300.9 171  5.3  0.00 7216.08
 969   332 301.0 173  4.8  0.00 5614.07
 951   492 300.8 176  3.5  0.00 5112.06
 930   696 300.0 182  1.9  0.00 4910.05
 904   947 298.4 246  0.8  0.00 52 8.04
 867  1316 295.9 305  2.9  0.00 56 6.03
 820  1793 292.6 319  5.4  0.00 64 4.02
 774  2292 289.3 330  6.7  0.00 69 4.02
2005082803001008  802.6 0.00 0     0.0     0.0   288.9   13.71    86.8     2.6   288.9
 800  2011 289.9  88  4.4  0.00 9613.71
 793  2080 290.6  86  8.1  0.00 9012.34
 785  2175 290.3  84  8.6  0.00 8410.97
 774  2296 289.7  78  8.5  0.00 81 9.60
 760  2448 288.9  69  7.8  0.00 81 8.22
 743  2641 287.8  57  7.2  0.00 79 6.85
 722  2878 286.5  43  6.7  0.00 75 5.48
 693  3226 284.2  28  6.2  0.00 73 4.11
 657  3676 281.6  11  6.1  0.00 65 2.74
 620  4146 278.5   5  5.4  0.00 59 2.74
2005082803002008  814.2 0.00 0     0.0     0.0   289.2   13.60   108.0     2.6   289.2
 811  1886 290.6 110  4.0  0.00 9413.60
 805  1956 291.6  95  7.2  0.00 8512.24
 796  2052 291.1  91  7.3  0.00 8010.88
 785  2173 290.6  82  7.2  0.00 77 9.52
 771  2326 289.7  70  6.8  0.00 77 8.16
 754  2520 288.4  56  6.6  0.00 77 6.80
 733  2757 287.0  42  6.7  0.00 74 5.44
 703  3106 284.8  29  6.6  0.00 71 4.08
 666  3558 282.2  15  6.5  0.00 62 2.72
 629  4029 279.4   9  5.7  0.00 56 2.72
2005082803003008  832.7 0.00 0     0.0     0.0   290.0   13.75   136.1     2.6   290.0
 830  1692 291.8 137  4.1  0.00 9013.75
 823  1763 292.9 103  6.2  0.00 8312.38
 814  1859 292.4  98  6.2  0.00 7911.00
 803  1981 291.8  88  6.1  0.00 75 9.63
 788  2135 290.9  73  5.9  0.00 74 8.25
 771  2330 289.7  56  5.9  0.00 74 6.88
 749  2568 288.2  40  6.4  0.00 73 5.50
 719  2920 285.9  29  6.9  0.00 71 4.13
 681  3374 283.3  19  7.0  0.00 62 2.75
 643  3848 280.5  14  6.1  0.00 54 2.75
2005082803004008  851.4 0.00 0     0.0     0.0   291.3   14.21   154.6     2.6   291.3
 849  1500 293.3 155  4.7  0.00 8614.21
 842  1571 294.5 114  5.3  0.00 7812.79
 832  1668 294.0 109  5.3  0.00 7511.37
 821  1791 293.3  96  5.0  0.00 73 9.95
 806  1945 292.3  77  4.7  0.00 72 8.53
 788  2142 291.0  56  5.0  0.00 71 7.10
 766  2382 289.4  39  5.8  0.00 71 5.68
 735  2736 287.0  29  6.7  0.00 71 4.26
 696  3192 284.3  22  7.4  0.00 65 2.84
 657  3669 281.6  19  6.6  0.00 56 2.84
2005082803005008  864.8 0.00 0     0.0     0.0   292.7   14.96   172.4     2.9   292.7
 862  1364 294.5 172  5.5  0.00 8214.96
 855  1435 295.8 136  5.1  0.00 7513.47
 846  1533 295.1 127  4.9  0.00 7311.97
 834  1656 294.4 112  4.3  0.00 7210.47
 819  1812 293.3  88  3.5  0.00 70 8.98
 800  2009 292.0  55  3.8  0.00 70 7.48
 778  2250 290.3  35  5.0  0.00 70 5.98
 747  2606 287.7  26  6.4  0.00 73 4.49
 707  3064 284.9  22  7.7  0.00 69 2.99
 668  3544 282.3  22  7.4  0.00 60 2.99
2005082803006008  897.9 0.00 0     0.0     0.0   295.5   15.90   188.4     4.1   295.5
 895  1035 296.8 188  6.6  0.00 7615.90
 888  1107 297.9 162  6.2  0.00 7114.31
 878  1206 297.4 149  5.5  0.00 7012.72
 866  1331 296.6 140  4.9  0.00 6911.13
 850  1488 295.6 126  3.7  0.00 68 9.54
 831  1687 294.2  88  2.6  0.00 68 7.95
 808  1931 292.5  40  3.4  0.00 68 6.36
 775  2291 289.9  24  5.4  0.00 72 4.77
 734  2755 286.8  21  7.8  0.00 74 3.18
 693  3239 284.0  21  8.3  0.00 68 3.18
2005082803007008  947.0 0.00 0     0.0     0.0   298.3   16.50   192.7     4.2   298.3
 944   566 299.4 193  6.5  0.00 7116.50
 936   639 300.3 170  7.6  0.00 6714.85
 926   739 300.3 155  7.1  0.00 6713.20
 913   866 299.5 151  6.5  0.00 6711.55
 896  1025 298.5 148  5.6  0.00 68 9.90
 876  1228 297.2 135  4.2  0.00 67 8.25
 852  1475 295.6  97  2.3  0.00 67 6.60
 817  1841 292.9  30  3.4  0.00 70 4.95
 773  2312 289.6  18  7.0  0.00 74 3.30
 730  2804 286.4  19  8.9  0.00 76 3.30
2005082803008008  978.3 0.00 0     0.0     0.0   299.1   17.15   181.3     3.3   299.1
 975   280 300.4 182  5.6  0.00 7217.15
 967   353 301.2 162  7.4  0.00 6915.43
 956   454 301.2 149  8.2  0.00 6913.72
 943   581 300.6 149  7.8  0.00 7012.00
 926   742 299.6 154  7.1  0.00 7010.29
 905   946 298.6 148  6.0  0.00 67 8.57
 879  1196 297.3 135  3.7  0.00 67 6.86
 843  1564 294.7  59  1.4  0.00 71 5.14
 798  2040 291.3  12  5.5  0.00 73 3.43
 753  2536 287.9  16  8.9  0.00 79 3.43
2005082803009008  990.7 0.00 0     0.0     0.0   298.9   18.20   159.7     2.7   298.9
 987   169 300.3 161  4.7  0.00 7718.20
 979   243 301.3 149  7.0  0.00 7216.38
 968   343 301.4 145  7.9  0.00 7114.56
 954   471 300.9 148  7.7  0.00 7012.74
 937   632 300.3 152  7.0  0.00 6510.92
 916   836 299.3 150  5.8  0.00 61 9.10
 890  1086 298.0 138  3.6  0.00 61 7.28
 853  1456 295.5  59  0.8  0.00 68 5.46
 808  1933 292.0   1  4.6  0.00 73 3.64
 762  2431 288.4  10  8.4  0.00 79 3.64
2005082803010008  999.5 0.00 0     0.0     0.0   299.7   19.32   145.8     2.7   299.7
 995    90 300.8 148  4.7  0.00 8119.32
 987   164 301.6 144  6.5  0.00 7417.39
 976   264 301.7 147  7.2  0.00 6915.46
 962   392 301.3 150  7.1  0.00 6613.53
 945   553 301.0 151  6.4  0.00 5811.59
 924   758 300.1 148  4.7  0.00 56 9.66
 898  1008 298.6 137  2.4  0.00 57 7.73
 861  1378 296.1 358  1.1  0.00 64 5.80
 815  1856 292.5 350  4.7  0.00 70 3.86
 769  2355 288.9   1  8.0  0.00 76 3.86
2005082803011008 1004.5 0.00 0     0.0     0.0   302.5   21.31   146.3     5.2   302.5
1000    44 302.1 148  5.4  0.00 8021.31
 992   118 301.7 147  5.7  0.00 7819.18
 981   218 301.7 150  6.6  0.00 6917.05
 967   346 301.5 151  6.5  0.00 6214.92
 950   507 301.2 151  5.3  0.00 5412.78
 928   712 300.4 146  3.5  0.00 5210.65
 902   963 298.9 130  1.1  0.00 54 8.52
 865  1333 296.3 337  2.1  0.00 61 6.39
 819  1811 292.7 342  5.2  0.00 68 4.26
 772  2311 289.2 353  7.7  0.00 72 4.26
2005082803012008 1005.8 0.00 0     0.0     0.0   302.6   21.41   149.8     5.0   302.6
1002    30 302.3 151  5.2  0.00 7921.41
 994   104 301.7 151  5.2  0.00 7919.27
 983   205 301.4 153  6.0  0.00 7017.13
 969   333 301.3 152  5.7  0.00 6014.99
 951   493 301.2 152  4.4  0.00 5312.85
 930   698 300.4 149  2.5  0.00 5010.71
 904   949 298.9 127  0.2  0.00 53 8.57
 866  1319 296.3 329  2.9  0.00 59 6.42
 820  1797 292.8 336  5.7  0.00 66 4.28
 774  2296 289.4 345  7.5  0.00 70 4.28
2005082803013008 1005.5 0.00 0     0.0     0.0   302.6   20.62   157.6     4.7   302.6
1002    30 302.3 158  5.0  0.00 7620.62
 994   104 301.7 158  5.0  0.00 7618.56
 983   205 300.9 158  5.2  0.00 7416.50
 969   332 300.9 156  4.7  0.00 6014.44
 951   493 300.9 154  3.4  0.00 5212.37
 930   697 300.2 153  1.7  0.00 5010.31
 904   947 298.7 296  0.4  0.00 52 8.25
 866  1317 296.1 321  3.2  0.00 57 6.19
 820  1795 292.7 329  5.8  0.00 64 4.12
 774  2294 289.4 338  7.3  0.00 67 4.12
2005082803014008 1005.4 0.00 0     0.0     0.0   302.5   19.89   165.3     4.2   302.5
1002    30 302.3 166  4.4  0.00 7419.89
 994   104 301.6 166  4.5  0.00 7417.90
 983   204 300.7 166  4.4  0.00 7515.91
 969   332 300.6 160  3.5  0.00 6113.93
 951   492 300.6 153  2.2  0.00 5311.94
 930   696 300.0 152  0.8  0.00 49 9.95
 904   946 298.4 309  0.8  0.00 51 7.96
 867  1316 296.0 314  3.3  0.00 56 5.97
 820  1793 292.7 322  5.7  0.00 62 3.98
 774  2292 289.5 331  7.0  0.00 66 3.98
2005082803001009  817.5 0.00 0     0.0     0.0   290.0   14.13   122.4     2.5   290.0
 815  1851 291.4 124  4.3  0.00 9114.13
 808  1921 292.3 103  7.4  0.00 8412.72
 799  2016 291.7  97  7.7  0.00 7911.31
 788  2138 291.0  88  7.7  0.00 79 9.89
 774  2291 290.0  77  7.1  0.00 80 8.48
 757  2486 288.7  64  6.6  0.00 80 7.07
 736  2723 287.4  49  6.3  0.00 76 5.65
 706  3073 285.1  33  6.3  0.00 73 4.24
 669  3525 282.4  17  6.8  0.00 65 2.83
 632  3997 279.4  11  6.6  0.00 60 2.83
2005082803002009  837.7 0.00 0     0.0     0.0   291.1   14.48   145.2     2.9   291.1
 835  1640 292.7 146  4.8  0.00 8814.48
 828  1710 293.7 115  6.9  0.00 8013.04
 819  1807 293.3 108  7.0  0.00 7411.59
 808  1929 292.7  96  6.7  0.00 7210.14
 793  2083 291.6  82  6.1  0.00 74 8.69
 775  2279 290.2  65  5.8  0.00 76 7.24
 754  2518 288.6  48  6.1  0.00 77 5.79
 723  2871 286.2  35  6.4  0.00 75 4.35
 685  3326 283.5  23  6.9  0.00 66 2.90
 647  3801 280.8  16  6.6  0.00 57 2.90
2005082803003009  857.9 0.00 0     0.0     0.0   292.1   14.88   157.6     2.6   292.1
 855  1432 293.8 158  4.9  0.00 8514.88
 848  1503 295.0 123  6.1  0.00 7913.39
 839  1600 294.6 116  6.1  0.00 7411.90
 827  1724 294.1 104  6.0  0.00 7110.41
 812  1879 293.1  89  5.4  0.00 70 8.93
 794  2076 291.7  67  5.1  0.00 72 7.44
 772  2317 290.0  45  5.8  0.00 74 5.95
 741  2672 287.5  33  6.6  0.00 75 4.46
 701  3130 284.7  25  7.3  0.00 68 2.98
 662  3608 282.0  21  6.6  0.00 57 2.98
2005082803004009  876.8 0.00 0     0.0     0.0   293.2   15.19   173.9     2.7   293.2
 874  1242 295.3 174  4.8  0.00 8115.19
 867  1314 296.5 135  5.0  0.00 7513.67
 858  1411 296.0 126  5.2  0.00 7312.15
 845  1536 295.3 113  5.4  0.00 7110.63
 830  1692 294.3  98  4.9  0.00 70 9.11
 812  1890 292.9  74  4.4  0.00 71 7.59
 789  2132 291.2  47  5.1  0.00 72 6.07
 757  2490 288.6  32  6.4  0.00 75 4.56
 717  2951 285.7  25  7.7  0.00 71 3.04
 677  3432 283.0  24  7.2  0.00 60 3.04
2005082803005009  916.0 0.00 0     0.0     0.0   296.7   16.29   188.8     3.4   296.7
 914   857 298.0 189  6.0  0.00 7416.29
 906   929 299.6 156  5.5  0.00 6714.66
 896  1028 299.2 142  5.6  0.00 6613.03
 883  1154 298.3 131  5.6  0.00 6611.40
 867  1312 297.1 120  5.0  0.00 65 9.77
 848  1513 295.7  99  3.7  0.00 66 8.14
 824  1759 293.9  61  3.6  0.00 68 6.52
 791  2121 291.1  35  5.3  0.00 74 4.89
 748  2588 287.9  25  7.7  0.00 76 3.26
 706  3075 285.1  24  8.3  0.00 68 3.26
2005082803006009  957.5 0.00 0     0.0     0.0   299.4   16.63   186.9     4.4   299.4
 955   464 300.5 187  6.7  0.00 6816.63
 947   537 301.7 163  7.5  0.00 6214.97
 937   637 301.8 146  7.3  0.00 6113.30
 923   765 301.0 141  7.3  0.00 6111.64
 907   925 299.9 137  6.7  0.00 61 9.98
 886  1129 298.6 130  4.9  0.00 62 8.32
 861  1378 296.7 108  2.9  0.00 64 6.65
 826  1744 293.9  45  3.2  0.00 69 4.99
 782  2217 290.3  24  6.7  0.00 77 3.33
 738  2712 287.1  23  9.0  0.00 78 3.33
2005082803007009  979.1 0.00 0     0.0     0.0   299.8   17.12   171.9     3.7   299.8
 976   268 301.0 172  6.0  0.00 6917.12
 968   342 301.8 155  8.2  0.00 6515.41
 957   442 302.0 142  9.1  0.00 6413.70
 944   570 301.5 142  8.9  0.00 6411.99
 927   731 300.6 144  8.4  0.00 6110.27
 906   935 299.6 141  6.8  0.00 60 8.56
 880  1186 298.0 133  4.1  0.00 64 6.85
 844  1555 295.2  67  1.7  0.00 69 5.14
 799  2031 291.6  18  5.7  0.00 76 3.42
 754  2528 288.0  19  9.2  0.00 84 3.42
2005082803008009  987.4 0.00 0     0.0     0.0   299.5   17.94   149.5     3.3   299.5
 984   197 300.6 150  5.5  0.00 7517.94
 976   270 301.5 142  8.3  0.00 7116.14
 965   370 301.7 139  9.5  0.00 6914.35
 952   498 301.2 142  9.2  0.00 6612.56
 935   659 300.6 144  8.4  0.00 6110.76
 913   864 299.8 142  6.8  0.00 58 8.97
 888  1114 298.4 138  4.2  0.00 61 7.18
 851  1484 295.6  94  0.9  0.00 68 5.38
 806  1961 292.0   9  4.8  0.00 74 3.59
 760  2460 288.3  14  9.0  0.00 85 3.59
2005082803009009  991.9 0.00 0     0.0     0.0   299.2   19.13   139.9     3.0   299.2
 988   159 300.2 141  5.1  0.00 8219.13
 980   232 301.3 138  7.8  0.00 7617.22
 969   333 301.3 140  8.5  0.00 7015.31
 955   461 301.2 141  8.1  0.00 6313.39
 938   621 300.9 140  7.0  0.00 5611.48
 917   826 300.1 136  5.2  0.00 54 9.57
 891  1076 298.7 129  2.8  0.00 58 7.65
 855  1446 295.9  16  0.7  0.00 66 5.74
 809  1924 292.2 358  4.8  0.00 73 3.83
 763  2423 288.5   8  8.7  0.00 82 3.83
2005082803010009 1000.8 0.00 0     0.0     0.0   299.5   20.07   142.0     2.8   299.5
 997    79 300.8 143  4.8  0.00 8520.07
 989   152 301.4 142  6.5  0.00 7918.06
 978   253 301.5 142  7.2  0.00 7016.05
 964   381 301.5 142  7.0  0.00 6114.05
 947   542 301.3 139  5.7  0.00 5312.04
 925   746 300.5 131  3.9  0.00 5110.03
 899   997 299.1 111  1.7  0.00 54 8.03
 862  1367 296.4 350  1.6  0.00 62 6.02
 816  1846 292.7 349  5.0  0.00 70 4.01
 770  2345 289.1   0  8.3  0.00 77 4.01
2005082803011009 1006.1 0.00 0     0.0     0.0   302.7   21.86   145.9     5.1   302.7
1002    30 302.5 147  5.4  0.00 8021.86
 994   104 301.8 146  5.4  0.00 8019.67
 983   205 301.4 144  6.2  0.00 7117.49
 969   333 301.6 143  5.9  0.00 5915.30
 951   494 301.5 139  4.5  0.00 5213.12
 930   699 300.7 128  2.6  0.00 5010.93
 904   949 299.2  66  1.0  0.00 53 8.74
 867  1320 296.6 343  2.7  0.00 59 6.56
 820  1799 293.0 343  5.6  0.00 66 4.37
 774  2298 289.5 351  8.1  0.00 71 4.37
2005082803012009 1005.8 0.00 0     0.0     0.0   302.5   21.23   148.4     4.6   302.5
1002    30 302.2 150  4.8  0.00 7921.23
 994   104 301.6 150  4.8  0.00 7919.11
 983   205 301.2 148  5.3  0.00 7116.98
 969   333 301.3 143  4.7  0.00 5914.86
 951   493 301.2 138  3.3  0.00 5112.74
 930   698 300.5 124  1.6  0.00 4910.61
 904   948 299.0   9  1.0  0.00 52 8.49
 867  1318 296.5 337  3.6  0.00 57 6.37
 820  1797 293.0 338  6.2  0.00 62 4.25
 774  2296 289.6 344  8.0  0.00 67 4.25
2005082803013009 1005.6 0.00 0     0.0     0.0   302.6   20.34   154.3     4.1   302.6
1002    30 302.3 155  4.2  0.00 7520.34
 994   104 301.6 154  4.3  0.00 7618.31
 983   205 300.7 153  4.3  0.00 7616.27
 969   332 300.8 143  3.6  0.00 6114.24
 951   493 300.9 133  2.4  0.00 5212.20
 930   697 300.2 115  0.9  0.00 4910.17
 904   948 298.7 343  1.1  0.00 52 8.14
 867  1317 296.2 330  3.7  0.00 56 6.10
 820  1795 293.0 333  6.3  0.00 60 4.07
 774  2294 289.7 338  7.8  0.00 64 4.07
2005082803014009 1005.5 0.00 0     0.0     0.0   302.5   19.83   158.2     3.4   302.5
1002    30 302.2 159  3.5  0.00 7419.83
 994   104 301.5 159  3.5  0.00 7517.84
 983   204 300.6 160  3.4  0.00 7715.86
 969   332 300.4 142  2.5  0.00 6413.88
 951   492 300.4 118  1.6  0.00 5411.90
 930   696 299.9  77  0.6  0.00 50 9.91
 904   947 298.4 336  1.2  0.00 51 7.93
 867  1316 296.0 322  3.6  0.00 55 5.95
 820  1793 292.9 326  6.0  0.00 59 3.97
 774  2292 289.7 333  7.3  0.00 63 3.97
2005082803001010  848.1 0.00 0     0.0     0.0   292.5   15.26   151.3     2.5   292.5
 845  1531 293.8 152  4.8  0.00 8415.26
 839  1602 294.9 118  6.6  0.00 7713.74
 829  1699 294.4 108  7.3  0.00 7412.21
 818  1822 293.6 100  7.7  0.00 7210.68
 803  1977 292.5  91  7.2  0.00 74 9.16
 785  2174 291.0  79  6.4  0.00 77 7.63
 763  2414 289.4  63  6.0  0.00 77 6.11
 732  2768 287.0  44  6.0  0.00 76 4.58
 693  3225 284.3  23  7.1  0.00 69 3.05
 655  3702 281.4  15  7.6  0.00 62 3.05
2005082803002010  873.7 0.00 0     0.0     0.0   294.2   15.79   163.3     3.1   294.2
 871  1271 295.3 164  5.6  0.00 8115.79
 864  1342 296.6 131  6.6  0.00 7314.21
 854  1440 296.4 118  6.8  0.00 7012.63
 842  1564 295.9 107  6.6  0.00 6711.05
 827  1721 294.8  95  6.0  0.00 66 9.47
 809  1919 293.1  80  5.5  0.00 71 7.89
 786  2162 291.1  63  5.5  0.00 76 6.31
 754  2519 288.5  46  6.0  0.00 78 4.74
 714  2980 285.6  29  7.0  0.00 71 3.16
 674  3461 282.9  20  7.3  0.00 60 3.16
2005082803003010  883.8 0.00 0     0.0     0.0   294.7   16.16   161.2     3.2   294.7
 881  1170 296.0 161  5.8  0.00 8016.16
 874  1242 297.5 134  6.8  0.00 7214.54
 864  1340 297.2 126  6.6  0.00 6912.92
 852  1465 296.6 114  6.2  0.00 6611.31
 837  1622 295.5 100  5.5  0.00 65 9.69
 818  1821 294.0  79  4.8  0.00 67 8.08
 795  2064 292.0  55  5.2  0.00 71 6.46
 763  2423 289.2  40  6.3  0.00 76 4.85
 722  2885 286.2  30  7.5  0.00 72 3.23
 682  3367 283.5  25  7.2  0.00 59 3.23
2005082803004010  893.8 0.00 0     0.0     0.0   295.0   16.27   177.5     3.2   295.0
 891  1073 296.9 177  5.6  0.00 7816.27
 884  1145 298.3 145  6.2  0.00 7214.64
 874  1243 297.6 137  5.8  0.00 7113.01
 862  1368 296.8 126  5.9  0.00 7011.39
 847  1525 295.7 114  5.5  0.00 69 9.76
 827  1725 294.3  96  4.5  0.00 69 8.13
 804  1969 292.5  62  4.4  0.00 72 6.51
 772  2329 289.8  38  5.9  0.00 77 4.88
 731  2793 286.7  28  7.9  0.00 75 3.25
 690  3277 284.0  26  8.0  0.00 62 3.25
2005082803005010  952.6 0.00 0     0.0     0.0   299.0   17.06   196.0     3.7   299.0
 950   509 300.4 196  6.0  0.00 6917.06
 942   582 301.7 160  6.2  0.00 6315.35
 932   682 301.5 143  6.3  0.00 6313.65
 919   809 300.6 136  6.7  0.00 6411.94
 902   970 299.5 132  6.7  0.00 6510.23
 882  1173 298.1 128  5.8  0.00 65 8.53
 857  1421 296.3 111  4.1  0.00 67 6.82
 822  1788 293.6  57  3.6  0.00 73 5.12
 778  2261 290.0  28  6.8  0.00 79 3.41
 734  2754 286.9  24  8.9  0.00 75 3.41
2005082803006010  994.3 0.00 0     0.0     0.0   300.7   17.53   177.3     3.0   300.7
 992   127 302.3 177  5.1  0.00 6617.53
 984   201 303.3 151  6.9  0.00 6115.78
 973   301 303.6 135  8.1  0.00 5814.02
 959   430 303.2 133  8.5  0.00 5712.27
 942   592 302.2 134  8.4  0.00 5710.52
 920   797 300.8 135  7.3  0.00 58 8.76
 894  1049 299.0 134  5.5  0.00 63 7.01
 858  1420 296.3 108  2.4  0.00 68 5.26
 812  1899 292.5  26  4.3  0.00 76 3.51
 766  2399 288.9  20  8.6  0.00 85 3.51
2005082803007010  994.3 0.00 0     0.0     0.0   300.4   18.00   140.2     3.1   300.4
 991   131 301.7 139  5.4  0.00 7018.00
 983   205 302.6 135  8.4  0.00 6616.20
 973   306 302.8 132 10.2  0.00 6314.40
 959   434 302.5 133 10.3  0.00 5912.60
 942   595 301.8 136  9.4  0.00 5410.80
 920   800 300.9 136  7.6  0.00 53 9.00
 894  1052 299.3 137  5.1  0.00 58 7.20
 857  1423 296.4 114  1.4  0.00 66 5.40
 811  1902 292.7  10  4.3  0.00 75 3.60
 766  2401 288.8  14  8.7  0.00 87 3.60
2005082803008010  994.1 0.00 0     0.0     0.0   300.2   18.74   130.3     3.6   300.2
 991   136 301.0 130  5.7  0.00 7718.74
 983   210 301.8 130  8.9  0.00 7216.87
 972   310 302.1 132 10.1  0.00 6614.99
 958   438 302.0 134  9.5  0.00 5713.12
 941   599 301.7 133  8.1  0.00 5211.25
 920   804 300.8 130  6.0  0.00 53 9.37
 894  1055 299.2 131  3.6  0.00 57 7.50
 857  1426 296.4  82  0.5  0.00 66 5.62
 811  1905 292.6   1  4.5  0.00 75 3.75
 765  2404 288.7   9  8.7  0.00 87 3.75
2005082803009010  996.2 0.00 0     0.0     0.0   299.5   19.51   137.5     3.1   299.5
 993   120 300.4 138  5.1  0.00 8319.51
 985   194 301.3 135  8.0  0.00 7717.56
 974   294 301.7 135  8.6  0.00 6615.61
 960   422 301.8 133  7.8  0.00 5613.66
 943   583 301.6 128  6.3  0.00 5011.71
 921   788 300.7 120  4.4  0.00 51 9.76
 895  1039 299.2 110  2.2  0.00 56 7.80
 858  1409 296.4 357  1.1  0.00 64 5.85
 813  1888 292.6 353  4.9  0.00 74 3.90
 767  2388 288.9   3  8.7  0.00 84 3.90
2005082803010010 1002.7 0.00 0     0.0     0.0   299.6   20.18   144.2     2.8   299.6
 999    63 300.8 145  4.9  0.00 8520.18
 991   136 301.4 140  6.4  0.00 7918.16
 980   237 301.4 138  6.9  0.00 6916.14
 966   365 301.6 135  6.4  0.00 5714.13
 948   526 301.6 127  4.9  0.00 5012.11
 927   730 300.8 111  3.2  0.00 5010.09
 901   982 299.4  72  1.7  0.00 53 8.07
 864  1352 296.7 351  2.2  0.00 60 6.05
 818  1831 293.0 347  5.4  0.00 69 4.04
 771  2331 289.4 356  8.7  0.00 78 4.04
2005082803011010 1006.1 0.00 0     0.0     0.0   302.9   21.21   142.8     4.9   302.9
1002    30 302.6 144  5.1  0.00 7721.21
 994   104 301.9 143  5.2  0.00 7719.09
 983   205 301.1 141  5.4  0.00 7516.97
 969   333 301.5 135  5.0  0.00 5714.85
 952   494 301.5 125  3.5  0.00 5012.73
 930   698 300.7  99  2.0  0.00 4910.60
 904   949 299.3  31  1.7  0.00 52 8.48
 867  1320 296.8 347  3.4  0.00 57 6.36
 820  1799 293.3 343  6.2  0.00 64 4.24
 774  2299 289.7 349  8.7  0.00 72 4.24
2005082803012010 1005.9 0.00 0     0.0     0.0   302.6   20.58   143.4     4.2   302.6
1002    30 302.3 145  4.4  0.00 7620.58
 994   104 301.7 145  4.4  0.00 7618.52
 983   205 300.9 144  4.4  0.00 7416.47
 969   332 301.2 132  3.8  0.00 5814.41
 951   493 301.2 118  2.5  0.00 5112.35
 930   698 300.5  78  1.3  0.00 4910.29
 904   948 299.0   6  1.9  0.00 51 8.23
 867  1318 296.6 342  4.3  0.00 55 6.17
 820  1797 293.3 340  6.9  0.00 60 4.12
 774  2297 289.8 343  8.7  0.00 66 4.12
2005082803013010 1005.7 0.00 0     0.0     0.0   302.6   20.07   147.6     3.3   302.6
1002    30 302.3 149  3.4  0.00 7420.07
 994   104 301.6 148  3.5  0.00 7518.06
 983   205 300.7 148  3.4  0.00 7716.05
 969   332 300.8 128  2.8  0.00 6214.05
 951   493 300.8 107  1.9  0.00 5312.04
 930   697 300.1  62  1.0  0.00 5010.03
 904   947 298.7 355  1.8  0.00 51 8.03
 867  1317 296.4 337  4.3  0.00 55 6.02
 820  1795 293.3 336  7.0  0.00 58 4.01
 774  2294 289.9 339  8.5  0.00 63 4.01
2005082803014010 1005.6 0.00 0     0.0     0.0   302.6   19.69   149.1     2.5   302.6
1002    30 302.3 150  2.6  0.00 7319.69
 994   104 301.6 151  2.6  0.00 7517.72
 983   204 300.6 151  2.5  0.00 7715.75
 969   332 300.4 118  2.0  0.00 6513.78
 951   493 300.3  88  1.6  0.00 5611.81
 930   697 299.8  47  1.0  0.00 51 9.84
 904   947 298.4 349  1.6  0.00 52 7.87
 867  1316 296.1 330  3.9  0.00 55 5.91
 820  1793 293.2 331  6.5  0.00 58 3.94
 774  2293 289.9 335  7.9  0.00 62 3.94
2005082803001011  872.4 0.00 0     0.0     0.0   294.0   15.89   159.8     2.6   294.0
 870  1284 295.5 161  4.5  0.00 8015.89
 863  1355 296.8 126  6.3  0.00 7414.30
 853  1453 296.5 114  6.9  0.00 7312.71
 841  1577 295.7 108  7.5  0.00 7111.12
 826  1734 294.6 101  7.6  0.00 69 9.53
 808  1932 293.0  93  6.7  0.00 73 7.94
 785  2175 291.0  77  5.9  0.00 78 6.36
 753  2532 288.4  55  5.7  0.00 80 4.77
 713  2993 285.6  29  6.9  0.00 74 3.18
 673  3474 282.9  16  8.1  0.00 67 3.18
2005082803002011  894.4 0.00 0     0.0     0.0   294.8   16.28   162.4     2.6   294.8
 892  1065 296.6 163  4.2  0.00 7916.28
 885  1137 298.1 129  6.2  0.00 7114.65
 875  1236 298.0 117  6.6  0.00 7013.03
 862  1361 297.3 109  6.7  0.00 6811.40
 847  1519 296.4 103  6.7  0.00 65 9.77
 828  1719 294.7  95  6.0  0.00 68 8.14
 805  1963 292.6  78  5.6  0.00 75 6.51
 772  2323 289.7  56  5.9  0.00 81 4.88
 731  2787 286.7  32  7.2  0.00 77 3.26
 690  3272 284.3  20  7.6  0.00 61 3.26
2005082803003011  913.7 0.00 0     0.0     0.0   296.3   16.84   163.0     2.9   296.3
 911   876 298.1 163  5.0  0.00 7616.84
 904   949 299.8 133  6.9  0.00 6815.15
 894  1048 299.5 124  7.1  0.00 6613.47
 881  1174 298.7 116  6.6  0.00 6611.78
 866  1333 297.7 106  6.1  0.00 6410.10
 846  1534 296.2  96  5.5  0.00 65 8.42
 822  1780 294.0  76  5.1  0.00 70 6.73
 789  2142 291.0  52  5.8  0.00 77 5.05
 747  2609 287.7  34  7.6  0.00 78 3.37
 705  3096 285.3  25  8.0  0.00 62 3.37
2005082803004011  938.6 0.00 0     0.0     0.0   298.4   17.31   174.2     3.5   298.4
 936   639 299.9 174  5.9  0.00 7117.31
 929   712 301.2 140  7.1  0.00 6515.58
 918   812 300.9 129  7.8  0.00 6513.85
 905   939 300.0 125  7.4  0.00 6612.12
 889  1099 299.0 121  6.7  0.00 6510.39
 869  1302 297.6 115  6.0  0.00 65 8.65
 845  1550 295.8  97  4.6  0.00 67 6.92
 810  1915 292.7  57  4.7  0.00 74 5.19
 767  2386 289.1  32  7.2  0.00 79 3.46
 724  2877 286.4  26  8.8  0.00 68 3.46
2005082803005011  980.4 0.00 0     0.0     0.0   300.0   17.88   177.6     2.8   300.0
 978   253 301.8 177  4.8  0.00 6817.88
 970   326 302.9 140  6.3  0.00 6316.09
 959   427 302.9 126  8.0  0.00 6214.30
 946   555 302.3 126  8.6  0.00 6212.52
 929   717 301.2 129  8.3  0.00 6310.73
 907   922 299.7 132  7.7  0.00 64 8.94
 882  1173 298.1 131  6.2  0.00 66 7.15
 846  1542 295.6 102  3.2  0.00 68 5.36
 800  2020 291.7  34  4.8  0.00 79 3.58
 755  2517 288.2  22  8.4  0.00 82 3.58
2005082803006011 1002.3 0.00 0     0.0     0.0   300.7   18.63   131.1     2.4   300.7
1000    58 302.5 129  3.8  0.00 6918.63
 992   132 303.4 122  6.8  0.00 6416.77
 981   233 303.8 121  9.2  0.00 6014.90
 967   362 303.4 123  9.8  0.00 5613.04
 949   524 302.6 127  9.3  0.00 5411.18
 928   730 301.3 132  8.0  0.00 55 9.32
 902   982 299.5 137  6.4  0.00 61 7.45
 865  1353 296.9 136  2.9  0.00 66 5.59
 818  1834 293.3  25  2.8  0.00 75 3.73
 772  2335 289.3  15  7.7  0.00 86 3.73
2005082803007011  999.7 0.00 0     0.0     0.0   301.0   18.84   113.1     3.1   301.0
 997    85 302.1 112  5.4  0.00 7218.84
 989   159 303.0 118  8.7  0.00 6816.96
 978   259 303.0 123 10.5  0.00 6215.07
 964   388 302.8 125 10.3  0.00 5513.19
 947   549 302.3 126  8.9  0.00 5111.31
 925   754 301.3 127  6.9  0.00 52 9.42
 899  1006 299.7 132  4.6  0.00 57 7.54
 862  1378 297.0 128  1.0  0.00 64 5.65
 816  1858 293.1   0  3.7  0.00 75 3.77
 770  2359 289.1   7  8.0  0.00 87 3.77
2005082803008011  999.8 0.00 0     0.0     0.0   300.4   19.43   119.1     3.1   300.4
 997    87 301.3 118  5.2  0.00 7819.43
 989   161 301.9 123  8.5  0.00 7417.49
 978   262 302.1 125  9.7  0.00 6515.54
 964   390 302.3 124  8.8  0.00 5413.60
 946   551 302.1 118  7.2  0.00 5011.66
 925   756 301.2 115  5.3  0.00 52 9.71
 899  1007 299.6 117  3.1  0.00 57 7.77
 862  1379 296.8  18  0.4  0.00 64 5.83
 816  1858 293.0 352  4.2  0.00 75 3.89
 770  2359 289.1   1  8.2  0.00 87 3.89
2005082803009011 1002.4 0.00 0     0.0     0.0   300.3   19.88   128.2     3.0   300.3
 999    66 301.3 129  5.1  0.00 8119.88
 991   139 301.7 131  7.1  0.00 7617.90
 980   240 301.7 130  7.8  0.00 6815.91
 966   368 302.0 124  7.0  0.00 5513.92
 948   529 301.9 114  5.6  0.00 5011.93
 927   734 301.0 102  4.1  0.00 51 9.94
 901   985 299.5  87  2.2  0.00 55 7.95
 864  1356 296.8 354  1.4  0.00 63 5.97
 818  1836 293.1 347  4.8  0.00 73 3.98
 771  2337 289.3 355  8.6  0.00 85 3.98
2005082803010011 1005.5 0.00 0     0.0     0.0   302.8   21.01   135.7     5.2   302.8
1002    38 302.5 137  5.4  0.00 7621.01
 994   112 301.9 136  5.8  0.00 7618.91
 983   212 301.3 134  6.0  0.00 7316.81
 969   340 301.7 126  5.5  0.00 5614.71
 951   501 301.7 110  4.1  0.00 4912.61
 929   706 301.0  86  2.9  0.00 5010.51
 903   957 299.5  46  2.1  0.00 53 8.40
 866  1328 296.9 350  2.8  0.00 59 6.30
 820  1808 293.3 344  5.7  0.00 69 4.20
 774  2309 289.6 350  9.0  0.00 80 4.20
2005082803011011 1006.2 0.00 0     0.0     0.0   302.9   20.41   134.4     4.5   302.9
1002    30 302.6 136  4.6  0.00 7420.41
 994   104 301.9 137  4.6  0.00 7418.37
 983   205 301.1 136  4.6  0.00 7416.33
 969   332 301.5 122  4.1  0.00 5614.29
 952   493 301.5 102  2.9  0.00 4912.25
 930   698 300.7  66  2.2  0.00 4910.20
 904   949 299.4  19  2.5  0.00 51 8.16
 867  1319 296.9 347  4.1  0.00 56 6.12
 820  1799 293.5 341  6.9  0.00 64 4.08
 774  2299 289.8 345  9.5  0.00 74 4.08
2005082803012011 1006.0 0.00 0     0.0     0.0   302.8   20.03   136.3     3.5   302.8
1002    30 302.4 138  3.6  0.00 7320.03
 994   104 301.7 138  3.6  0.00 7418.02
 983   205 300.9 138  3.6  0.00 7516.02
 969   332 301.1 117  3.1  0.00 5814.02
 951   493 301.1  92  2.3  0.00 5112.02
 930   697 300.4  50  1.9  0.00 4910.01
 904   948 299.1   6  2.8  0.00 51 8.01
 867  1318 296.7 345  5.0  0.00 54 6.01
 820  1797 293.5 339  7.8  0.00 60 4.01
 774  2297 290.0 341  9.5  0.00 68 4.01
2005082803013011 1005.7 0.00 0     0.0     0.0   302.7   19.75   137.1     2.6   302.7
1002    30 302.4 140  2.7  0.00 7319.75
 994   104 301.7 140  2.7  0.00 7417.77
 983   204 300.7 139  2.7  0.00 7615.80
 969   332 300.7 110  2.4  0.00 6213.82
 951   493 300.6  85  2.0  0.00 5411.85
 930   697 300.0  46  1.6  0.00 50 9.87
 904   947 298.7   0  2.5  0.00 51 7.90
 866  1317 296.5 341  5.0  0.00 54 5.92
 820  1795 293.5 337  7.9  0.00 58 3.95
 774  2295 290.1 338  9.2  0.00 64 3.95
2005082803014011 1005.6 0.00 0     0.0     0.0   302.7   19.65   135.5     1.8   302.7
1002    30 302.4 138  1.8  0.00 7319.65
 994   104 301.6 138  1.8  0.00 7517.68
 983   204 300.7 136  1.8  0.00 7715.72
 969   332 300.4  96  1.9  0.00 6713.75
 951   493 300.1  75  1.9  0.00 5811.79
 930   697 299.6  46  1.5  0.00 52 9.82
 904   947 298.3 358  2.0  0.00 52 7.86
 866  1316 296.2 336  4.5  0.00 54 5.89
 820  1794 293.3 333  7.3  0.00 58 3.93
 774  2293 290.1 335  8.5  0.00 62 3.93
2005082803001012  883.4 0.00 0     0.0     0.0   294.9   16.17   140.2     2.4   294.9
 881  1175 296.4 140  3.9  0.00 7816.17
 874  1247 297.6 123  6.7  0.00 7214.55
 864  1345 297.7 116  7.5  0.00 6912.94
 852  1470 296.9 114  7.7  0.00 6811.32
 837  1627 295.8 110  7.8  0.00 66 9.70
 818  1826 294.0 103  7.2  0.00 71 8.09
 795  2070 291.9  88  6.3  0.00 77 6.47
 763  2428 289.0  63  6.0  0.00 83 4.85
 722  2891 286.0  33  6.7  0.00 79 3.23
 682  3374 283.3  13  7.9  0.00 73 3.23
2005082803002012  891.3 0.00 0     0.0     0.0   294.9   16.41   122.9     2.0   294.9
 889  1098 296.8 120  3.1  0.00 7916.41
 882  1170 298.0 117  6.6  0.00 7214.77
 872  1268 297.7 110  7.5  0.00 7113.13
 860  1393 296.8 108  7.3  0.00 7311.49
 844  1551 295.8 108  7.2  0.00 70 9.85
 825  1750 294.3 103  6.9  0.00 72 8.20
 802  1995 292.2  88  6.3  0.00 77 6.56
 769  2354 289.3  63  6.3  0.00 85 4.92
 728  2818 286.4  33  7.5  0.00 80 3.28
 688  3302 284.3  16  7.9  0.00 61 3.28
2005082803003012  922.9 0.00 0     0.0     0.0   296.6   17.00   162.8     1.6   296.6
 921   792 298.7 160  2.0  0.00 7517.00
 913   864 299.5 124  5.7  0.00 7115.30
 903   964 299.3 115  7.8  0.00 7113.60
 890  1090 298.5 111  7.9  0.00 7411.90
 874  1249 297.5 109  7.2  0.00 7410.20
 854  1451 296.1 109  6.8  0.00 72 8.50
 831  1697 294.3  99  6.1  0.00 74 6.80
 796  2061 291.3  70  5.5  0.00 81 5.10
 754  2529 287.8  38  7.2  0.00 87 3.40
 712  3018 285.6  23  8.4  0.00 67 3.40
2005082803004012  972.4 0.00 0     0.0     0.0   299.2   17.98   165.9     2.2   299.2
 970   327 301.4 165  3.0  0.00 6917.98
 962   401 302.2 126  5.9  0.00 6616.18
 951   501 302.3 116  8.6  0.00 6514.38
 938   629 301.7 114  9.2  0.00 6512.58
 921   791 300.6 116  8.4  0.00 6710.79
 900   995 299.2 118  7.6  0.00 68 8.99
 875  1246 297.5 118  6.5  0.00 69 7.19
 839  1615 295.1  93  4.3  0.00 70 5.39
 794  2091 290.9  42  5.3  0.00 84 3.60
 749  2587 287.6  24  8.5  0.00 82 3.60
2005082803005012  996.9 0.00 0     0.0     0.0   300.6   18.77   123.5     2.3   300.6
 995   106 302.5 121  3.8  0.00 6918.77
 986   180 303.4 112  7.0  0.00 6516.89
 975   281 303.6 112  9.5  0.00 6215.01
 961   410 303.1 115 10.3  0.00 6013.14
 944   572 302.1 120  9.7  0.00 5911.26
 923   778 300.8 126  8.5  0.00 61 9.38
 897  1030 299.1 131  7.1  0.00 64 7.51
 860  1401 296.7 122  3.7  0.00 66 5.63
 814  1881 293.0  41  3.0  0.00 75 3.75
 768  2381 288.8  19  7.1  0.00 87 3.75
2005082803006012 1001.8 0.00 0     0.0     0.0   301.3   18.90    97.4     2.9   301.3
 999    65 302.5  96  5.2  0.00 7118.90
 991   139 303.4 104  8.4  0.00 6517.01
 980   240 303.4 111 10.3  0.00 6015.12
 966   369 303.0 116 10.5  0.00 5513.23
 949   531 302.4 119  9.4  0.00 5311.34
 927   736 301.3 123  7.7  0.00 55 9.45
 901   988 299.6 132  5.7  0.00 60 7.56
 864  1360 297.2 133  2.3  0.00 64 5.67
 818  1841 293.4  13  2.8  0.00 74 3.78
 771  2342 289.2   8  7.1  0.00 86 3.78
2005082803007012 1002.6 0.00 0     0.0     0.0   301.0   19.05   102.0     3.1   301.0
1000    61 301.9 101  5.2  0.00 7419.05
 992   135 302.6 109  8.7  0.00 6917.15
 981   236 302.7 114 10.2  0.00 6215.24
 967   364 302.6 115  9.6  0.00 5413.34
 949   525 302.3 112  8.0  0.00 5211.43
 928   731 301.3 113  6.1  0.00 54 9.53
 902   983 299.7 121  3.9  0.00 58 7.62
 865  1355 297.2 107  0.6  0.00 64 5.72
 818  1835 293.3 354  3.5  0.00 75 3.81
 772  2336 289.3   0  7.5  0.00 87 3.81
2005082803008012 1003.2 0.00 0     0.0     0.0   300.3   19.41   111.6     2.6   300.3
1000    59 301.4 111  4.6  0.00 7819.41
 992   132 302.1 115  7.6  0.00 7317.47
 981   233 302.1 117  8.6  0.00 6515.53
 967   361 302.2 112  7.8  0.00 5413.59
 949   522 302.1 104  6.5  0.00 5111.65
 928   727 301.2 100  4.9  0.00 53 9.70
 902   979 299.6 100  2.8  0.00 57 7.76
 865  1350 297.0   2  0.8  0.00 64 5.82
 818  1831 293.3 347  4.1  0.00 76 3.88
 772  2332 289.3 354  7.8  0.00 87 3.88
2005082803009012 1004.9 0.00 0     0.0     0.0   300.4   19.62   121.2     2.7   300.4
1002    45 301.7 122  4.7  0.00 7819.62
 993   119 302.0 122  6.2  0.00 7417.65
 982   219 301.6 122  6.7  0.00 7015.69
 968   347 301.8 112  6.2  0.00 5513.73
 951   508 301.9  98  5.1  0.00 5011.77
 929   713 301.1  84  3.8  0.00 51 9.81
 903   964 299.6  64  2.3  0.00 55 7.85
 866  1335 296.9 352  1.9  0.00 63 5.88
 820  1815 293.3 344  5.0  0.00 74 3.92
 773  2317 289.5 349  8.5  0.00 86 3.92
2005082803010012 1006.3 0.00 0     0.0     0.0   303.2   20.48   125.1     4.8   303.2
1003    32 302.9 127  4.9  0.00 7320.48
 994   106 302.2 126  4.9  0.00 7318.44
 983   207 301.2 126  4.9  0.00 7416.39
 969   334 301.4 110  4.6  0.00 5614.34
 952   495 301.7  88  3.8  0.00 4912.29
 930   700 300.9  64  3.1  0.00 4910.24
 904   951 299.5  30  2.6  0.00 53 8.19
 867  1322 296.9 349  3.4  0.00 59 6.15
 821  1802 293.5 342  6.2  0.00 70 4.10
 774  2303 289.7 345  9.4  0.00 82 4.10
2005082803011012 1006.3 0.00 0     0.0     0.0   302.8   19.72   123.6     3.8   302.8
1002    30 302.5 126  3.8  0.00 7219.72
 994   104 301.8 127  3.8  0.00 7217.75
 983   204 301.0 128  3.7  0.00 7315.78
 969   332 301.2 104  3.5  0.00 5613.81
 952   493 301.4  78  3.1  0.00 4911.83
 930   697 300.7  47  2.8  0.00 48 9.86
 904   948 299.4  12  3.2  0.00 51 7.89
 867  1319 296.9 347  4.9  0.00 56 5.92
 820  1798 293.6 340  7.6  0.00 65 3.94
 774  2299 289.9 342 10.1  0.00 76 3.94
2005082803012012 1006.0 0.00 0     0.0     0.0   302.7   19.46   125.9     2.8   302.7
1002    30 302.4 129  2.8  0.00 7219.46
 994   104 301.7 128  2.9  0.00 7317.52
 983   204 300.8 128  2.9  0.00 7415.57
 969   332 300.9  99  2.9  0.00 5913.62
 951   493 300.9  73  2.7  0.00 5211.68
 930   697 300.3  42  2.6  0.00 49 9.73
 904   947 299.1   5  3.5  0.00 50 7.79
 867  1318 296.8 345  5.8  0.00 54 5.84
 820  1796 293.6 339  8.6  0.00 62 3.89
 774  2297 290.0 339 10.2  0.00 70 3.89
2005082803013012 1005.7 0.00 0     0.0     0.0   302.7   19.44   122.0     2.1   302.7
1002    30 302.4 125  2.1  0.00 7219.44
 994   104 301.7 125  2.1  0.00 7317.49
 983   204 300.7 124  2.1  0.00 7615.55
 969   332 300.5  92  2.6  0.00 6413.61
 951   493 300.4  73  2.6  0.00 5611.66
 929   697 299.9  44  2.2  0.00 50 9.72
 903   947 298.7   2  3.1  0.00 51 7.77
 866  1317 296.5 342  5.8  0.00 54 5.83
 820  1795 293.5 337  8.7  0.00 59 3.89
 774  2295 290.1 337  9.7  0.00 65 3.89
2005082803014012 1005.5 0.00 0     0.0     0.0   302.8   19.69   105.3     1.4   302.8
1002    30 302.4 108  1.4  0.00 7319.69
 994   104 301.7 107  1.5  0.00 7517.72
 982   205 300.8 105  1.5  0.00 7715.75
 969   332 300.2  81  2.2  0.00 7013.78
 951   493 299.9  69  2.5  0.00 6011.81
 929   697 299.5  48  2.1  0.00 52 9.85
 903   947 298.3   4  2.5  0.00 52 7.88
 866  1316 296.2 339  5.0  0.00 54 5.91
 820  1794 293.4 335  7.9  0.00 59 3.94
 774  2294 290.1 335  8.8  0.00 64 3.94
2005082803001013  885.3 0.00 0     0.0     0.0   295.9   15.96   116.1     2.8   295.9
 883  1157 297.0 114  4.9  0.00 7415.96
 876  1229 298.1 116  7.7  0.00 6814.36
 866  1327 298.1 116  8.4  0.00 6412.77
 854  1452 297.4 115  8.5  0.00 6311.17
 839  1610 296.3 112  8.2  0.00 62 9.57
 819  1809 294.5 106  7.6  0.00 67 7.98
 797  2053 292.2  92  6.9  0.00 75 6.38
 764  2412 289.2  68  6.6  0.00 83 4.79
 724  2875 286.0  38  6.4  0.00 83 3.19
 683  3358 283.3  11  7.5  0.00 79 3.19
2005082803002013  879.1 0.00 0     0.0     0.0   294.8   16.24   104.7     2.8   294.8
 877  1222 296.5 103  4.9  0.00 7816.24
 870  1294 297.5 111  8.4  0.00 7214.62
 860  1392 296.7 109  8.5  0.00 7213.00
 848  1516 295.8 108  8.3  0.00 7311.37
 833  1673 294.7 108  8.1  0.00 72 9.75
 814  1872 293.2 103  7.5  0.00 74 8.12
 791  2115 291.3  90  6.7  0.00 79 6.50
 759  2473 288.4  65  6.6  0.00 87 4.87
 719  2935 285.6  34  7.4  0.00 81 3.25
 678  3417 283.5  12  8.1  0.00 63 3.25
2005082803003013  911.9 0.00 0     0.0     0.0   296.0   16.57   115.6     1.6   296.0
 910   902 298.1 110  2.2  0.00 7616.57
 902   974 298.6 112  7.2  0.00 7514.91
 892  1073 298.2 112  8.6  0.00 7613.25
 880  1199 297.3 111  8.6  0.00 7811.60
 864  1357 296.2 112  8.2  0.00 78 9.94
 844  1558 295.0 113  7.7  0.00 76 8.28
 821  1803 293.3 108  6.5  0.00 77 6.63
 787  2165 290.5  79  5.2  0.00 84 4.97
 745  2632 287.0  41  6.6  0.00 90 3.31
 703  3119 284.8  20  8.1  0.00 69 3.31
2005082803004013  969.6 0.00 0     0.0     0.0   299.1   17.95   108.6     1.8   299.1
 967   358 301.2 104  2.5  0.00 7017.95
 959   431 301.9 105  7.2  0.00 6716.16
 949   532 301.8 108  9.4  0.00 6714.36
 935   660 301.1 110  9.7  0.00 6812.57
 918   820 299.9 113  9.0  0.00 7010.77
 897  1025 298.5 117  8.0  0.00 71 8.98
 872  1275 297.0 123  6.8  0.00 70 7.18
 836  1643 294.8 111  4.1  0.00 70 5.39
 792  2119 290.9  52  3.9  0.00 83 3.59
 747  2615 287.0  20  7.2  0.00 89 3.59
2005082803005013  993.9 0.00 0     0.0     0.0   300.8   18.68    94.4     2.6   300.8
 991   137 302.4  92  4.6  0.00 6918.68
 983   211 303.3 100  8.2  0.00 6516.81
 972   312 303.0 104 10.2  0.00 6314.94
 958   440 302.4 109 10.6  0.00 6113.08
 941   602 301.6 113  9.7  0.00 6011.21
 920   807 300.4 118  8.2  0.00 62 9.34
 894  1059 298.8 125  6.3  0.00 64 7.47
 857  1430 296.6 120  3.0  0.00 66 5.60
 811  1909 292.8  33  2.6  0.00 76 3.74
 765  2409 288.6  13  6.1  0.00 87 3.74
2005082803006013 1000.4 0.00 0     0.0     0.0   301.5   18.92    93.3     2.9   301.5
 998    81 302.5  92  5.1  0.00 7118.92
 990   155 302.9 100  8.4  0.00 6817.03
 978   256 302.7 105 10.3  0.00 6415.13
 964   384 302.4 107 10.3  0.00 5813.24
 947   546 301.9 108  8.9  0.00 5611.35
 926   751 300.9 112  7.1  0.00 58 9.46
 900  1003 299.5 119  4.9  0.00 61 7.57
 863  1375 297.1 106  1.5  0.00 64 5.68
 816  1855 293.3   6  3.2  0.00 75 3.78
 770  2356 289.2   1  6.8  0.00 85 3.78
2005082803007013 1004.9 0.00 0     0.0     0.0   301.2   19.38    96.9     2.6   301.2
1002    44 302.1  96  4.6  0.00 7519.38
 994   118 302.5 103  7.7  0.00 7117.44
 983   218 302.3 106  9.2  0.00 6615.51
 969   347 302.3 104  8.9  0.00 5713.57
 951   508 302.0 100  7.6  0.00 5411.63
 930   713 301.1 100  5.8  0.00 56 9.69
 904   965 299.6 105  3.6  0.00 60 7.75
 866  1337 297.2  60  0.9  0.00 65 5.81
 820  1818 293.5 353  3.7  0.00 75 3.88
 773  2320 289.5 354  7.2  0.00 86 3.88
2005082803008013 1005.1 0.00 0     0.0     0.0   301.3   19.73   102.8     2.9   301.3
1002    44 302.2 103  4.9  0.00 7619.73
 994   117 302.2 107  6.5  0.00 7417.75
 983   218 301.7 108  7.2  0.00 7015.78
 968   346 301.8 100  7.1  0.00 5713.81
 951   507 301.9  91  6.2  0.00 5211.84
 929   712 301.0  87  4.7  0.00 54 9.86
 903   964 299.5  80  2.7  0.00 58 7.89
 866  1335 296.9  12  1.4  0.00 65 5.92
 820  1816 293.4 347  4.4  0.00 76 3.95
 773  2317 289.4 348  7.8  0.00 87 3.95
2005082803009013 1005.9 0.00 0     0.0     0.0   303.2   20.55   110.2     5.0   303.2
1002    37 302.9 111  5.2  0.00 7320.55
 994   111 302.2 112  5.4  0.00 7318.50
 983   212 301.3 112  5.4  0.00 7416.44
 969   339 301.5  98  5.5  0.00 5714.39
 952   500 301.7  82  4.8  0.00 5012.33
 930   705 301.0  69  3.8  0.00 5110.28
 904   956 299.5  46  2.6  0.00 56 8.22
 867  1328 296.9 358  2.6  0.00 63 6.17
 820  1808 293.4 344  5.4  0.00 74 4.11
 774  2309 289.6 344  8.6  0.00 86 4.11
2005082803010013 1006.4 0.00 0     0.0     0.0   303.0   19.88   111.1     4.2   303.0
1003    31 302.6 113  4.2  0.00 7219.88
 994   105 302.0 114  4.2  0.00 7217.89
 983   206 301.1 114  4.1  0.00 7315.90
 969   333 301.3  93  4.2  0.00 5613.92
 952   494 301.5  72  3.9  0.00 4911.93
 930   699 300.9  51  3.4  0.00 49 9.94
 904   950 299.4  20  3.2  0.00 53 7.95
 867  1320 296.9 352  4.2  0.00 60 5.96
 821  1800 293.5 343  6.9  0.00 71 3.98
 774  2302 289.7 342  9.7  0.00 83 3.98
2005082803011013 1006.3 0.00 0     0.0     0.0   302.8   19.51   112.3     3.1   302.8
1002    30 302.4 115  3.1  0.00 7219.51
 994   104 301.7 114  3.2  0.00 7217.56
 983   204 300.8 114  3.1  0.00 7415.61
 969   332 300.9  88  3.5  0.00 5813.65
 952   492 301.2  65  3.5  0.00 5011.70
 930   697 300.6  40  3.3  0.00 48 9.75
 904   948 299.3   9  3.9  0.00 50 7.80
 867  1318 296.8 349  5.7  0.00 57 5.85
 820  1797 293.6 341  8.4  0.00 67 3.90
 774  2299 289.9 340 10.5  0.00 78 3.90
2005082803012013 1005.9 0.00 0     0.0     0.0   302.7   19.47   110.1     2.4   302.7
1002    30 302.3 113  2.4  0.00 7219.47
 994   104 301.6 113  2.4  0.00 7317.52
 983   204 300.7 112  2.4  0.00 7515.57
 969   332 300.6  84  3.2  0.00 6213.63
 951   492 300.6  65  3.3  0.00 5311.68
 930   697 300.2  38  3.1  0.00 48 9.73
 904   947 299.0   4  4.1  0.00 50 7.79
 866  1317 296.7 347  6.5  0.00 55 5.84
 820  1796 293.6 340  9.3  0.00 63 3.89
 774  2297 290.0 338 10.5  0.00 71 3.89
2005082803013013 1005.6 0.00 0     0.0     0.0   302.7   19.71    98.6     1.9   302.7
1002    30 302.3 101  1.9  0.00 7319.71
 994   104 301.6 100  1.9  0.00 7517.74
 982   204 300.7  98  1.9  0.00 7715.77
 969   332 300.2  79  2.9  0.00 6913.80
 951   493 300.1  67  3.2  0.00 5811.83
 929   697 299.8  42  2.8  0.00 51 9.86
 903   947 298.7   3  3.7  0.00 50 7.89
 866  1316 296.5 344  6.4  0.00 54 5.91
 820  1795 293.5 338  9.2  0.00 61 3.94
 774  2295 290.1 337  9.9  0.00 66 3.94
2005082803014013 1005.4 0.00 0     0.0     0.0   302.8   19.81    74.2     1.9   302.8
1002    30 302.5  75  1.9  0.00 7319.81
 993   104 301.8  74  2.0  0.00 7417.83
 982   205 300.9  74  2.1  0.00 7715.85
 968   332 299.8  71  2.6  0.00 7713.87
 951   493 299.7  64  3.3  0.00 6311.89
 929   697 299.4  48  2.9  0.00 53 9.90
 903   947 298.2   9  3.1  0.00 52 7.92
 866  1316 296.2 343  5.5  0.00 55 5.94
 820  1794 293.3 337  8.2  0.00 60 3.96
 773  2294 290.0 337  8.9  0.00 66 3.96
2005082803001014  883.1 0.00 0     0.0     0.0   296.6   15.28   106.9     3.2   296.6
 880  1182 297.5 106  5.3  0.00 6915.28
 873  1253 298.3 108  8.3  0.00 6413.75
 864  1352 298.1 108  9.4  0.00 6212.22
 852  1477 297.4 108  9.4  0.00 6110.69
 836  1634 296.2 106  9.0  0.00 61 9.17
 817  1833 294.5 101  8.4  0.00 65 7.64
 795  2077 292.1  92  7.8  0.00 74 6.11
 762  2435 289.0  75  7.0  0.00 84 4.58
 722  2898 285.6  43  5.7  0.00 88 3.06
 681  3381 283.0   8  7.0  0.00 82 3.06
2005082803002014  877.9 0.00 0     0.0     0.0   295.4   15.82   112.4     3.1   295.4
 875  1237 296.6 111  5.4  0.00 7515.82
 868  1309 297.5 109  9.2  0.00 7014.24
 859  1407 296.8 107  9.5  0.00 7112.66
 847  1531 295.9 105  9.3  0.00 7011.08
 832  1688 294.7 105  8.9  0.00 70 9.49
 813  1886 293.2 101  8.2  0.00 73 7.91
 790  2129 291.2  91  7.2  0.00 79 6.33
 758  2487 288.3  71  6.7  0.00 88 4.75
 717  2948 285.2  38  6.6  0.00 86 3.16
 677  3430 283.1  11  8.0  0.00 69 3.16
2005082803003014  913.8 0.00 0     0.0     0.0   296.3   16.60   130.6     2.2   296.3
 911   887 298.4 128  3.4  0.00 7316.60
 904   959 298.8 112  8.3  0.00 7214.94
 894  1058 298.5 111  9.3  0.00 7313.28
 881  1184 297.7 111  9.2  0.00 7511.62
 866  1342 296.5 112  8.9  0.00 74 9.96
 846  1543 295.2 113  8.0  0.00 73 8.30
 822  1789 293.5 109  6.5  0.00 74 6.64
 788  2151 290.7  84  5.0  0.00 83 4.98
 746  2618 287.0  47  5.5  0.00 91 3.32
 704  3105 284.4  18  7.3  0.00 76 3.32
2005082803004014  967.4 0.00 0     0.0     0.0   299.2   17.56   116.2     2.3   299.2
 965   381 301.2 115  3.6  0.00 6817.56
 957   455 301.8 106  8.3  0.00 6715.80
 946   555 301.6 107  9.8  0.00 6714.05
 933   683 300.9 110  9.8  0.00 6812.29
 916   843 299.7 113  9.1  0.00 7010.54
 895  1047 298.4 116  7.8  0.00 70 8.78
 870  1297 297.0 121  6.2  0.00 68 7.02
 834  1665 294.7 108  3.5  0.00 70 5.27
 790  2140 290.8  50  3.3  0.00 82 3.51
 745  2636 286.8  17  5.6  0.00 89 3.51
2005082803005014  991.3 0.00 0     0.0     0.0   301.0   18.40    99.3     2.7   301.0
 989   164 302.3  99  4.8  0.00 6918.40
 981   238 302.9 100  8.6  0.00 6616.56
 969   339 302.5 103 10.2  0.00 6514.72
 956   467 301.9 105 10.4  0.00 6312.88
 938   628 301.1 108  9.3  0.00 6211.04
 917   833 300.0 112  7.5  0.00 64 9.20
 891  1085 298.6 118  5.4  0.00 64 7.36
 855  1456 296.4 102  2.3  0.00 66 5.52
 809  1935 292.7  22  2.9  0.00 76 3.68
 763  2434 288.4   4  5.6  0.00 87 3.68
2005082803006014 1000.7 0.00 0     0.0     0.0   301.4   18.97    93.3     2.9   301.4
 998    82 302.3  93  4.9  0.00 7218.97
 990   155 302.7  97  8.1  0.00 6917.07
 979   256 302.4 100  9.7  0.00 6615.18
 964   384 302.0 100  9.8  0.00 6013.28
 947   546 301.6 100  8.5  0.00 5911.38
 926   751 300.6 103  6.6  0.00 61 9.49
 900  1003 299.2 107  4.3  0.00 62 7.59
 863  1375 297.0  72  1.7  0.00 66 5.69
 816  1855 293.3   3  3.6  0.00 75 3.79
 770  2356 289.1 354  6.5  0.00 84 3.79
2005082803007014 1005.5 0.00 0     0.0     0.0   301.1   19.51    89.3     2.4   301.1
1002    41 302.1  90  4.2  0.00 7519.51
 994   115 302.5  95  7.0  0.00 7217.56
 983   216 302.1  98  8.3  0.00 6915.61
 969   344 302.0  95  8.3  0.00 5913.66
 951   505 301.8  91  7.2  0.00 5611.71
 930   710 300.8  92  5.6  0.00 58 9.75
 904   962 299.4  91  3.5  0.00 61 7.80
 867  1334 297.0  44  1.8  0.00 66 5.85
 820  1815 293.5 353  4.2  0.00 75 3.90
 774  2316 289.4 348  7.3  0.00 85 3.90
2005082803008014 1005.6 0.00 0     0.0     0.0   301.3   19.99    94.2     2.3   301.3
1002    41 302.2  95  4.2  0.00 7719.99
 994   114 302.1  97  5.8  0.00 7517.99
 983   215 301.6  98  6.3  0.00 7315.99
 969   343 301.6  90  6.5  0.00 5913.99
 951   504 301.6  82  5.8  0.00 5311.99
 930   709 300.8  77  4.5  0.00 55 9.99
 904   960 299.3  64  3.0  0.00 59 7.99
 867  1332 296.8  18  2.6  0.00 66 6.00
 820  1812 293.4 348  5.1  0.00 76 4.00
 774  2314 289.5 344  8.1  0.00 86 4.00
2005082803009014 1006.4 0.00 0     0.0     0.0   303.2   20.65   100.3     4.5   303.2
1003    33 302.9 102  4.6  0.00 7320.65
 995   106 302.2 101  4.7  0.00 7418.58
 983   207 301.3 100  4.5  0.00 7516.52
 969   335 301.2  87  4.9  0.00 6014.45
 952   496 301.5  72  4.6  0.00 5112.39
 930   700 300.8  59  3.8  0.00 5210.32
 904   952 299.3  35  3.1  0.00 56 8.26
 867  1323 296.7   4  3.8  0.00 64 6.19
 821  1803 293.4 346  6.4  0.00 74 4.13
 774  2304 289.6 342  9.1  0.00 86 4.13
2005082803010014 1006.5 0.00 0     0.0     0.0   302.8   19.87   100.7     3.7   302.8
1003    30 302.5 103  3.6  0.00 7219.87
 994   104 301.8 103  3.6  0.00 7317.89
 983   204 300.9 102  3.5  0.00 7415.90
 969   332 301.1  82  4.0  0.00 5813.91
 952   493 301.4  64  4.0  0.00 4911.92
 930   697 300.7  44  3.6  0.00 49 9.94
 904   948 299.3  17  3.8  0.00 53 7.95
 867  1319 296.8 356  5.2  0.00 61 5.96
 821  1798 293.5 345  7.8  0.00 71 3.97
 774  2300 289.7 341 10.1  0.00 83 3.97
2005082803011014 1006.2 0.00 0     0.0     0.0   302.7   19.65   100.1     2.7   302.7
1002    30 302.3 103  2.6  0.00 7319.65
 994   104 301.6 102  2.7  0.00 7417.69
 983   204 300.7 101  2.8  0.00 7615.72
 969   332 300.7  79  3.7  0.00 6113.76
 952   492 300.9  61  3.9  0.00 5011.79
 930   697 300.5  37  3.7  0.00 48 9.83
 904   947 299.2   9  4.5  0.00 51 7.86
 867  1318 296.8 352  6.5  0.00 57 5.90
 820  1797 293.6 343  9.1  0.00 67 3.93
 774  2298 289.9 340 10.7  0.00 78 3.93
2005082803012014 1005.8 0.00 0     0.0     0.0   302.6   19.72    92.6     2.3   302.6
1002    30 302.3  94  2.2  0.00 7319.72
 994   104 301.5  94  2.3  0.00 7517.75
 983   204 300.6  94  2.3  0.00 7715.77
 969   332 300.3  76  3.4  0.00 6613.80
 951   492 300.5  62  3.8  0.00 5411.83
 930   697 300.1  36  3.6  0.00 49 9.86
 904   947 298.9   5  4.7  0.00 50 7.89
 866  1317 296.7 350  7.1  0.00 56 5.92
 820  1796 293.6 342  9.7  0.00 63 3.94
 774  2297 290.0 339 10.7  0.00 71 3.94
2005082803013014 1005.5 0.00 0     0.0     0.0   302.7   19.85    76.8     2.3   302.7
1002    30 302.4  77  2.2  0.00 7319.85
 994   104 301.7  77  2.4  0.00 7517.86
 982   205 300.8  76  2.5  0.00 7715.88
 969   332 299.8  73  3.1  0.00 7613.89
 951   493 299.9  63  3.9  0.00 6011.91
 929   697 299.7  41  3.5  0.00 51 9.92
 903   947 298.6   6  4.3  0.00 51 7.94
 866  1316 296.4 348  6.9  0.00 55 5.95
 820  1795 293.5 341  9.5  0.00 62 3.97
 774  2295 290.1 339  9.9  0.00 67 3.97
2005082803014014 1005.3 0.00 0     0.0     0.0   302.9   19.98    61.5     2.7   302.9
1002    30 302.5  61  2.8  0.00 7319.98
 994   104 301.8  62  2.9  0.00 7517.99
 982   205 300.9  62  2.9  0.00 7715.99
 968   333 299.7  63  3.0  0.00 8013.99
 951   493 299.5  60  4.2  0.00 6511.99
 929   697 299.2  47  3.8  0.00 54 9.99
 903   947 298.1  15  3.8  0.00 53 7.99
 866  1316 296.1 349  5.9  0.00 56 6.00
 820  1794 293.2 341  8.3  0.00 62 4.00
 773  2294 289.9 340  8.8  0.00 67 4.00
