3D.DAT          2.1             Header Structure with Comment Lines                             
   1
Synthetic 3D.DAT for py-calmet tiny domain                                                                                          
  1  1  0  0  0
LCC   44.3000  -70.2000  30.00  60.00   399.000  4899.000   1.000  14 14 10
  0  0  0  0  0  0  0  0  0  0  0  0  0  0  0  0  0  0  0  0  0
2020061500    4  14  14  10
   1   1  14  14   1  10  -70.2611  -70.0959  44.2418  44.3605
 0.995
 0.980
 0.950
 0.900
 0.850
 0.800
 0.700
 0.600
 0.500
 0.400
   1   1  44.2418  -70.2586  150 20 -999.0000 -999.0000 -999
   2   1  44.2419  -70.2461  155 20 -999.0000 -999.0000 -999
   3   1  44.2421  -70.2336  160 20 -999.0000 -999.0000 -999
   4   1  44.2422  -70.2211  165 20 -999.0000 -999.0000 -999
   5   1  44.2423  -70.2086  170 20 -999.0000 -999.0000 -999
   6   1  44.2425  -70.1960  175 20 -999.0000 -999.0000 -999
   7   1  44.2426  -70.1835  180 20 -999.0000 -999.0000 -999
   8   1  44.2427  -70.1710  185 20 -999.0000 -999.0000 -999
   9   1  44.2429  -70.1585  190 20 -999.0000 -999.0000 -999
  10   1  44.2430  -70.1460  195 20 -999.0000 -999.0000 -999
  11   1  44.2431  -70.1334  200 20 -999.0000 -999.0000 -999
  12   1  44.2432  -70.1209  205 20 -999.0000 -999.0000 -999
  13   1  44.2434  -70.1084  210 20 -999.0000 -999.0000 -999
  14   1  44.2435  -70.0959  215 20 -999.0000 -999.0000 -999
   1   2  44.2508  -70.2588  153 20 -999.0000 -999.0000 -999
   2   2  44.2509  -70.2463  158 20 -999.0000 -999.0000 -999
   3   2  44.2511  -70.2338  163 20 -999.0000 -999.0000 -999
   4   2  44.2512  -70.2213  168 20 -999.0000 -999.0000 -999
   5   2  44.2513  -70.2087  173 20 -999.0000 -999.0000 -999
   6   2  44.2515  -70.1962  178 20 -999.0000 -999.0000 -999
   7   2  44.2516  -70.1837  183 20 -999.0000 -999.0000 -999
   8   2  44.2517  -70.1712  188 20 -999.0000 -999.0000 -999
   9   2  44.2519  -70.1586  193 20 -999.0000 -999.0000 -999
  10   2  44.2520  -70.1461  198 20 -999.0000 -999.0000 -999
  11   2  44.2521  -70.1336  203 20 -999.0000 -999.0000 -999
  12   2  44.2522  -70.1211  208 20 -999.0000 -999.0000 -999
  13   2  44.2524  -70.1086  213 20 -999.0000 -999.0000 -999
  14   2  44.2525  -70.0960  218 20 -999.0000 -999.0000 -999
   1   3  44.2598  -70.2590  156 20 -999.0000 -999.0000 -999
   2   3  44.2599  -70.2465  161 20 -999.0000 -999.0000 -999
   3   3  44.2601  -70.2340  166 20 -999.0000 -999.0000 -999
   4   3  44.2602  -70.2215  171 20 -999.0000 -999.0000 -999
   5   3  44.2603  -70.2089  176 20 -999.0000 -999.0000 -999
   6   3  44.2605  -70.1964  181 20 -999.0000 -999.0000 -999
   7   3  44.2606  -70.1839  186 20 -999.0000 -999.0000 -999
   8   3  44.2607  -70.1714  191 20 -999.0000 -999.0000 -999
   9   3  44.2609  -70.1588  196 20 -999.0000 -999.0000 -999
  10   3  44.2610  -70.1463  201 20 -999.0000 -999.0000 -999
  11   3  44.2611  -70.1338  206 20 -999.0000 -999.0000 -999
  12   3  44.2612  -70.1212  211 20 -999.0000 -999.0000 -999
  13   3  44.2614  -70.1087  216 20 -999.0000 -999.0000 -999
  14   3  44.2615  -70.0962  221 20 -999.0000 -999.0000 -999
   1   4  44.2688  -70.2592  159 20 -999.0000 -999.0000 -999
   2   4  44.2689  -70.2467  164 20 -999.0000 -999.0000 -999
   3   4  44.2691  -70.2342  169 20 -999.0000 -999.0000 -999
   4   4  44.2692  -70.2216  174 20 -999.0000 -999.0000 -999
   5   4  44.2693  -70.2091  180 20 -999.0000 -999.0000 -999
   6   4  44.2695  -70.1966  186 20 -999.0000 -999.0000 -999
   7   4  44.2696  -70.1841  191 20 -999.0000 -999.0000 -999
   8   4  44.2697  -70.1715  196 20 -999.0000 -999.0000 -999
   9   4  44.2699  -70.1590  200 20 -999.0000 -999.0000 -999
  10   4  44.2700  -70.1465  204 20 -999.0000 -999.0000 -999
  11   4  44.2701  -70.1339  209 20 -999.0000 -999.0000 -999
  12   4  44.2702  -70.1214  214 20 -999.0000 -999.0000 -999
  13   4  44.2704  -70.1089  219 20 -999.0000 -999.0000 -999
  14   4  44.2705  -70.0964  224 20 -999.0000 -999.0000 -999
   1   5  44.2778  -70.2594  162 20 -999.0000 -999.0000 -999
   2   5  44.2779  -70.2469  167 20 -999.0000 -999.0000 -999
   3   5  44.2781  -70.2344  172 20 -999.0000 -999.0000 -999
   4   5  44.2782  -70.2218  179 20 -999.0000 -999.0000 -999
   5   5  44.2783  -70.2093  185 20 -999.0000 -999.0000 -999
   6   5  44.2785  -70.1968  192 20 -999.0000 -999.0000 -999
   7   5  44.2786  -70.1842  198 20 -999.0000 -999.0000 -999
   8   5  44.2787  -70.1717  202 20 -999.0000 -999.0000 -999
   9   5  44.2789  -70.1592  205 20 -999.0000 -999.0000 -999
  10   5  44.2790  -70.1467  209 20 -999.0000 -999.0000 -999
  11   5  44.2791  -70.1341  212 20 -999.0000 -999.0000 -999
  12   5  44.2792  -70.1216  217 20 -999.0000 -999.0000 -999
  13   5  44.2794  -70.1091  222 20 -999.0000 -999.0000 -999
  14   5  44.2795  -70.0965  227 20 -999.0000 -999.0000 -999
   1   6  44.2868  -70.2596  165 20 -999.0000 -999.0000 -999
   2   6  44.2869  -70.2471  170 20 -999.0000 -999.0000 -999
   3   6  44.2871  -70.2345  176 20 -999.0000 -999.0000 -999
   4   6  44.2872  -70.2220  183 20 -999.0000 -999.0000 -999
   5   6  44.2873  -70.2095  192 20 -999.0000 -999.0000 -999
   6   6  44.2875  -70.1969  200 20 -999.0000 -999.0000 -999
   7   6  44.2876  -70.1844  207 20 -999.0000 -999.0000 -999
   8   6  44.2877  -70.1719  210 20 -999.0000 -999.0000 -999
   9   6  44.2879  -70.1594  212 20 -999.0000 -999.0000 -999
  10   6  44.2880  -70.1468  213 20 -999.0000 -999.0000 -999
  11   6  44.2881  -70.1343  216 20 -999.0000 -999.0000 -999
  12   6  44.2882  -70.1218  220 20 -999.0000 -999.0000 -999
  13   6  44.2884  -70.1092  225 20 -999.0000 -999.0000 -999
  14   6  44.2885  -70.0967  230 20 -999.0000 -999.0000 -999
   1   7  44.2958  -70.2598  168 20 -999.0000 -999.0000 -999
   2   7  44.2959  -70.2473  173 20 -999.0000 -999.0000 -999
   3   7  44.2961  -70.2347  180 20 -999.0000 -999.0000 -999
   4   7  44.2962  -70.2222  188 20 -999.0000 -999.0000 -999
   5   7  44.2963  -70.2097  198 20 -999.0000 -999.0000 -999
   6   7  44.2965  -70.1971  208 20 -999.0000 -999.0000 -999
   7   7  44.2966  -70.1846  215 20 -999.0000 -999.0000 -999
   8   7  44.2967  -70.1721  218 20 -999.0000 -999.0000 -999
   9   7  44.2969  -70.1595  218 20 -999.0000 -999.0000 -999
  10   7  44.2970  -70.1470  218 20 -999.0000 -999.0000 -999
  11   7  44.2971  -70.1345  220 20 -999.0000 -999.0000 -999
  12   7  44.2972  -70.1219  223 20 -999.0000 -999.0000 -999
  13   7  44.2974  -70.1094  228 20 -999.0000 -999.0000 -999
  14   7  44.2975  -70.0969  233 20 -999.0000 -999.0000 -999
   1   8  44.3048  -70.2600  171 20 -999.0000 -999.0000 -999
   2   8  44.3049  -70.2475  176 20 -999.0000 -999.0000 -999
   3   8  44.3051  -70.2349  183 20 -999.0000 -999.0000 -999
   4   8  44.3052  -70.2224  192 20 -999.0000 -999.0000 -999
   5   8  44.3054  -70.2099  203 20 -999.0000 -999.0000 -999
   6   8  44.3055  -70.1973  213 20 -999.0000 -999.0000 -999
   7   8  44.3056  -70.1848  221 20 -999.0000 -999.0000 -999
   8   8  44.3057  -70.1722  223 20 -999.0000 -999.0000 -999
   9   8  44.3059  -70.1597  223 20 -999.0000 -999.0000 -999
  10   8  44.3060  -70.1472  222 20 -999.0000 -999.0000 -999
  11   8  44.3061  -70.1346  223 20 -999.0000 -999.0000 -999
  12   8  44.3062  -70.1221  226 20 -999.0000 -999.0000 -999
  13   8  44.3064  -70.1096  231 20 -999.0000 -999.0000 -999
  14   8  44.3065  -70.0970  236 20 -999.0000 -999.0000 -999
   1   9  44.3138  -70.2602  174 20 -999.0000 -999.0000 -999
   2   9  44.3139  -70.2476  179 20 -999.0000 -999.0000 -999
   3   9  44.3141  -70.2351  186 20 -999.0000 -999.0000 -999
   4   9  44.3142  -70.2226  194 20 -999.0000 -999.0000 -999
   5   9  44.3144  -70.2100  204 20 -999.0000 -999.0000 -999
   6   9  44.3145  -70.1975  214 20 -999.0000 -999.0000 -999
   7   9  44.3146  -70.1850  221 20 -999.0000 -999.0000 -999
   8   9  44.3147  -70.1724  224 20 -999.0000 -999.0000 -999
   9   9  44.3149  -70.1599  224 20 -999.0000 -999.0000 -999
  10   9  44.3150  -70.1474  224 20 -999.0000 -999.0000 -999
  11   9  44.3151  -70.1348  226 20 -999.0000 -999.0000 -999
  12   9  44.3152  -70.1223  229 20 -999.0000 -999.0000 -999
  13   9  44.3154  -70.1097  234 20 -999.0000 -999.0000 -999
  14   9  44.3155  -70.0972  239 20 -999.0000 -999.0000 -999
   1  10  44.3228  -70.2604  177 20 -999.0000 -999.0000 -999
   2  10  44.3229  -70.2478  182 20 -999.0000 -999.0000 -999
   3  10  44.3231  -70.2353  188 20 -999.0000 -999.0000 -999
   4  10  44.3232  -70.2228  195 20 -999.0000 -999.0000 -999
   5  10  44.3234  -70.2102  204 20 -999.0000 -999.0000 -999
   6  10  44.3235  -70.1977  212 20 -999.0000 -999.0000 -999
   7  10  44.3236  -70.1851  219 20 -999.0000 -999.0000 -999
   8  10  44.3237  -70.1726  222 20 -999.0000 -999.0000 -999
   9  10  44.3239  -70.1601  224 20 -999.0000 -999.0000 -999
  10  10  44.3240  -70.1475  225 20 -999.0000 -999.0000 -999
  11  10  44.3241  -70.1350  228 20 -999.0000 -999.0000 -999
  12  10  44.3242  -70.1224  232 20 -999.0000 -999.0000 -999
  13  10  44.3244  -70.1099  237 20 -999.0000 -999.0000 -999
  14  10  44.3245  -70.0974  242 20 -999.0000 -999.0000 -999
   1  11  44.3318  -70.2606  180 20 -999.0000 -999.0000 -999
   2  11  44.3319  -70.2480  185 20 -999.0000 -999.0000 -999
   3  11  44.3321  -70.2355  190 20 -999.0000 -999.0000 -999
   4  11  44.3322  -70.2229  197 20 -999.0000 -999.0000 -999
   5  11  44.3324  -70.2104  203 20 -999.0000 -999.0000 -999
   6  11  44.3325  -70.1979  210 20 -999.0000 -999.0000 -999
   7  11  44.3326  -70.1853  216 20 -999.0000 -999.0000 -999
   8  11  44.3327  -70.1728  220 20 -999.0000 -999.0000 -999
   9  11  44.3329  -70.1602  223 20 -999.0000 -999.0000 -999
  10  11  44.3330  -70.1477  227 20 -999.0000 -999.0000 -999
  11  11  44.3331  -70.1352  230 20 -999.0000 -999.0000 -999
  12  11  44.3332  -70.1226  235 20 -999.0000 -999.0000 -999
  13  11  44.3334  -70.1101  240 20 -999.0000 -999.0000 -999
  14  11  44.3335  -70.0975  245 20 -999.0000 -999.0000 -999
   1  12  44.3408  -70.2608  183 20 -999.0000 -999.0000 -999
   2  12  44.3409  -70.2482  188 20 -999.0000 -999.0000 -999
   3  12  44.3411  -70.2357  193 20 -999.0000 -999.0000 -999
   4  12  44.3412  -70.2231  198 20 -999.0000 -999.0000 -999
   5  12  44.3414  -70.2106  204 20 -999.0000 -999.0000 -999
   6  12  44.3415  -70.1980  210 20 -999.0000 -999.0000 -999
   7  12  44.3416  -70.1855  215 20 -999.0000 -999.0000 -999
   8  12  44.3417  -70.1730  220 20 -999.0000 -999.0000 -999
   9  12  44.3419  -70.1604  224 20 -999.0000 -999.0000 -999
  10  12  44.3420  -70.1479  228 20 -999.0000 -999.0000 -999
  11  12  44.3421  -70.1353  233 20 -999.0000 -999.0000 -999
  12  12  44.3423  -70.1228  238 20 -999.0000 -999.0000 -999
  13  12  44.3424  -70.1103  243 20 -999.0000 -999.0000 -999
  14  12  44.3425  -70.0977  248 20 -999.0000 -999.0000 -999
   1  13  44.3498  -70.2610  186 20 -999.0000 -999.0000 -999
   2  13  44.3499  -70.2484  191 20 -999.0000 -999.0000 -999
   3  13  44.3501  -70.2359  196 20 -999.0000 -999.0000 -999
   4  13  44.3502  -70.2233  201 20 -999.0000 -999.0000 -999
   5  13  44.3504  -70.2108  206 20 -999.0000 -999.0000 -999
   6  13  44.3505  -70.1982  211 20 -999.0000 -999.0000 -999
   7  13  44.3506  -70.1857  216 20 -999.0000 -999.0000 -999
   8  13  44.3507  -70.1731  221 20 -999.0000 -999.0000 -999
   9  13  44.3509  -70.1606  226 20 -999.0000 -999.0000 -999
  10  13  44.3510  -70.1481  231 20 -999.0000 -999.0000 -999
  11  13  44.3511  -70.1355  236 20 -999.0000 -999.0000 -999
  12  13  44.3513  -70.1230  241 20 -999.0000 -999.0000 -999
  13  13  44.3514  -70.1104  246 20 -999.0000 -999.0000 -999
  14  13  44.3515  -70.0979  251 20 -999.0000 -999.0000 -999
   1  14  44.3588  -70.2611  189 20 -999.0000 -999.0000 -999
   2  14  44.3590  -70.2486  194 20 -999.0000 -999.0000 -999
   3  14  44.3591  -70.2361  199 20 -999.0000 -999.0000 -999
   4  14  44.3592  -70.2235  204 20 -999.0000 -999.0000 -999
   5  14  44.3594  -70.2110  209 20 -999.0000 -999.0000 -999
   6  14  44.3595  -70.1984  214 20 -999.0000 -999.0000 -999
   7  14  44.3596  -70.1859  219 20 -999.0000 -999.0000 -999
   8  14  44.3597  -70.1733  224 20 -999.0000 -999.0000 -999
   9  14  44.3599  -70.1608  229 20 -999.0000 -999.0000 -999
  10  14  44.3600  -70.1482  234 20 -999.0000 -999.0000 -999
  11  14  44.3601  -70.1357  239 20 -999.0000 -999.0000 -999
  12  14  44.3603  -70.1231  244 20 -999.0000 -999.0000 -999
  13  14  44.3604  -70.1106  249 20 -999.0000 -999.0000 -999
  14  14  44.3605  -70.0980  254 20 -999.0000 -999.0000 -999
2020061500001001  995.4 0.00 0   600.0   300.0   291.0    8.00   220.0     3.5   292.0
1008   195 290.7 220  4.1  0.01 69 5.97
 993   330 289.8 220  4.3  0.01 69 5.88
 962   600 288.0 220  4.8  0.01 69 5.70
 912  1049 285.0 221  5.5  0.01 68 5.40
 861  1500 282.0 221  6.2  0.01 67 5.10
 810  1949 279.0 222  7.0  0.01 66 4.80
 709  2850 273.0 223  8.5  0.01 64 4.20
 608  3750 267.0 224 10.0  0.01 62 3.60
 506  4650 261.0 225 11.5  0.01 60 3.00
 405  5550 255.0 226 13.0  0.01 58 2.40
2020061500002001  994.8 0.00 0   600.0   300.0   291.0    8.00   220.0     3.5   292.0
1008   200 290.7 220  4.1  0.01 69 5.97
 993   335 289.8 220  4.3  0.01 69 5.88
 962   605 288.0 220  4.8  0.01 69 5.70
 912  1054 285.0 221  5.5  0.01 68 5.40
 861  1505 282.0 221  6.2  0.01 67 5.10
 810  1954 279.0 222  7.0  0.01 66 4.80
 709  2855 273.0 223  8.5  0.01 64 4.20
 608  3755 267.0 224 10.0  0.01 62 3.60
 506  4655 261.0 225 11.5  0.01 60 3.00
 405  5555 255.0 226 13.0  0.01 58 2.40
2020061500003001  994.2 0.00 0   600.0   300.0   291.0    8.00   220.0     3.5   292.0
1008   205 290.7 220  4.1  0.01 69 5.97
 993   340 289.8 220  4.3  0.01 69 5.88
 962   610 288.0 220  4.8  0.01 69 5.70
 912  1059 285.0 221  5.5  0.01 68 5.40
 861  1510 282.0 221  6.2  0.01 67 5.10
 810  1959 279.0 222  7.0  0.01 66 4.80
 709  2860 273.0 223  8.5  0.01 64 4.20
 608  3760 267.0 224 10.0  0.01 62 3.60
 506  4660 261.0 225 11.5  0.01 60 3.00
 405  5560 255.0 226 13.0  0.01 58 2.40
2020061500004001  993.6 0.00 0   600.0   300.0   291.0    8.00   220.0     3.5   292.0
1008   210 290.7 220  4.1  0.01 69 5.97
 993   345 289.8 220  4.3  0.01 69 5.88
 962   615 288.0 220  4.8  0.01 69 5.70
 912  1064 285.0 221  5.5  0.01 68 5.40
 861  1515 282.0 221  6.2  0.01 67 5.10
 810  1964 279.0 222  7.0  0.01 66 4.80
 709  2865 273.0 223  8.5  0.01 64 4.20
 608  3765 267.0 224 10.0  0.01 62 3.60
 506  4665 261.0 225 11.5  0.01 60 3.00
 405  5565 255.0 226 13.0  0.01 58 2.40
2020061500005001  993.0 0.00 0   600.0   300.0   291.0    8.00   220.0     3.5   292.0
1008   215 290.7 220  4.1  0.01 69 5.97
 993   350 289.8 220  4.3  0.01 69 5.88
 962   620 288.0 220  4.8  0.01 69 5.70
 912  1069 285.0 221  5.5  0.01 68 5.40
 861  1520 282.0 221  6.2  0.01 67 5.10
 810  1969 279.0 222  7.0  0.01 66 4.80
 709  2870 273.0 223  8.5  0.01 64 4.20
 608  3770 267.0 224 10.0  0.01 62 3.60
 506  4670 261.0 225 11.5  0.01 60 3.00
 405  5570 255.0 226 13.0  0.01 58 2.40
2020061500006001  992.4 0.00 0   600.0   300.0   291.1    8.00   220.0     3.5   292.1
1008   220 290.7 220  4.1  0.01 69 5.97
 993   355 289.8 220  4.3  0.01 69 5.88
 962   625 288.0 220  4.8  0.01 69 5.70
 912  1074 285.0 221  5.5  0.01 68 5.40
 861  1525 282.0 221  6.2  0.01 67 5.10
 810  1974 279.0 222  7.0  0.01 66 4.80
 709  2875 273.0 223  8.5  0.01 64 4.20
 608  3775 267.0 224 10.0  0.01 62 3.60
 506  4675 261.0 225 11.5  0.01 60 3.00
 405  5575 255.0 226 13.0  0.01 58 2.40
2020061500007001  991.8 0.00 0   600.0   300.0   291.1    8.00   220.0     3.5   292.1
1008   225 290.7 220  4.1  0.01 69 5.97
 993   360 289.8 220  4.3  0.01 69 5.88
 962   630 288.0 220  4.8  0.01 69 5.70
 912  1079 285.0 221  5.5  0.01 68 5.40
 861  1530 282.0 221  6.2  0.01 67 5.10
 810  1979 279.0 222  7.0  0.01 66 4.80
 709  2880 273.0 223  8.5  0.01 64 4.20
 608  3780 267.0 224 10.0  0.01 62 3.60
 506  4680 261.0 225 11.5  0.01 60 3.00
 405  5580 255.0 226 13.0  0.01 58 2.40
2020061500008001  991.2 0.00 0   600.0   300.0   291.1    8.00   220.0     3.5   292.1
1008   230 290.7 220  4.1  0.01 69 5.97
 993   365 289.8 220  4.3  0.01 69 5.88
 962   635 288.0 220  4.8  0.01 69 5.70
 912  1084 285.0 221  5.5  0.01 68 5.40
 861  1535 282.0 221  6.2  0.01 67 5.10
 810  1984 279.0 222  7.0  0.01 66 4.80
 709  2885 273.0 223  8.5  0.01 64 4.20
 608  3785 267.0 224 10.0  0.01 62 3.60
 506  4685 261.0 225 11.5  0.01 60 3.00
 405  5585 255.0 226 13.0  0.01 58 2.40
2020061500009001  990.6 0.00 0   600.0   300.0   291.1    8.00   220.0     3.5   292.1
1008   235 290.7 220  4.1  0.01 69 5.97
 993   370 289.8 220  4.3  0.01 69 5.88
 962   640 288.0 220  4.8  0.01 69 5.70
 912  1089 285.0 221  5.5  0.01 68 5.40
 861  1540 282.0 221  6.2  0.01 67 5.10
 810  1989 279.0 222  7.0  0.01 66 4.80
 709  2890 273.0 223  8.5  0.01 64 4.20
 608  3790 267.0 224 10.0  0.01 62 3.60
 506  4690 261.0 225 11.5  0.01 60 3.00
 405  5590 255.0 226 13.0  0.01 58 2.40
2020061500010001  990.1 0.00 0   600.0   300.0   291.1    8.00   220.0     3.5   292.1
1008   240 290.7 220  4.1  0.01 69 5.97
 993   375 289.8 220  4.3  0.01 69 5.88
 962   645 288.0 220  4.8  0.01 69 5.70
 912  1094 285.0 221  5.5  0.01 68 5.40
 861  1545 282.0 221  6.2  0.01 67 5.10
 810  1994 279.0 222  7.0  0.01 66 4.80
 709  2895 273.0 223  8.5  0.01 64 4.20
 608  3795 267.0 224 10.0  0.01 62 3.60
 506  4695 261.0 225 11.5  0.01 60 3.00
 405  5595 255.0 226 13.0  0.01 58 2.40
2020061500011001  989.5 0.00 0   600.0   300.0   291.1    8.00   220.0     3.5   292.1
1008   245 290.7 220  4.1  0.01 69 5.97
 993   380 289.8 220  4.3  0.01 69 5.88
 962   650 288.0 220  4.8  0.01 69 5.70
 912  1099 285.0 221  5.5  0.01 68 5.40
 861  1550 282.0 221  6.2  0.01 67 5.10
 810  1999 279.0 222  7.0  0.01 66 4.80
 709  2900 273.0 223  8.5  0.01 64 4.20
 608  3800 267.0 224 10.0  0.01 62 3.60
 506  4700 261.0 225 11.5  0.01 60 3.00
 405  5600 255.0 226 13.0  0.01 58 2.40
2020061500012001  988.9 0.00 0   600.0   300.0   291.1    8.00   220.0     3.5   292.1
1008   250 290.7 220  4.1  0.01 69 5.97
 993   385 289.8 220  4.3  0.01 69 5.88
 962   655 288.0 220  4.8  0.01 69 5.70
 912  1104 285.0 221  5.5  0.01 68 5.40
 861  1555 282.0 221  6.2  0.01 67 5.10
 810  2004 279.0 222  7.0  0.01 66 4.80
 709  2905 273.0 223  8.5  0.01 64 4.20
 608  3805 267.0 224 10.0  0.01 62 3.60
 506  4705 261.0 225 11.5  0.01 60 3.00
 405  5605 255.0 226 13.0  0.01 58 2.40
2020061500013001  988.3 0.00 0   600.0   300.0   291.1    8.00   220.0     3.5   292.1
1008   255 290.7 220  4.1  0.01 69 5.97
 993   390 289.8 220  4.3  0.01 69 5.88
 962   660 288.0 220  4.8  0.01 69 5.70
 912  1109 285.0 221  5.5  0.01 68 5.40
 861  1560 282.0 221  6.2  0.01 67 5.10
 810  2009 279.0 222  7.0  0.01 66 4.80
 709  2910 273.0 223  8.5  0.01 64 4.20
 608  3810 267.0 224 10.0  0.01 62 3.60
 506  4710 261.0 225 11.5  0.01 60 3.00
 405  5610 255.0 226 13.0  0.01 58 2.40
2020061500014001  987.7 0.00 0   600.0   300.0   291.1    8.00   220.0     3.5   292.1
1008   260 290.7 220  4.1  0.01 69 5.97
 993   395 289.8 220  4.3  0.01 69 5.88
 962   665 288.0 220  4.8  0.01 69 5.70
 912  1114 285.0 221  5.5  0.01 68 5.40
 861  1565 282.0 221  6.2  0.01 67 5.10
 810  2014 279.0 222  7.0  0.01 66 4.80
 709  2915 273.0 223  8.5  0.01 64 4.20
 608  3815 267.0 224 10.0  0.01 62 3.60
 506  4715 261.0 225 11.5  0.01 60 3.00
 405  5615 255.0 226 13.0  0.01 58 2.40
2020061500001002  995.0 0.00 0   600.0   300.0   291.0    8.00   220.0     3.5   292.0
1008   198 290.7 220  4.1  0.01 69 5.97
 993   333 289.8 220  4.3  0.01 69 5.88
 962   603 288.0 220  4.8  0.01 69 5.70
 912  1052 285.0 221  5.5  0.01 68 5.40
 861  1503 282.0 221  6.2  0.01 67 5.10
 810  1952 279.0 222  7.0  0.01 66 4.80
 709  2853 273.0 223  8.5  0.01 64 4.20
 608  3753 267.0 224 10.0  0.01 62 3.60
 506  4653 261.0 225 11.5  0.01 60 3.00
 405  5553 255.0 226 13.0  0.01 58 2.40
2020061500002002  994.4 0.00 0   600.0   300.0   291.0    8.00   220.0     3.5   292.0
1008   203 290.7 220  4.1  0.01 69 5.97
 993   338 289.8 220  4.3  0.01 69 5.88
 962   608 288.0 220  4.8  0.01 69 5.70
 912  1057 285.0 221  5.5  0.01 68 5.40
 861  1508 282.0 221  6.2  0.01 67 5.10
 810  1957 279.0 222  7.0  0.01 66 4.80
 709  2858 273.0 223  8.5  0.01 64 4.20
 608  3758 267.0 224 10.0  0.01 62 3.60
 506  4658 261.0 225 11.5  0.01 60 3.00
 405  5558 255.0 226 13.0  0.01 58 2.40
2020061500003002  993.8 0.00 0   600.0   300.0   291.0    8.00   220.0     3.5   292.0
1008   208 290.7 220  4.1  0.01 69 5.97
 993   343 289.8 220  4.3  0.01 69 5.88
 962   613 288.0 220  4.8  0.01 69 5.70
 912  1062 285.0 221  5.5  0.01 68 5.40
 861  1513 282.0 221  6.2  0.01 67 5.10
 810  1962 279.0 222  7.0  0.01 66 4.80
 709  2863 273.0 223  8.5  0.01 64 4.20
 608  3763 267.0 224 10.0  0.01 62 3.60
 506  4663 261.0 225 11.5  0.01 60 3.00
 405  5563 255.0 226 13.0  0.01 58 2.40
2020061500004002  993.2 0.00 0   600.0   300.0   291.0    8.00   220.0     3.5   292.0
1008   213 290.7 220  4.1  0.01 69 5.97
 993   348 289.8 220  4.3  0.01 69 5.88
 962   618 288.0 220  4.8  0.01 69 5.70
 912  1067 285.0 221  5.5  0.01 68 5.40
 861  1518 282.0 221  6.2  0.01 67 5.10
 810  1967 279.0 222  7.0  0.01 66 4.80
 709  2868 273.0 223  8.5  0.01 64 4.20
 608  3768 267.0 224 10.0  0.01 62 3.60
 506  4668 261.0 225 11.5  0.01 60 3.00
 405  5568 255.0 226 13.0  0.01 58 2.40
2020061500005002  992.6 0.00 0   600.0   300.0   291.1    8.00   220.0     3.5   292.1
1008   218 290.7 220  4.1  0.01 69 5.97
 993   353 289.8 220  4.3  0.01 69 5.88
 962   623 288.0 220  4.8  0.01 69 5.70
 912  1072 285.0 221  5.5  0.01 68 5.40
 861  1523 282.0 221  6.2  0.01 67 5.10
 810  1972 279.0 222  7.0  0.01 66 4.80
 709  2873 273.0 223  8.5  0.01 64 4.20
 608  3773 267.0 224 10.0  0.01 62 3.60
 506  4673 261.0 225 11.5  0.01 60 3.00
 405  5573 255.0 226 13.0  0.01 58 2.40
2020061500006002  992.1 0.00 0   600.0   300.0   291.1    8.00   220.0     3.5   292.1
1008   223 290.7 220  4.1  0.01 69 5.97
 993   358 289.8 220  4.3  0.01 69 5.88
 962   628 288.0 220  4.8  0.01 69 5.70
 912  1077 285.0 221  5.5  0.01 68 5.40
 861  1528 282.0 221  6.2  0.01 67 5.10
 810  1977 279.0 222  7.0  0.01 66 4.80
 709  2878 273.0 223  8.5  0.01 64 4.20
 608  3778 267.0 224 10.0  0.01 62 3.60
 506  4678 261.0 225 11.5  0.01 60 3.00
 405  5578 255.0 226 13.0  0.01 58 2.40
2020061500007002  991.5 0.00 0   600.0   300.0   291.1    8.00   220.0     3.5   292.1
1008   228 290.7 220  4.1  0.01 69 5.97
 993   363 289.8 220  4.3  0.01 69 5.88
 962   633 288.0 220  4.8  0.01 69 5.70
 912  1082 285.0 221  5.5  0.01 68 5.40
 861  1533 282.0 221  6.2  0.01 67 5.10
 810  1982 279.0 222  7.0  0.01 66 4.80
 709  2883 273.0 223  8.5  0.01 64 4.20
 608  3783 267.0 224 10.0  0.01 62 3.60
 506  4683 261.0 225 11.5  0.01 60 3.00
 405  5583 255.0 226 13.0  0.01 58 2.40
2020061500008002  990.9 0.00 0   600.0   300.0   291.1    8.00   220.0     3.5   292.1
1008   233 290.7 220  4.1  0.01 69 5.97
 993   368 289.8 220  4.3  0.01 69 5.88
 962   638 288.0 220  4.8  0.01 69 5.70
 912  1087 285.0 221  5.5  0.01 68 5.40
 861  1538 282.0 221  6.2  0.01 67 5.10
 810  1987 279.0 222  7.0  0.01 66 4.80
 709  2888 273.0 223  8.5  0.01 64 4.20
 608  3788 267.0 224 10.0  0.01 62 3.60
 506  4688 261.0 225 11.5  0.01 60 3.00
 405  5588 255.0 226 13.0  0.01 58 2.40
2020061500009002  990.3 0.00 0   600.0   300.0   291.1    8.00   220.0     3.5   292.1
1008   238 290.7 220  4.1  0.01 69 5.97
 993   373 289.8 220  4.3  0.01 69 5.88
 962   643 288.0 220  4.8  0.01 69 5.70
 912  1092 285.0 221  5.5  0.01 68 5.40
 861  1543 282.0 221  6.2  0.01 67 5.10
 810  1992 279.0 222  7.0  0.01 66 4.80
 709  2893 273.0 223  8.5  0.01 64 4.20
 608  3793 267.0 224 10.0  0.01 62 3.60
 506  4693 261.0 225 11.5  0.01 60 3.00
 405  5593 255.0 226 13.0  0.01 58 2.40
2020061500010002  989.7 0.00 0   600.0   300.0   291.1    8.00   220.0     3.5   292.1
1008   243 290.7 220  4.1  0.01 69 5.97
 993   378 289.8 220  4.3  0.01 69 5.88
 962   648 288.0 220  4.8  0.01 69 5.70
 912  1097 285.0 221  5.5  0.01 68 5.40
 861  1548 282.0 221  6.2  0.01 67 5.10
 810  1997 279.0 222  7.0  0.01 66 4.80
 709  2898 273.0 223  8.5  0.01 64 4.20
 608  3798 267.0 224 10.0  0.01 62 3.60
 506  4698 261.0 225 11.5  0.01 60 3.00
 405  5598 255.0 226 13.0  0.01 58 2.40
2020061500011002  989.1 0.00 0   600.0   300.0   291.1    8.00   220.0     3.5   292.1
1008   248 290.7 220  4.1  0.01 69 5.97
 993   383 289.8 220  4.3  0.01 69 5.88
 962   653 288.0 220  4.8  0.01 69 5.70
 912  1102 285.0 221  5.5  0.01 68 5.40
 861  1553 282.0 221  6.2  0.01 67 5.10
 810  2002 279.0 222  7.0  0.01 66 4.80
 709  2903 273.0 223  8.5  0.01 64 4.20
 608  3803 267.0 224 10.0  0.01 62 3.60
 506  4703 261.0 225 11.5  0.01 60 3.00
 405  5603 255.0 226 13.0  0.01 58 2.40
2020061500012002  988.5 0.00 0   600.0   300.0   291.1    8.00   220.0     3.5   292.1
1008   253 290.7 220  4.1  0.01 69 5.97
 993   388 289.8 220  4.3  0.01 69 5.88
 962   658 288.0 220  4.8  0.01 69 5.70
 912  1107 285.0 221  5.5  0.01 68 5.40
 861  1558 282.0 221  6.2  0.01 67 5.10
 810  2007 279.0 222  7.0  0.01 66 4.80
 709  2908 273.0 223  8.5  0.01 64 4.20
 608  3808 267.0 224 10.0  0.01 62 3.60
 506  4708 261.0 225 11.5  0.01 60 3.00
 405  5608 255.0 226 13.0  0.01 58 2.40
2020061500013002  987.9 0.00 0   600.0   300.0   291.1    8.00   220.0     3.5   292.1
1008   258 290.7 220  4.1  0.01 69 5.97
 993   393 289.8 220  4.3  0.01 69 5.88
 962   663 288.0 220  4.8  0.01 69 5.70
 912  1112 285.0 221  5.5  0.01 68 5.40
 861  1563 282.0 221  6.2  0.01 67 5.10
 810  2012 279.0 222  7.0  0.01 66 4.80
 709  2913 273.0 223  8.5  0.01 64 4.20
 608  3813 267.0 224 10.0  0.01 62 3.60
 506  4713 261.0 225 11.5  0.01 60 3.00
 405  5613 255.0 226 13.0  0.01 58 2.40
2020061500014002  987.4 0.00 0   600.0   300.0   291.1    8.00   220.0     3.5   292.1
1008   263 290.7 220  4.1  0.01 69 5.97
 993   398 289.8 220  4.3  0.01 69 5.88
 962   668 288.0 220  4.8  0.01 69 5.70
 912  1117 285.0 221  5.5  0.01 68 5.40
 861  1568 282.0 221  6.2  0.01 67 5.10
 810  2017 279.0 222  7.0  0.01 66 4.80
 709  2918 273.0 223  8.5  0.01 64 4.20
 608  3818 267.0 224 10.0  0.01 62 3.60
 506  4718 261.0 225 11.5  0.01 60 3.00
 405  5618 255.0 226 13.0  0.01 58 2.40
2020061500001003  994.6 0.00 0   600.0   300.0   291.0    8.00   220.0     3.5   292.0
1008   201 290.7 220  4.1  0.01 69 5.97
 993   336 289.8 220  4.3  0.01 69 5.88
 962   606 288.0 220  4.8  0.01 69 5.70
 912  1055 285.0 221  5.5  0.01 68 5.40
 861  1506 282.0 221  6.2  0.01 67 5.10
 810  1955 279.0 222  7.0  0.01 66 4.80
 709  2856 273.0 223  8.5  0.01 64 4.20
 608  3756 267.0 224 10.0  0.01 62 3.60
 506  4656 261.0 225 11.5  0.01 60 3.00
 405  5556 255.0 226 13.0  0.01 58 2.40
2020061500002003  994.1 0.00 0   600.0   300.0   291.0    8.00   220.0     3.5   292.0
1008   206 290.7 220  4.1  0.01 69 5.97
 993   341 289.8 220  4.3  0.01 69 5.88
 962   611 288.0 220  4.8  0.01 69 5.70
 912  1060 285.0 221  5.5  0.01 68 5.40
 861  1511 282.0 221  6.2  0.01 67 5.10
 810  1960 279.0 222  7.0  0.01 66 4.80
 709  2861 273.0 223  8.5  0.01 64 4.20
 608  3761 267.0 224 10.0  0.01 62 3.60
 506  4661 261.0 225 11.5  0.01 60 3.00
 405  5561 255.0 226 13.0  0.01 58 2.40
2020061500003003  993.5 0.00 0   600.0   300.0   291.0    8.00   220.0     3.5   292.0
1008   211 290.7 220  4.1  0.01 69 5.97
 993   346 289.8 220  4.3  0.01 69 5.88
 962   616 288.0 220  4.8  0.01 69 5.70
 912  1065 285.0 221  5.5  0.01 68 5.40
 861  1516 282.0 221  6.2  0.01 67 5.10
 810  1965 279.0 222  7.0  0.01 66 4.80
 709  2866 273.0 223  8.5  0.01 64 4.20
 608  3766 267.0 224 10.0  0.01 62 3.60
 506  4666 261.0 225 11.5  0.01 60 3.00
 405  5566 255.0 226 13.0  0.01 58 2.40
2020061500004003  992.9 0.00 0   600.0   300.0   291.1    8.00   220.0     3.5   292.1
1008   216 290.7 220  4.1  0.01 69 5.97
 993   351 289.8 220  4.3  0.01 69 5.88
 962   621 288.0 220  4.8  0.01 69 5.70
 912  1070 285.0 221  5.5  0.01 68 5.40
 861  1521 282.0 221  6.2  0.01 67 5.10
 810  1970 279.0 222  7.0  0.01 66 4.80
 709  2871 273.0 223  8.5  0.01 64 4.20
 608  3771 267.0 224 10.0  0.01 62 3.60
 506  4671 261.0 225 11.5  0.01 60 3.00
 405  5571 255.0 226 13.0  0.01 58 2.40
2020061500005003  992.3 0.00 0   600.0   300.0   291.1    8.00   220.0     3.5   292.1
1008   221 290.7 220  4.1  0.01 69 5.97
 993   356 289.8 220  4.3  0.01 69 5.88
 962   626 288.0 220  4.8  0.01 69 5.70
 912  1075 285.0 221  5.5  0.01 68 5.40
 861  1526 282.0 221  6.2  0.01 67 5.10
 810  1975 279.0 222  7.0  0.01 66 4.80
 709  2876 273.0 223  8.5  0.01 64 4.20
 608  3776 267.0 224 10.0  0.01 62 3.60
 506  4676 261.0 225 11.5  0.01 60 3.00
 405  5576 255.0 226 13.0  0.01 58 2.40
2020061500006003  991.7 0.00 0   600.0   300.0   291.1    8.00   220.0     3.5   292.1
1008   226 290.7 220  4.1  0.01 69 5.97
 993   361 289.8 220  4.3  0.01 69 5.88
 962   631 288.0 220  4.8  0.01 69 5.70
 912  1080 285.0 221  5.5  0.01 68 5.40
 861  1531 282.0 221  6.2  0.01 67 5.10
 810  1980 279.0 222  7.0  0.01 66 4.80
 709  2881 273.0 223  8.5  0.01 64 4.20
 608  3781 267.0 224 10.0  0.01 62 3.60
 506  4681 261.0 225 11.5  0.01 60 3.00
 405  5581 255.0 226 13.0  0.01 58 2.40
2020061500007003  991.1 0.00 0   600.0   300.0   291.1    8.00   220.0     3.5   292.1
1008   231 290.7 220  4.1  0.01 69 5.97
 993   366 289.8 220  4.3  0.01 69 5.88
 962   636 288.0 220  4.8  0.01 69 5.70
 912  1085 285.0 221  5.5  0.01 68 5.40
 861  1536 282.0 221  6.2  0.01 67 5.10
 810  1985 279.0 222  7.0  0.01 66 4.80
 709  2886 273.0 223  8.5  0.01 64 4.20
 608  3786 267.0 224 10.0  0.01 62 3.60
 506  4686 261.0 225 11.5  0.01 60 3.00
 405  5586 255.0 226 13.0  0.01 58 2.40
2020061500008003  990.5 0.00 0   600.0   300.0   291.1    8.00   220.0     3.5   292.1
1008   236 290.7 220  4.1  0.01 69 5.97
 993   371 289.8 220  4.3  0.01 69 5.88
 962   641 288.0 220  4.8  0.01 69 5.70
 912  1090 285.0 221  5.5  0.01 68 5.40
 861  1541 282.0 221  6.2  0.01 67 5.10
 810  1990 279.0 222  7.0  0.01 66 4.80
 709  2891 273.0 223  8.5  0.01 64 4.20
 608  3791 267.0 224 10.0  0.01 62 3.60
 506  4691 261.0 225 11.5  0.01 60 3.00
 405  5591 255.0 226 13.0  0.01 58 2.40
2020061500009003  989.9 0.00 0   600.0   300.0   291.1    8.00   220.0     3.5   292.1
1008   241 290.7 220  4.1  0.01 69 5.97
 993   376 289.8 220  4.3  0.01 69 5.88
 962   646 288.0 220  4.8  0.01 69 5.70
 912  1095 285.0 221  5.5  0.01 68 5.40
 861  1546 282.0 221  6.2  0.01 67 5.10
 810  1995 279.0 222  7.0  0.01 66 4.80
 709  2896 273.0 223  8.5  0.01 64 4.20
 608  3796 267.0 224 10.0  0.01 62 3.60
 506  4696 261.0 225 11.5  0.01 60 3.00
 405  5596 255.0 226 13.0  0.01 58 2.40
2020061500010003  989.4 0.00 0   600.0   300.0   291.1    8.00   220.0     3.5   292.1
1008   246 290.7 220  4.1  0.01 69 5.97
 993   381 289.8 220  4.3  0.01 69 5.88
 962   651 288.0 220  4.8  0.01 69 5.70
 912  1100 285.0 221  5.5  0.01 68 5.40
 861  1551 282.0 221  6.2  0.01 67 5.10
 810  2000 279.0 222  7.0  0.01 66 4.80
 709  2901 273.0 223  8.5  0.01 64 4.20
 608  3801 267.0 224 10.0  0.01 62 3.60
 506  4701 261.0 225 11.5  0.01 60 3.00
 405  5601 255.0 226 13.0  0.01 58 2.40
2020061500011003  988.8 0.00 0   600.0   300.0   291.1    8.00   220.0     3.5   292.1
1008   251 290.7 220  4.1  0.01 69 5.97
 993   386 289.8 220  4.3  0.01 69 5.88
 962   656 288.0 220  4.8  0.01 69 5.70
 912  1105 285.0 221  5.5  0.01 68 5.40
 861  1556 282.0 221  6.2  0.01 67 5.10
 810  2005 279.0 222  7.0  0.01 66 4.80
 709  2906 273.0 223  8.5  0.01 64 4.20
 608  3806 267.0 224 10.0  0.01 62 3.60
 506  4706 261.0 225 11.5  0.01 60 3.00
 405  5606 255.0 226 13.0  0.01 58 2.40
2020061500012003  988.2 0.00 0   600.0   300.0   291.1    8.00   220.0     3.5   292.1
1008   256 290.7 220  4.1  0.01 69 5.97
 993   391 289.8 220  4.3  0.01 69 5.88
 962   661 288.0 220  4.8  0.01 69 5.70
 912  1110 285.0 221  5.5  0.01 68 5.40
 861  1561 282.0 221  6.2  0.01 67 5.10
 810  2010 279.0 222  7.0  0.01 66 4.80
 709  2911 273.0 223  8.5  0.01 64 4.20
 608  3811 267.0 224 10.0  0.01 62 3.60
 506  4711 261.0 225 11.5  0.01 60 3.00
 405  5611 255.0 226 13.0  0.01 58 2.40
2020061500013003  987.6 0.00 0   600.0   300.0   291.1    8.00   220.0     3.5   292.1
1008   261 290.7 220  4.1  0.01 69 5.97
 993   396 289.8 220  4.3  0.01 69 5.88
 962   666 288.0 220  4.8  0.01 69 5.70
 912  1115 285.0 221  5.5  0.01 68 5.40
 861  1566 282.0 221  6.2  0.01 67 5.10
 810  2015 279.0 222  7.0  0.01 66 4.80
 709  2916 273.0 223  8.5  0.01 64 4.20
 608  3816 267.0 224 10.0  0.01 62 3.60
 506  4716 261.0 225 11.5  0.01 60 3.00
 405  5616 255.0 226 13.0  0.01 58 2.40
2020061500014003  987.0 0.00 0   600.0   300.0   291.1    8.00   220.0     3.5   292.1
1008   266 290.7 220  4.1  0.01 69 5.97
 993   401 289.8 220  4.3  0.01 69 5.88
 962   671 288.0 220  4.8  0.01 69 5.70
 912  1120 285.0 221  5.5  0.01 68 5.40
 861  1571 282.0 221  6.2  0.01 67 5.10
 810  2020 279.0 222  7.0  0.01 66 4.80
 709  2921 273.0 223  8.5  0.01 64 4.20
 608  3821 267.0 224 10.0  0.01 62 3.60
 506  4721 261.0 225 11.5  0.01 60 3.00
 405  5621 255.0 226 13.0  0.01 58 2.40
2020061500001004  994.3 0.00 0   600.0   300.0   291.0    8.00   220.0     3.5   292.0
1008   204 290.7 220  4.1  0.01 69 5.97
 993   339 289.8 220  4.3  0.01 69 5.88
 962   609 288.0 220  4.8  0.01 69 5.70
 912  1058 285.0 221  5.5  0.01 68 5.40
 861  1509 282.0 221  6.2  0.01 67 5.10
 810  1958 279.0 222  7.0  0.01 66 4.80
 709  2859 273.0 223  8.5  0.01 64 4.20
 608  3759 267.0 224 10.0  0.01 62 3.60
 506  4659 261.0 225 11.5  0.01 60 3.00
 405  5559 255.0 226 13.0  0.01 58 2.40
2020061500002004  993.7 0.00 0   600.0   300.0   291.0    8.00   220.0     3.5   292.0
1008   209 290.7 220  4.1  0.01 69 5.97
 993   344 289.8 220  4.3  0.01 69 5.88
 962   614 288.0 220  4.8  0.01 69 5.70
 912  1063 285.0 221  5.5  0.01 68 5.40
 861  1514 282.0 221  6.2  0.01 67 5.10
 810  1963 279.0 222  7.0  0.01 66 4.80
 709  2864 273.0 223  8.5  0.01 64 4.20
 608  3764 267.0 224 10.0  0.01 62 3.60
 506  4664 261.0 225 11.5  0.01 60 3.00
 405  5564 255.0 226 13.0  0.01 58 2.40
2020061500003004  993.1 0.00 0   600.0   300.0   291.1    8.00   220.0     3.5   292.1
1008   214 290.7 220  4.1  0.01 69 5.97
 993   349 289.8 220  4.3  0.01 69 5.88
 962   619 288.0 220  4.8  0.01 69 5.70
 912  1068 285.0 221  5.5  0.01 68 5.40
 861  1519 282.0 221  6.2  0.01 67 5.10
 810  1968 279.0 222  7.0  0.01 66 4.80
 709  2869 273.0 223  8.5  0.01 64 4.20
 608  3769 267.0 224 10.0  0.01 62 3.60
 506  4669 261.0 225 11.5  0.01 60 3.00
 405  5569 255.0 226 13.0  0.01 58 2.40
2020061500004004  992.5 0.00 0   600.0   300.0   291.1    8.00   220.0     3.5   292.1
1008   219 290.7 220  4.1  0.01 69 5.97
 993   354 289.8 220  4.3  0.01 69 5.88
 962   624 288.0 220  4.8  0.01 69 5.70
 912  1073 285.0 221  5.5  0.01 68 5.40
 861  1524 282.0 221  6.2  0.01 67 5.10
 810  1973 279.0 222  7.0  0.01 66 4.80
 709  2874 273.0 223  8.5  0.01 64 4.20
 608  3774 267.0 224 10.0  0.01 62 3.60
 506  4674 261.0 225 11.5  0.01 60 3.00
 405  5574 255.0 226 13.0  0.01 58 2.40
2020061500005004  991.9 0.00 0   600.0   300.0   291.1    8.00   220.0     3.5   292.1
1008   224 290.7 220  4.1  0.01 69 5.97
 993   359 289.8 220  4.3  0.01 69 5.88
 962   629 288.0 220  4.8  0.01 69 5.70
 912  1078 285.0 221  5.5  0.01 68 5.40
 861  1529 282.0 221  6.2  0.01 67 5.10
 810  1978 279.0 222  7.0  0.01 66 4.80
 709  2879 273.0 223  8.5  0.01 64 4.20
 608  3779 267.0 224 10.0  0.01 62 3.60
 506  4679 261.0 225 11.5  0.01 60 3.00
 405  5579 255.0 226 13.0  0.01 58 2.40
2020061500006004  991.4 0.00 0   600.0   300.0   291.1    8.00   220.0     3.5   292.1
1008   229 290.7 220  4.1  0.01 69 5.97
 993   364 289.8 220  4.3  0.01 69 5.88
 962   634 288.0 220  4.8  0.01 69 5.70
 912  1083 285.0 221  5.5  0.01 68 5.40
 861  1534 282.0 221  6.2  0.01 67 5.10
 810  1983 279.0 222  7.0  0.01 66 4.80
 709  2884 273.0 223  8.5  0.01 64 4.20
 608  3784 267.0 224 10.0  0.01 62 3.60
 506  4684 261.0 225 11.5  0.01 60 3.00
 405  5584 255.0 226 13.0  0.01 58 2.40
2020061500007004  990.8 0.00 0   600.0   300.0   291.1    8.00   220.0     3.5   292.1
1008   234 290.7 220  4.1  0.01 69 5.97
 993   369 289.8 220  4.3  0.01 69 5.88
 962   639 288.0 220  4.8  0.01 69 5.70
 912  1088 285.0 221  5.5  0.01 68 5.40
 861  1539 282.0 221  6.2  0.01 67 5.10
 810  1988 279.0 222  7.0  0.01 66 4.80
 709  2889 273.0 223  8.5  0.01 64 4.20
 608  3789 267.0 224 10.0  0.01 62 3.60
 506  4689 261.0 225 11.5  0.01 60 3.00
 405  5589 255.0 226 13.0  0.01 58 2.40
2020061500008004  990.2 0.00 0   600.0   300.0   291.1    8.00   220.0     3.5   292.1
1008   239 290.7 220  4.1  0.01 69 5.97
 993   374 289.8 220  4.3  0.01 69 5.88
 962   644 288.0 220  4.8  0.01 69 5.70
 912  1093 285.0 221  5.5  0.01 68 5.40
 861  1544 282.0 221  6.2  0.01 67 5.10
 810  1993 279.0 222  7.0  0.01 66 4.80
 709  2894 273.0 223  8.5  0.01 64 4.20
 608  3794 267.0 224 10.0  0.01 62 3.60
 506  4694 261.0 225 11.5  0.01 60 3.00
 405  5594 255.0 226 13.0  0.01 58 2.40
2020061500009004  989.6 0.00 0   600.0   300.0   291.1    8.00   220.0     3.5   292.1
1008   244 290.7 220  4.1  0.01 69 5.97
 993   379 289.8 220  4.3  0.01 69 5.88
 962   649 288.0 220  4.8  0.01 69 5.70
 912  1098 285.0 221  5.5  0.01 68 5.40
 861  1549 282.0 221  6.2  0.01 67 5.10
 810  1998 279.0 222  7.0  0.01 66 4.80
 709  2899 273.0 223  8.5  0.01 64 4.20
 608  3799 267.0 224 10.0  0.01 62 3.60
 506  4699 261.0 225 11.5  0.01 60 3.00
 405  5599 255.0 226 13.0  0.01 58 2.40
2020061500010004  989.0 0.00 0   600.0   300.0   291.1    8.00   220.0     3.5   292.1
1008   249 290.7 220  4.1  0.01 69 5.97
 993   384 289.8 220  4.3  0.01 69 5.88
 962   654 288.0 220  4.8  0.01 69 5.70
 912  1103 285.0 221  5.5  0.01 68 5.40
 861  1554 282.0 221  6.2  0.01 67 5.10
 810  2003 279.0 222  7.0  0.01 66 4.80
 709  2904 273.0 223  8.5  0.01 64 4.20
 608  3804 267.0 224 10.0  0.01 62 3.60
 506  4704 261.0 225 11.5  0.01 60 3.00
 405  5604 255.0 226 13.0  0.01 58 2.40
2020061500011004  988.4 0.00 0   600.0   300.0   291.1    8.00   220.0     3.5   292.1
1008   254 290.7 220  4.1  0.01 69 5.97
 993   389 289.8 220  4.3  0.01 69 5.88
 962   659 288.0 220  4.8  0.01 69 5.70
 912  1108 285.0 221  5.5  0.01 68 5.40
 861  1559 282.0 221  6.2  0.01 67 5.10
 810  2008 279.0 222  7.0  0.01 66 4.80
 709  2909 273.0 223  8.5  0.01 64 4.20
 608  3809 267.0 224 10.0  0.01 62 3.60
 506  4709 261.0 225 11.5  0.01 60 3.00
 405  5609 255.0 226 13.0  0.01 58 2.40
2020061500012004  987.8 0.00 0   600.0   300.0   291.1    8.00   220.0     3.5   292.1
1008   259 290.7 220  4.1  0.01 69 5.97
 993   394 289.8 220  4.3  0.01 69 5.88
 962   664 288.0 220  4.8  0.01 69 5.70
 912  1113 285.0 221  5.5  0.01 68 5.40
 861  1564 282.0 221  6.2  0.01 67 5.10
 810  2013 279.0 222  7.0  0.01 66 4.80
 709  2914 273.0 223  8.5  0.01 64 4.20
 608  3814 267.0 224 10.0  0.01 62 3.60
 506  4714 261.0 225 11.5  0.01 60 3.00
 405  5614 255.0 226 13.0  0.01 58 2.40
2020061500013004  987.2 0.00 0   600.0   300.0   291.1    8.00   220.0     3.5   292.1
1008   264 290.7 220  4.1  0.01 69 5.97
 993   399 289.8 220  4.3  0.01 69 5.88
 962   669 288.0 220  4.8  0.01 69 5.70
 912  1118 285.0 221  5.5  0.01 68 5.40
 861  1569 282.0 221  6.2  0.01 67 5.10
 810  2018 279.0 222  7.0  0.01 66 4.80
 709  2919 273.0 223  8.5  0.01 64 4.20
 608  3819 267.0 224 10.0  0.01 62 3.60
 506  4719 261.0 225 11.5  0.01 60 3.00
 405  5619 255.0 226 13.0  0.01 58 2.40
2020061500014004  986.6 0.00 0   600.0   300.0   291.2    8.00   220.0     3.5   292.2
1008   269 290.7 220  4.1  0.01 69 5.97
 993   404 289.8 220  4.3  0.01 69 5.88
 962   674 288.0 220  4.8  0.01 69 5.70
 912  1123 285.0 221  5.5  0.01 68 5.40
 861  1574 282.0 221  6.2  0.01 67 5.10
 810  2023 279.0 222  7.0  0.01 66 4.80
 709  2924 273.0 223  8.5  0.01 64 4.20
 608  3824 267.0 224 10.0  0.01 62 3.60
 506  4724 261.0 225 11.5  0.01 60 3.00
 405  5624 255.0 226 13.0  0.01 58 2.40
2020061500001005  993.9 0.00 0   600.0   300.0   291.0    8.00   220.0     3.5   292.0
1008   207 290.7 220  4.1  0.01 69 5.97
 993   342 289.8 220  4.3  0.01 69 5.88
 962   612 288.0 220  4.8  0.01 69 5.70
 912  1061 285.0 221  5.5  0.01 68 5.40
 861  1512 282.0 221  6.2  0.01 67 5.10
 810  1961 279.0 222  7.0  0.01 66 4.80
 709  2862 273.0 223  8.5  0.01 64 4.20
 608  3762 267.0 224 10.0  0.01 62 3.60
 506  4662 261.0 225 11.5  0.01 60 3.00
 405  5562 255.0 226 13.0  0.01 58 2.40
2020061500002005  993.4 0.00 0   600.0   300.0   291.1    8.00   220.0     3.5   292.1
1008   212 290.7 220  4.1  0.01 69 5.97
 993   347 289.8 220  4.3  0.01 69 5.88
 962   617 288.0 220  4.8  0.01 69 5.70
 912  1066 285.0 221  5.5  0.01 68 5.40
 861  1517 282.0 221  6.2  0.01 67 5.10
 810  1966 279.0 222  7.0  0.01 66 4.80
 709  2867 273.0 223  8.5  0.01 64 4.20
 608  3767 267.0 224 10.0  0.01 62 3.60
 506  4667 261.0 225 11.5  0.01 60 3.00
 405  5567 255.0 226 13.0  0.01 58 2.40
2020061500003005  992.8 0.00 0   600.0   300.0   291.1    8.00   220.0     3.5   292.1
1008   217 290.7 220  4.1  0.01 69 5.97
 993   352 289.8 220  4.3  0.01 69 5.88
 962   622 288.0 220  4.8  0.01 69 5.70
 912  1071 285.0 221  5.5  0.01 68 5.40
 861  1522 282.0 221  6.2  0.01 67 5.10
 810  1971 279.0 222  7.0  0.01 66 4.80
 709  2872 273.0 223  8.5  0.01 64 4.20
 608  3772 267.0 224 10.0  0.01 62 3.60
 506  4672 261.0 225 11.5  0.01 60 3.00
 405  5572 255.0 226 13.0  0.01 58 2.40
2020061500004005  992.2 0.00 0   600.0   300.0   291.1    8.00   220.0     3.5   292.1
1008   222 290.7 220  4.1  0.01 69 5.97
 993   357 289.8 220  4.3  0.01 69 5.88
 962   627 288.0 220  4.8  0.01 69 5.70
 912  1076 285.0 221  5.5  0.01 68 5.40
 861  1527 282.0 221  6.2  0.01 67 5.10
 810  1976 279.0 222  7.0  0.01 66 4.80
 709  2877 273.0 223  8.5  0.01 64 4.20
 608  3777 267.0 224 10.0  0.01 62 3.60
 506  4677 261.0 225 11.5  0.01 60 3.00
 405  5577 255.0 226 13.0  0.01 58 2.40
2020061500005005  991.6 0.00 0   600.0   300.0   291.1    8.00   220.0     3.5   292.1
1008   227 290.7 220  4.1  0.01 69 5.97
 993   362 289.8 220  4.3  0.01 69 5.88
 962   632 288.0 220  4.8  0.01 69 5.70
 912  1081 285.0 221  5.5  0.01 68 5.40
 861  1532 282.0 221  6.2  0.01 67 5.10
 810  1981 279.0 222  7.0  0.01 66 4.80
 709  2882 273.0 223  8.5  0.01 64 4.20
 608  3782 267.0 224 10.0  0.01 62 3.60
 506  4682 261.0 225 11.5  0.01 60 3.00
 405  5582 255.0 226 13.0  0.01 58 2.40
2020061500006005  991.0 0.00 0   600.0   300.0   291.1    8.00   220.0     3.5   292.1
1008   232 290.7 220  4.1  0.01 69 5.97
 993   367 289.8 220  4.3  0.01 69 5.88
 962   637 288.0 220  4.8  0.01 69 5.70
 912  1086 285.0 221  5.5  0.01 68 5.40
 861  1537 282.0 221  6.2  0.01 67 5.10
 810  1986 279.0 222  7.0  0.01 66 4.80
 709  2887 273.0 223  8.5  0.01 64 4.20
 608  3787 267.0 224 10.0  0.01 62 3.60
 506  4687 261.0 225 11.5  0.01 60 3.00
 405  5587 255.0 226 13.0  0.01 58 2.40
2020061500007005  990.4 0.00 0   600.0   300.0   291.1    8.00   220.0     3.5   292.1
1008   237 290.7 220  4.1  0.01 69 5.97
 993   372 289.8 220  4.3  0.01 69 5.88
 962   642 288.0 220  4.8  0.01 69 5.70
 912  1091 285.0 221  5.5  0.01 68 5.40
 861  1542 282.0 221  6.2  0.01 67 5.10
 810  1991 279.0 222  7.0  0.01 66 4.80
 709  2892 273.0 223  8.5  0.01 64 4.20
 608  3792 267.0 224 10.0  0.01 62 3.60
 506  4692 261.0 225 11.5  0.01 60 3.00
 405  5592 255.0 226 13.0  0.01 58 2.40
2020061500008005  989.8 0.00 0   600.0   300.0   291.1    8.00   220.0     3.5   292.1
1008   242 290.7 220  4.1  0.01 69 5.97
 993   377 289.8 220  4.3  0.01 69 5.88
 962   647 288.0 220  4.8  0.01 69 5.70
 912  1096 285.0 221  5.5  0.01 68 5.40
 861  1547 282.0 221  6.2  0.01 67 5.10
 810  1996 279.0 222  7.0  0.01 66 4.80
 709  2897 273.0 223  8.5  0.01 64 4.20
 608  3797 267.0 224 10.0  0.01 62 3.60
 506  4697 261.0 225 11.5  0.01 60 3.00
 405  5597 255.0 226 13.0  0.01 58 2.40
2020061500009005  989.2 0.00 0   600.0   300.0   291.1    8.00   220.0     3.5   292.1
1008   247 290.7 220  4.1  0.01 69 5.97
 993   382 289.8 220  4.3  0.01 69 5.88
 962   652 288.0 220  4.8  0.01 69 5.70
 912  1101 285.0 221  5.5  0.01 68 5.40
 861  1552 282.0 221  6.2  0.01 67 5.10
 810  2001 279.0 222  7.0  0.01 66 4.80
 709  2902 273.0 223  8.5  0.01 64 4.20
 608  3802 267.0 224 10.0  0.01 62 3.60
 506  4702 261.0 225 11.5  0.01 60 3.00
 405  5602 255.0 226 13.0  0.01 58 2.40
2020061500010005  988.6 0.00 0   600.0   300.0   291.1    8.00   220.0     3.5   292.1
1008   252 290.7 220  4.1  0.01 69 5.97
 993   387 289.8 220  4.3  0.01 69 5.88
 962   657 288.0 220  4.8  0.01 69 5.70
 912  1106 285.0 221  5.5  0.01 68 5.40
 861  1557 282.0 221  6.2  0.01 67 5.10
 810  2006 279.0 222  7.0  0.01 66 4.80
 709  2907 273.0 223  8.5  0.01 64 4.20
 608  3807 267.0 224 10.0  0.01 62 3.60
 506  4707 261.0 225 11.5  0.01 60 3.00
 405  5607 255.0 226 13.0  0.01 58 2.40
2020061500011005  988.1 0.00 0   600.0   300.0   291.1    8.00   220.0     3.5   292.1
1008   257 290.7 220  4.1  0.01 69 5.97
 993   392 289.8 220  4.3  0.01 69 5.88
 962   662 288.0 220  4.8  0.01 69 5.70
 912  1111 285.0 221  5.5  0.01 68 5.40
 861  1562 282.0 221  6.2  0.01 67 5.10
 810  2011 279.0 222  7.0  0.01 66 4.80
 709  2912 273.0 223  8.5  0.01 64 4.20
 608  3812 267.0 224 10.0  0.01 62 3.60
 506  4712 261.0 225 11.5  0.01 60 3.00
 405  5612 255.0 226 13.0  0.01 58 2.40
2020061500012005  987.5 0.00 0   600.0   300.0   291.1    8.00   220.0     3.5   292.1
1008   262 290.7 220  4.1  0.01 69 5.97
 993   397 289.8 220  4.3  0.01 69 5.88
 962   667 288.0 220  4.8  0.01 69 5.70
 912  1116 285.0 221  5.5  0.01 68 5.40
 861  1567 282.0 221  6.2  0.01 67 5.10
 810  2016 279.0 222  7.0  0.01 66 4.80
 709  2917 273.0 223  8.5  0.01 64 4.20
 608  3817 267.0 224 10.0  0.01 62 3.60
 506  4717 261.0 225 11.5  0.01 60 3.00
 405  5617 255.0 226 13.0  0.01 58 2.40
2020061500013005  986.9 0.00 0   600.0   300.0   291.2    8.00   220.0     3.5   292.2
1008   267 290.7 220  4.1  0.01 69 5.97
 993   402 289.8 220  4.3  0.01 69 5.88
 962   672 288.0 220  4.8  0.01 69 5.70
 912  1121 285.0 221  5.5  0.01 68 5.40
 861  1572 282.0 221  6.2  0.01 67 5.10
 810  2021 279.0 222  7.0  0.01 66 4.80
 709  2922 273.0 223  8.5  0.01 64 4.20
 608  3822 267.0 224 10.0  0.01 62 3.60
 506  4722 261.0 225 11.5  0.01 60 3.00
 405  5622 255.0 226 13.0  0.01 58 2.40
2020061500014005  986.3 0.00 0   600.0   300.0   291.2    8.00   220.0     3.5   292.2
1008   272 290.7 220  4.1  0.01 69 5.97
 993   407 289.8 220  4.3  0.01 69 5.88
 962   677 288.0 220  4.8  0.01 69 5.70
 912  1126 285.0 221  5.5  0.01 68 5.40
 861  1577 282.0 221  6.2  0.01 67 5.10
 810  2026 279.0 222  7.0  0.01 66 4.80
 709  2927 273.0 223  8.5  0.01 64 4.20
 608  3827 267.0 224 10.0  0.01 62 3.60
 506  4727 261.0 225 11.5  0.01 60 3.00
 405  5627 255.0 226 13.0  0.01 58 2.40
2020061500001006  993.6 0.00 0   600.0   300.0   291.1    8.00   220.0     3.5   292.1
1008   210 290.7 220  4.1  0.01 69 5.97
 993   345 289.8 220  4.3  0.01 69 5.88
 962   615 288.0 220  4.8  0.01 69 5.70
 912  1064 285.0 221  5.5  0.01 68 5.40
 861  1515 282.0 221  6.2  0.01 67 5.10
 810  1964 279.0 222  7.0  0.01 66 4.80
 709  2865 273.0 223  8.5  0.01 64 4.20
 608  3765 267.0 224 10.0  0.01 62 3.60
 506  4665 261.0 225 11.5  0.01 60 3.00
 405  5565 255.0 226 13.0  0.01 58 2.40
2020061500002006  993.0 0.00 0   600.0   300.0   291.1    8.00   220.0     3.5   292.1
1008   215 290.7 220  4.1  0.01 69 5.97
 993   350 289.8 220  4.3  0.01 69 5.88
 962   620 288.0 220  4.8  0.01 69 5.70
 912  1069 285.0 221  5.5  0.01 68 5.40
 861  1520 282.0 221  6.2  0.01 67 5.10
 810  1969 279.0 222  7.0  0.01 66 4.80
 709  2870 273.0 223  8.5  0.01 64 4.20
 608  3770 267.0 224 10.0  0.01 62 3.60
 506  4670 261.0 225 11.5  0.01 60 3.00
 405  5570 255.0 226 13.0  0.01 58 2.40
2020061500003006  992.4 0.00 0   600.0   300.0   291.1    8.00   220.0     3.5   292.1
1008   220 290.7 220  4.1  0.01 69 5.97
 993   355 289.8 220  4.3  0.01 69 5.88
 962   625 288.0 220  4.8  0.01 69 5.70
 912  1074 285.0 221  5.5  0.01 68 5.40
 861  1525 282.0 221  6.2  0.01 67 5.10
 810  1974 279.0 222  7.0  0.01 66 4.80
 709  2875 273.0 223  8.5  0.01 64 4.20
 608  3775 267.0 224 10.0  0.01 62 3.60
 506  4675 261.0 225 11.5  0.01 60 3.00
 405  5575 255.0 226 13.0  0.01 58 2.40
2020061500004006  991.8 0.00 0   600.0   300.0   291.1    8.00   220.0     3.5   292.1
1008   225 290.7 220  4.1  0.01 69 5.97
 993   360 289.8 220  4.3  0.01 69 5.88
 962   630 288.0 220  4.8  0.01 69 5.70
 912  1079 285.0 221  5.5  0.01 68 5.40
 861  1530 282.0 221  6.2  0.01 67 5.10
 810  1979 279.0 222  7.0  0.01 66 4.80
 709  2880 273.0 223  8.5  0.01 64 4.20
 608  3780 267.0 224 10.0  0.01 62 3.60
 506  4680 261.0 225 11.5  0.01 60 3.00
 405  5580 255.0 226 13.0  0.01 58 2.40
2020061500005006  991.2 0.00 0   600.0   300.0   291.1    8.00   220.0     3.5   292.1
1008   230 290.7 220  4.1  0.01 69 5.97
 993   365 289.8 220  4.3  0.01 69 5.88
 962   635 288.0 220  4.8  0.01 69 5.70
 912  1084 285.0 221  5.5  0.01 68 5.40
 861  1535 282.0 221  6.2  0.01 67 5.10
 810  1984 279.0 222  7.0  0.01 66 4.80
 709  2885 273.0 223  8.5  0.01 64 4.20
 608  3785 267.0 224 10.0  0.01 62 3.60
 506  4685 261.0 225 11.5  0.01 60 3.00
 405  5585 255.0 226 13.0  0.01 58 2.40
2020061500006006  990.6 0.00 0   600.0   300.0   291.1    8.00   220.0     3.5   292.1
1008   235 290.7 220  4.1  0.01 69 5.97
 993   370 289.8 220  4.3  0.01 69 5.88
 962   640 288.0 220  4.8  0.01 69 5.70
 912  1089 285.0 221  5.5  0.01 68 5.40
 861  1540 282.0 221  6.2  0.01 67 5.10
 810  1989 279.0 222  7.0  0.01 66 4.80
 709  2890 273.0 223  8.5  0.01 64 4.20
 608  3790 267.0 224 10.0  0.01 62 3.60
 506  4690 261.0 225 11.5  0.01 60 3.00
 405  5590 255.0 226 13.0  0.01 58 2.40
2020061500007006  990.1 0.00 0   600.0   300.0   291.1    8.00   220.0     3.5   292.1
1008   240 290.7 220  4.1  0.01 69 5.97
 993   375 289.8 220  4.3  0.01 69 5.88
 962   645 288.0 220  4.8  0.01 69 5.70
 912  1094 285.0 221  5.5  0.01 68 5.40
 861  1545 282.0 221  6.2  0.01 67 5.10
 810  1994 279.0 222  7.0  0.01 66 4.80
 709  2895 273.0 223  8.5  0.01 64 4.20
 608  3795 267.0 224 10.0  0.01 62 3.60
 506  4695 261.0 225 11.5  0.01 60 3.00
 405  5595 255.0 226 13.0  0.01 58 2.40
2020061500008006  989.5 0.00 0   600.0   300.0   291.1    8.00   220.0     3.5   292.1
1008   245 290.7 220  4.1  0.01 69 5.97
 993   380 289.8 220  4.3  0.01 69 5.88
 962   650 288.0 220  4.8  0.01 69 5.70
 912  1099 285.0 221  5.5  0.01 68 5.40
 861  1550 282.0 221  6.2  0.01 67 5.10
 810  1999 279.0 222  7.0  0.01 66 4.80
 709  2900 273.0 223  8.5  0.01 64 4.20
 608  3800 267.0 224 10.0  0.01 62 3.60
 506  4700 261.0 225 11.5  0.01 60 3.00
 405  5600 255.0 226 13.0  0.01 58 2.40
2020061500009006  988.9 0.00 0   600.0   300.0   291.1    8.00   220.0     3.5   292.1
1008   250 290.7 220  4.1  0.01 69 5.97
 993   385 289.8 220  4.3  0.01 69 5.88
 962   655 288.0 220  4.8  0.01 69 5.70
 912  1104 285.0 221  5.5  0.01 68 5.40
 861  1555 282.0 221  6.2  0.01 67 5.10
 810  2004 279.0 222  7.0  0.01 66 4.80
 709  2905 273.0 223  8.5  0.01 64 4.20
 608  3805 267.0 224 10.0  0.01 62 3.60
 506  4705 261.0 225 11.5  0.01 60 3.00
 405  5605 255.0 226 13.0  0.01 58 2.40
2020061500010006  988.3 0.00 0   600.0   300.0   291.1    8.00   220.0     3.5   292.1
1008   255 290.7 220  4.1  0.01 69 5.97
 993   390 289.8 220  4.3  0.01 69 5.88
 962   660 288.0 220  4.8  0.01 69 5.70
 912  1109 285.0 221  5.5  0.01 68 5.40
 861  1560 282.0 221  6.2  0.01 67 5.10
 810  2009 279.0 222  7.0  0.01 66 4.80
 709  2910 273.0 223  8.5  0.01 64 4.20
 608  3810 267.0 224 10.0  0.01 62 3.60
 506  4710 261.0 225 11.5  0.01 60 3.00
 405  5610 255.0 226 13.0  0.01 58 2.40
2020061500011006  987.7 0.00 0   600.0   300.0   291.1    8.00   220.0     3.5   292.1
1008   260 290.7 220  4.1  0.01 69 5.97
 993   395 289.8 220  4.3  0.01 69 5.88
 962   665 288.0 220  4.8  0.01 69 5.70
 912  1114 285.0 221  5.5  0.01 68 5.40
 861  1565 282.0 221  6.2  0.01 67 5.10
 810  2014 279.0 222  7.0  0.01 66 4.80
 709  2915 273.0 223  8.5  0.01 64 4.20
 608  3815 267.0 224 10.0  0.01 62 3.60
 506  4715 261.0 225 11.5  0.01 60 3.00
 405  5615 255.0 226 13.0  0.01 58 2.40
2020061500012006  987.1 0.00 0   600.0   300.0   291.2    8.00   220.0     3.5   292.2
1008   265 290.7 220  4.1  0.01 69 5.97
 993   400 289.8 220  4.3  0.01 69 5.88
 962   670 288.0 220  4.8  0.01 69 5.70
 912  1119 285.0 221  5.5  0.01 68 5.40
 861  1570 282.0 221  6.2  0.01 67 5.10
 810  2019 279.0 222  7.0  0.01 66 4.80
 709  2920 273.0 223  8.5  0.01 64 4.20
 608  3820 267.0 224 10.0  0.01 62 3.60
 506  4720 261.0 225 11.5  0.01 60 3.00
 405  5620 255.0 226 13.0  0.01 58 2.40
2020061500013006  986.5 0.00 0   600.0   300.0   291.2    8.00   220.0     3.5   292.2
1008   270 290.7 220  4.1  0.01 69 5.97
 993   405 289.8 220  4.3  0.01 69 5.88
 962   675 288.0 220  4.8  0.01 69 5.70
 912  1124 285.0 221  5.5  0.01 68 5.40
 861  1575 282.0 221  6.2  0.01 67 5.10
 810  2024 279.0 222  7.0  0.01 66 4.80
 709  2925 273.0 223  8.5  0.01 64 4.20
 608  3825 267.0 224 10.0  0.01 62 3.60
 506  4725 261.0 225 11.5  0.01 60 3.00
 405  5625 255.0 226 13.0  0.01 58 2.40
2020061500014006  985.9 0.00 0   600.0   300.0   291.2    8.00   220.0     3.5   292.2
1008   275 290.7 220  4.1  0.01 69 5.97
 993   410 289.8 220  4.3  0.01 69 5.88
 962   680 288.0 220  4.8  0.01 69 5.70
 912  1129 285.0 221  5.5  0.01 68 5.40
 861  1580 282.0 221  6.2  0.01 67 5.10
 810  2029 279.0 222  7.0  0.01 66 4.80
 709  2930 273.0 223  8.5  0.01 64 4.20
 608  3830 267.0 224 10.0  0.01 62 3.60
 506  4730 261.0 225 11.5  0.01 60 3.00
 405  5630 255.0 226 13.0  0.01 58 2.40
2020061500001007  993.2 0.00 0   600.0   300.0   291.1    8.00   220.0     3.5   292.1
1008   213 290.7 220  4.1  0.01 69 5.97
 993   348 289.8 220  4.3  0.01 69 5.88
 962   618 288.0 220  4.8  0.01 69 5.70
 912  1067 285.0 221  5.5  0.01 68 5.40
 861  1518 282.0 221  6.2  0.01 67 5.10
 810  1967 279.0 222  7.0  0.01 66 4.80
 709  2868 273.0 223  8.5  0.01 64 4.20
 608  3768 267.0 224 10.0  0.01 62 3.60
 506  4668 261.0 225 11.5  0.01 60 3.00
 405  5568 255.0 226 13.0  0.01 58 2.40
2020061500002007  992.6 0.00 0   600.0   300.0   291.1    8.00   220.0     3.5   292.1
1008   218 290.7 220  4.1  0.01 69 5.97
 993   353 289.8 220  4.3  0.01 69 5.88
 962   623 288.0 220  4.8  0.01 69 5.70
 912  1072 285.0 221  5.5  0.01 68 5.40
 861  1523 282.0 221  6.2  0.01 67 5.10
 810  1972 279.0 222  7.0  0.01 66 4.80
 709  2873 273.0 223  8.5  0.01 64 4.20
 608  3773 267.0 224 10.0  0.01 62 3.60
 506  4673 261.0 225 11.5  0.01 60 3.00
 405  5573 255.0 226 13.0  0.01 58 2.40
2020061500003007  992.1 0.00 0   600.0   300.0   291.1    8.00   220.0     3.5   292.1
1008   223 290.7 220  4.1  0.01 69 5.97
 993   358 289.8 220  4.3  0.01 69 5.88
 962   628 288.0 220  4.8  0.01 69 5.70
 912  1077 285.0 221  5.5  0.01 68 5.40
 861  1528 282.0 221  6.2  0.01 67 5.10
 810  1977 279.0 222  7.0  0.01 66 4.80
 709  2878 273.0 223  8.5  0.01 64 4.20
 608  3778 267.0 224 10.0  0.01 62 3.60
 506  4678 261.0 225 11.5  0.01 60 3.00
 405  5578 255.0 226 13.0  0.01 58 2.40
2020061500004007  991.5 0.00 0   600.0   300.0   291.1    8.00   220.0     3.5   292.1
1008   228 290.7 220  4.1  0.01 69 5.97
 993   363 289.8 220  4.3  0.01 69 5.88
 962   633 288.0 220  4.8  0.01 69 5.70
 912  1082 285.0 221  5.5  0.01 68 5.40
 861  1533 282.0 221  6.2  0.01 67 5.10
 810  1982 279.0 222  7.0  0.01 66 4.80
 709  2883 273.0 223  8.5  0.01 64 4.20
 608  3783 267.0 224 10.0  0.01 62 3.60
 506  4683 261.0 225 11.5  0.01 60 3.00
 405  5583 255.0 226 13.0  0.01 58 2.40
2020061500005007  990.9 0.00 0   600.0   300.0   291.1    8.00   220.0     3.5   292.1
1008   233 290.7 220  4.1  0.01 69 5.97
 993   368 289.8 220  4.3  0.01 69 5.88
 962   638 288.0 220  4.8  0.01 69 5.70
 912  1087 285.0 221  5.5  0.01 68 5.40
 861  1538 282.0 221  6.2  0.01 67 5.10
 810  1987 279.0 222  7.0  0.01 66 4.80
 709  2888 273.0 223  8.5  0.01 64 4.20
 608  3788 267.0 224 10.0  0.01 62 3.60
 506  4688 261.0 225 11.5  0.01 60 3.00
 405  5588 255.0 226 13.0  0.01 58 2.40
2020061500006007  990.3 0.00 0   600.0   300.0   291.1    8.00   220.0     3.5   292.1
1008   238 290.7 220  4.1  0.01 69 5.97
 993   373 289.8 220  4.3  0.01 69 5.88
 962   643 288.0 220  4.8  0.01 69 5.70
 912  1092 285.0 221  5.5  0.01 68 5.40
 861  1543 282.0 221  6.2  0.01 67 5.10
 810  1992 279.0 222  7.0  0.01 66 4.80
 709  2893 273.0 223  8.5  0.01 64 4.20
 608  3793 267.0 224 10.0  0.01 62 3.60
 506  4693 261.0 225 11.5  0.01 60 3.00
 405  5593 255.0 226 13.0  0.01 58 2.40
2020061500007007  989.7 0.00 0   600.0   300.0   291.1    8.00   220.0     3.5   292.1
1008   243 290.7 220  4.1  0.01 69 5.97
 993   378 289.8 220  4.3  0.01 69 5.88
 962   648 288.0 220  4.8  0.01 69 5.70
 912  1097 285.0 221  5.5  0.01 68 5.40
 861  1548 282.0 221  6.2  0.01 67 5.10
 810  1997 279.0 222  7.0  0.01 66 4.80
 709  2898 273.0 223  8.5  0.01 64 4.20
 608  3798 267.0 224 10.0  0.01 62 3.60
 506  4698 261.0 225 11.5  0.01 60 3.00
 405  5598 255.0 226 13.0  0.01 58 2.40
2020061500008007  989.1 0.00 0   600.0   300.0   291.1    8.00   220.0     3.5   292.1
1008   248 290.7 220  4.1  0.01 69 5.97
 993   383 289.8 220  4.3  0.01 69 5.88
 962   653 288.0 220  4.8  0.01 69 5.70
 912  1102 285.0 221  5.5  0.01 68 5.40
 861  1553 282.0 221  6.2  0.01 67 5.10
 810  2002 279.0 222  7.0  0.01 66 4.80
 709  2903 273.0 223  8.5  0.01 64 4.20
 608  3803 267.0 224 10.0  0.01 62 3.60
 506  4703 261.0 225 11.5  0.01 60 3.00
 405  5603 255.0 226 13.0  0.01 58 2.40
2020061500009007  988.5 0.00 0   600.0   300.0   291.1    8.00   220.0     3.5   292.1
1008   253 290.7 220  4.1  0.01 69 5.97
 993   388 289.8 220  4.3  0.01 69 5.88
 962   658 288.0 220  4.8  0.01 69 5.70
 912  1107 285.0 221  5.5  0.01 68 5.40
 861  1558 282.0 221  6.2  0.01 67 5.10
 810  2007 279.0 222  7.0  0.01 66 4.80
 709  2908 273.0 223  8.5  0.01 64 4.20
 608  3808 267.0 224 10.0  0.01 62 3.60
 506  4708 261.0 225 11.5  0.01 60 3.00
 405  5608 255.0 226 13.0  0.01 58 2.40
2020061500010007  987.9 0.00 0   600.0   300.0   291.1    8.00   220.0     3.5   292.1
1008   258 290.7 220  4.1  0.01 69 5.97
 993   393 289.8 220  4.3  0.01 69 5.88
 962   663 288.0 220  4.8  0.01 69 5.70
 912  1112 285.0 221  5.5  0.01 68 5.40
 861  1563 282.0 221  6.2  0.01 67 5.10
 810  2012 279.0 222  7.0  0.01 66 4.80
 709  2913 273.0 223  8.5  0.01 64 4.20
 608  3813 267.0 224 10.0  0.01 62 3.60
 506  4713 261.0 225 11.5  0.01 60 3.00
 405  5613 255.0 226 13.0  0.01 58 2.40
2020061500011007  987.4 0.00 0   600.0   300.0   291.2    8.00   220.0     3.5   292.2
1008   263 290.7 220  4.1  0.01 69 5.97
 993   398 289.8 220  4.3  0.01 69 5.88
 962   668 288.0 220  4.8  0.01 69 5.70
 912  1117 285.0 221  5.5  0.01 68 5.40
 861  1568 282.0 221  6.2  0.01 67 5.10
 810  2017 279.0 222  7.0  0.01 66 4.80
 709  2918 273.0 223  8.5  0.01 64 4.20
 608  3818 267.0 224 10.0  0.01 62 3.60
 506  4718 261.0 225 11.5  0.01 60 3.00
 405  5618 255.0 226 13.0  0.01 58 2.40
2020061500012007  986.8 0.00 0   600.0   300.0   291.2    8.00   220.0     3.5   292.2
1008   268 290.7 220  4.1  0.01 69 5.97
 993   403 289.8 220  4.3  0.01 69 5.88
 962   673 288.0 220  4.8  0.01 69 5.70
 912  1122 285.0 221  5.5  0.01 68 5.40
 861  1573 282.0 221  6.2  0.01 67 5.10
 810  2022 279.0 222  7.0  0.01 66 4.80
 709  2923 273.0 223  8.5  0.01 64 4.20
 608  3823 267.0 224 10.0  0.01 62 3.60
 506  4723 261.0 225 11.5  0.01 60 3.00
 405  5623 255.0 226 13.0  0.01 58 2.40
2020061500013007  986.2 0.00 0   600.0   300.0   291.2    8.00   220.0     3.5   292.2
1008   273 290.7 220  4.1  0.01 69 5.97
 993   408 289.8 220  4.3  0.01 69 5.88
 962   678 288.0 220  4.8  0.01 69 5.70
 912  1127 285.0 221  5.5  0.01 68 5.40
 861  1578 282.0 221  6.2  0.01 67 5.10
 810  2027 279.0 222  7.0  0.01 66 4.80
 709  2928 273.0 223  8.5  0.01 64 4.20
 608  3828 267.0 224 10.0  0.01 62 3.60
 506  4728 261.0 225 11.5  0.01 60 3.00
 405  5628 255.0 226 13.0  0.01 58 2.40
2020061500014007  985.6 0.00 0   600.0   300.0   291.2    8.00   220.0     3.5   292.2
1008   278 290.7 220  4.1  0.01 69 5.97
 993   413 289.8 220  4.3  0.01 69 5.88
 962   683 288.0 220  4.8  0.01 69 5.70
 912  1132 285.0 221  5.5  0.01 68 5.40
 861  1583 282.0 221  6.2  0.01 67 5.10
 810  2032 279.0 222  7.0  0.01 66 4.80
 709  2933 273.0 223  8.5  0.01 64 4.20
 608  3833 267.0 224 10.0  0.01 62 3.60
 506  4733 261.0 225 11.5  0.01 60 3.00
 405  5633 255.0 226 13.0  0.01 58 2.40
2020061500001008  992.9 0.00 0   600.0   300.0   291.1    8.00   220.0     3.5   292.1
1008   216 290.7 220  4.1  0.01 69 5.97
 993   351 289.8 220  4.3  0.01 69 5.88
 962   621 288.0 220  4.8  0.01 69 5.70
 912  1070 285.0 221  5.5  0.01 68 5.40
 861  1521 282.0 221  6.2  0.01 67 5.10
 810  1970 279.0 222  7.0  0.01 66 4.80
 709  2871 273.0 223  8.5  0.01 64 4.20
 608  3771 267.0 224 10.0  0.01 62 3.60
 506  4671 261.0 225 11.5  0.01 60 3.00
 405  5571 255.0 226 13.0  0.01 58 2.40
2020061500002008  992.3 0.00 0   600.0   300.0   291.1    8.00   220.0     3.5   292.1
1008   221 290.7 220  4.1  0.01 69 5.97
 993   356 289.8 220  4.3  0.01 69 5.88
 962   626 288.0 220  4.8  0.01 69 5.70
 912  1075 285.0 221  5.5  0.01 68 5.40
 861  1526 282.0 221  6.2  0.01 67 5.10
 810  1975 279.0 222  7.0  0.01 66 4.80
 709  2876 273.0 223  8.5  0.01 64 4.20
 608  3776 267.0 224 10.0  0.01 62 3.60
 506  4676 261.0 225 11.5  0.01 60 3.00
 405  5576 255.0 226 13.0  0.01 58 2.40
2020061500003008  991.7 0.00 0   600.0   300.0   291.1    8.00   220.0     3.5   292.1
1008   226 290.7 220  4.1  0.01 69 5.97
 993   361 289.8 220  4.3  0.01 69 5.88
 962   631 288.0 220  4.8  0.01 69 5.70
 912  1080 285.0 221  5.5  0.01 68 5.40
 861  1531 282.0 221  6.2  0.01 67 5.10
 810  1980 279.0 222  7.0  0.01 66 4.80
 709  2881 273.0 223  8.5  0.01 64 4.20
 608  3781 267.0 224 10.0  0.01 62 3.60
 506  4681 261.0 225 11.5  0.01 60 3.00
 405  5581 255.0 226 13.0  0.01 58 2.40
2020061500004008  991.1 0.00 0   600.0   300.0   291.1    8.00   220.0     3.5   292.1
1008   231 290.7 220  4.1  0.01 69 5.97
 993   366 289.8 220  4.3  0.01 69 5.88
 962   636 288.0 220  4.8  0.01 69 5.70
 912  1085 285.0 221  5.5  0.01 68 5.40
 861  1536 282.0 221  6.2  0.01 67 5.10
 810  1985 279.0 222  7.0  0.01 66 4.80
 709  2886 273.0 223  8.5  0.01 64 4.20
 608  3786 267.0 224 10.0  0.01 62 3.60
 506  4686 261.0 225 11.5  0.01 60 3.00
 405  5586 255.0 226 13.0  0.01 58 2.40
2020061500005008  990.5 0.00 0   600.0   300.0   291.1    8.00   220.0     3.5   292.1
1008   236 290.7 220  4.1  0.01 69 5.97
 993   371 289.8 220  4.3  0.01 69 5.88
 962   641 288.0 220  4.8  0.01 69 5.70
 912  1090 285.0 221  5.5  0.01 68 5.40
 861  1541 282.0 221  6.2  0.01 67 5.10
 810  1990 279.0 222  7.0  0.01 66 4.80
 709  2891 273.0 223  8.5  0.01 64 4.20
 608  3791 267.0 224 10.0  0.01 62 3.60
 506  4691 261.0 225 11.5  0.01 60 3.00
 405  5591 255.0 226 13.0  0.01 58 2.40
2020061500006008  989.9 0.00 0   600.0   300.0   291.1    8.00   220.0     3.5   292.1
1008   241 290.7 220  4.1  0.01 69 5.97
 993   376 289.8 220  4.3  0.01 69 5.88
 962   646 288.0 220  4.8  0.01 69 5.70
 912  1095 285.0 221  5.5  0.01 68 5.40
 861  1546 282.0 221  6.2  0.01 67 5.10
 810  1995 279.0 222  7.0  0.01 66 4.80
 709  2896 273.0 223  8.5  0.01 64 4.20
 608  3796 267.0 224 10.0  0.01 62 3.60
 506  4696 261.0 225 11.5  0.01 60 3.00
 405  5596 255.0 226 13.0  0.01 58 2.40
2020061500007008  989.4 0.00 0   600.0   300.0   291.1    8.00   220.0     3.5   292.1
1008   246 290.7 220  4.1  0.01 69 5.97
 993   381 289.8 220  4.3  0.01 69 5.88
 962   651 288.0 220  4.8  0.01 69 5.70
 912  1100 285.0 221  5.5  0.01 68 5.40
 861  1551 282.0 221  6.2  0.01 67 5.10
 810  2000 279.0 222  7.0  0.01 66 4.80
 709  2901 273.0 223  8.5  0.01 64 4.20
 608  3801 267.0 224 10.0  0.01 62 3.60
 506  4701 261.0 225 11.5  0.01 60 3.00
 405  5601 255.0 226 13.0  0.01 58 2.40
2020061500008008  988.8 0.00 0   600.0   300.0   291.1    8.00   220.0     3.5   292.1
1008   251 290.7 220  4.1  0.01 69 5.97
 993   386 289.8 220  4.3  0.01 69 5.88
 962   656 288.0 220  4.8  0.01 69 5.70
 912  1105 285.0 221  5.5  0.01 68 5.40
 861  1556 282.0 221  6.2  0.01 67 5.10
 810  2005 279.0 222  7.0  0.01 66 4.80
 709  2906 273.0 223  8.5  0.01 64 4.20
 608  3806 267.0 224 10.0  0.01 62 3.60
 506  4706 261.0 225 11.5  0.01 60 3.00
 405  5606 255.0 226 13.0  0.01 58 2.40
2020061500009008  988.2 0.00 0   600.0   300.0   291.1    8.00   220.0     3.5   292.1
1008   256 290.7 220  4.1  0.01 69 5.97
 993   391 289.8 220  4.3  0.01 69 5.88
 962   661 288.0 220  4.8  0.01 69 5.70
 912  1110 285.0 221  5.5  0.01 68 5.40
 861  1561 282.0 221  6.2  0.01 67 5.10
 810  2010 279.0 222  7.0  0.01 66 4.80
 709  2911 273.0 223  8.5  0.01 64 4.20
 608  3811 267.0 224 10.0  0.01 62 3.60
 506  4711 261.0 225 11.5  0.01 60 3.00
 405  5611 255.0 226 13.0  0.01 58 2.40
2020061500010008  987.6 0.00 0   600.0   300.0   291.2    8.00   220.0     3.5   292.2
1008   261 290.7 220  4.1  0.01 69 5.97
 993   396 289.8 220  4.3  0.01 69 5.88
 962   666 288.0 220  4.8  0.01 69 5.70
 912  1115 285.0 221  5.5  0.01 68 5.40
 861  1566 282.0 221  6.2  0.01 67 5.10
 810  2015 279.0 222  7.0  0.01 66 4.80
 709  2916 273.0 223  8.5  0.01 64 4.20
 608  3816 267.0 224 10.0  0.01 62 3.60
 506  4716 261.0 225 11.5  0.01 60 3.00
 405  5616 255.0 226 13.0  0.01 58 2.40
2020061500011008  987.0 0.00 0   600.0   300.0   291.2    8.00   220.0     3.5   292.2
1008   266 290.7 220  4.1  0.01 69 5.97
 993   401 289.8 220  4.3  0.01 69 5.88
 962   671 288.0 220  4.8  0.01 69 5.70
 912  1120 285.0 221  5.5  0.01 68 5.40
 861  1571 282.0 221  6.2  0.01 67 5.10
 810  2020 279.0 222  7.0  0.01 66 4.80
 709  2921 273.0 223  8.5  0.01 64 4.20
 608  3821 267.0 224 10.0  0.01 62 3.60
 506  4721 261.0 225 11.5  0.01 60 3.00
 405  5621 255.0 226 13.0  0.01 58 2.40
2020061500012008  986.4 0.00 0   600.0   300.0   291.2    8.00   220.0     3.5   292.2
1008   271 290.7 220  4.1  0.01 69 5.97
 993   406 289.8 220  4.3  0.01 69 5.88
 962   676 288.0 220  4.8  0.01 69 5.70
 912  1125 285.0 221  5.5  0.01 68 5.40
 861  1576 282.0 221  6.2  0.01 67 5.10
 810  2025 279.0 222  7.0  0.01 66 4.80
 709  2926 273.0 223  8.5  0.01 64 4.20
 608  3826 267.0 224 10.0  0.01 62 3.60
 506  4726 261.0 225 11.5  0.01 60 3.00
 405  5626 255.0 226 13.0  0.01 58 2.40
2020061500013008  985.8 0.00 0   600.0   300.0   291.2    8.00   220.0     3.5   292.2
1008   276 290.7 220  4.1  0.01 69 5.97
 993   411 289.8 220  4.3  0.01 69 5.88
 962   681 288.0 220  4.8  0.01 69 5.70
 912  1130 285.0 221  5.5  0.01 68 5.40
 861  1581 282.0 221  6.2  0.01 67 5.10
 810  2030 279.0 222  7.0  0.01 66 4.80
 709  2931 273.0 223  8.5  0.01 64 4.20
 608  3831 267.0 224 10.0  0.01 62 3.60
 506  4731 261.0 225 11.5  0.01 60 3.00
 405  5631 255.0 226 13.0  0.01 58 2.40
2020061500014008  985.2 0.00 0   600.0   300.0   291.2    8.00   220.0     3.5   292.2
1008   281 290.7 220  4.1  0.01 69 5.97
 993   416 289.8 220  4.3  0.01 69 5.88
 962   686 288.0 220  4.8  0.01 69 5.70
 912  1135 285.0 221  5.5  0.01 68 5.40
 861  1586 282.0 221  6.2  0.01 67 5.10
 810  2035 279.0 222  7.0  0.01 66 4.80
 709  2936 273.0 223  8.5  0.01 64 4.20
 608  3836 267.0 224 10.0  0.01 62 3.60
 506  4736 261.0 225 11.5  0.01 60 3.00
 405  5636 255.0 226 13.0  0.01 58 2.40
2020061500001009  992.5 0.00 0   600.0   300.0   291.1    8.00   220.0     3.5   292.1
1008   219 290.7 220  4.1  0.01 69 5.97
 993   354 289.8 220  4.3  0.01 69 5.88
 962   624 288.0 220  4.8  0.01 69 5.70
 912  1073 285.0 221  5.5  0.01 68 5.40
 861  1524 282.0 221  6.2  0.01 67 5.10
 810  1973 279.0 222  7.0  0.01 66 4.80
 709  2874 273.0 223  8.5  0.01 64 4.20
 608  3774 267.0 224 10.0  0.01 62 3.60
 506  4674 261.0 225 11.5  0.01 60 3.00
 405  5574 255.0 226 13.0  0.01 58 2.40
2020061500002009  991.9 0.00 0   600.0   300.0   291.1    8.00   220.0     3.5   292.1
1008   224 290.7 220  4.1  0.01 69 5.97
 993   359 289.8 220  4.3  0.01 69 5.88
 962   629 288.0 220  4.8  0.01 69 5.70
 912  1078 285.0 221  5.5  0.01 68 5.40
 861  1529 282.0 221  6.2  0.01 67 5.10
 810  1978 279.0 222  7.0  0.01 66 4.80
 709  2879 273.0 223  8.5  0.01 64 4.20
 608  3779 267.0 224 10.0  0.01 62 3.60
 506  4679 261.0 225 11.5  0.01 60 3.00
 405  5579 255.0 226 13.0  0.01 58 2.40
2020061500003009  991.4 0.00 0   600.0   300.0   291.1    8.00   220.0     3.5   292.1
1008   229 290.7 220  4.1  0.01 69 5.97
 993   364 289.8 220  4.3  0.01 69 5.88
 962   634 288.0 220  4.8  0.01 69 5.70
 912  1083 285.0 221  5.5  0.01 68 5.40
 861  1534 282.0 221  6.2  0.01 67 5.10
 810  1983 279.0 222  7.0  0.01 66 4.80
 709  2884 273.0 223  8.5  0.01 64 4.20
 608  3784 267.0 224 10.0  0.01 62 3.60
 506  4684 261.0 225 11.5  0.01 60 3.00
 405  5584 255.0 226 13.0  0.01 58 2.40
2020061500004009  990.8 0.00 0   600.0   300.0   291.1    8.00   220.0     3.5   292.1
1008   234 290.7 220  4.1  0.01 69 5.97
 993   369 289.8 220  4.3  0.01 69 5.88
 962   639 288.0 220  4.8  0.01 69 5.70
 912  1088 285.0 221  5.5  0.01 68 5.40
 861  1539 282.0 221  6.2  0.01 67 5.10
 810  1988 279.0 222  7.0  0.01 66 4.80
 709  2889 273.0 223  8.5  0.01 64 4.20
 608  3789 267.0 224 10.0  0.01 62 3.60
 506  4689 261.0 225 11.5  0.01 60 3.00
 405  5589 255.0 226 13.0  0.01 58 2.40
2020061500005009  990.2 0.00 0   600.0   300.0   291.1    8.00   220.0     3.5   292.1
1008   239 290.7 220  4.1  0.01 69 5.97
 993   374 289.8 220  4.3  0.01 69 5.88
 962   644 288.0 220  4.8  0.01 69 5.70
 912  1093 285.0 221  5.5  0.01 68 5.40
 861  1544 282.0 221  6.2  0.01 67 5.10
 810  1993 279.0 222  7.0  0.01 66 4.80
 709  2894 273.0 223  8.5  0.01 64 4.20
 608  3794 267.0 224 10.0  0.01 62 3.60
 506  4694 261.0 225 11.5  0.01 60 3.00
 405  5594 255.0 226 13.0  0.01 58 2.40
2020061500006009  989.6 0.00 0   600.0   300.0   291.1    8.00   220.0     3.5   292.1
1008   244 290.7 220  4.1  0.01 69 5.97
 993   379 289.8 220  4.3  0.01 69 5.88
 962   649 288.0 220  4.8  0.01 69 5.70
 912  1098 285.0 221  5.5  0.01 68 5.40
 861  1549 282.0 221  6.2  0.01 67 5.10
 810  1998 279.0 222  7.0  0.01 66 4.80
 709  2899 273.0 223  8.5  0.01 64 4.20
 608  3799 267.0 224 10.0  0.01 62 3.60
 506  4699 261.0 225 11.5  0.01 60 3.00
 405  5599 255.0 226 13.0  0.01 58 2.40
2020061500007009  989.0 0.00 0   600.0   300.0   291.1    8.00   220.0     3.5   292.1
1008   249 290.7 220  4.1  0.01 69 5.97
 993   384 289.8 220  4.3  0.01 69 5.88
 962   654 288.0 220  4.8  0.01 69 5.70
 912  1103 285.0 221  5.5  0.01 68 5.40
 861  1554 282.0 221  6.2  0.01 67 5.10
 810  2003 279.0 222  7.0  0.01 66 4.80
 709  2904 273.0 223  8.5  0.01 64 4.20
 608  3804 267.0 224 10.0  0.01 62 3.60
 506  4704 261.0 225 11.5  0.01 60 3.00
 405  5604 255.0 226 13.0  0.01 58 2.40
2020061500008009  988.4 0.00 0   600.0   300.0   291.1    8.00   220.0     3.5   292.1
1008   254 290.7 220  4.1  0.01 69 5.97
 993   389 289.8 220  4.3  0.01 69 5.88
 962   659 288.0 220  4.8  0.01 69 5.70
 912  1108 285.0 221  5.5  0.01 68 5.40
 861  1559 282.0 221  6.2  0.01 67 5.10
 810  2008 279.0 222  7.0  0.01 66 4.80
 709  2909 273.0 223  8.5  0.01 64 4.20
 608  3809 267.0 224 10.0  0.01 62 3.60
 506  4709 261.0 225 11.5  0.01 60 3.00
 405  5609 255.0 226 13.0  0.01 58 2.40
2020061500009009  987.8 0.00 0   600.0   300.0   291.2    8.00   220.0     3.5   292.2
1008   259 290.7 220  4.1  0.01 69 5.97
 993   394 289.8 220  4.3  0.01 69 5.88
 962   664 288.0 220  4.8  0.01 69 5.70
 912  1113 285.0 221  5.5  0.01 68 5.40
 861  1564 282.0 221  6.2  0.01 67 5.10
 810  2013 279.0 222  7.0  0.01 66 4.80
 709  2914 273.0 223  8.5  0.01 64 4.20
 608  3814 267.0 224 10.0  0.01 62 3.60
 506  4714 261.0 225 11.5  0.01 60 3.00
 405  5614 255.0 226 13.0  0.01 58 2.40
2020061500010009  987.2 0.00 0   600.0   300.0   291.2    8.00   220.0     3.5   292.2
1008   264 290.7 220  4.1  0.01 69 5.97
 993   399 289.8 220  4.3  0.01 69 5.88
 962   669 288.0 220  4.8  0.01 69 5.70
 912  1118 285.0 221  5.5  0.01 68 5.40
 861  1569 282.0 221  6.2  0.01 67 5.10
 810  2018 279.0 222  7.0  0.01 66 4.80
 709  2919 273.0 223  8.5  0.01 64 4.20
 608  3819 267.0 224 10.0  0.01 62 3.60
 506  4719 261.0 225 11.5  0.01 60 3.00
 405  5619 255.0 226 13.0  0.01 58 2.40
2020061500011009  986.6 0.00 0   600.0   300.0   291.2    8.00   220.0     3.5   292.2
1008   269 290.7 220  4.1  0.01 69 5.97
 993   404 289.8 220  4.3  0.01 69 5.88
 962   674 288.0 220  4.8  0.01 69 5.70
 912  1123 285.0 221  5.5  0.01 68 5.40
 861  1574 282.0 221  6.2  0.01 67 5.10
 810  2023 279.0 222  7.0  0.01 66 4.80
 709  2924 273.0 223  8.5  0.01 64 4.20
 608  3824 267.0 224 10.0  0.01 62 3.60
 506  4724 261.0 225 11.5  0.01 60 3.00
 405  5624 255.0 226 13.0  0.01 58 2.40
2020061500012009  986.1 0.00 0   600.0   300.0   291.2    8.00   220.0     3.5   292.2
1008   274 290.7 220  4.1  0.01 69 5.97
 993   409 289.8 220  4.3  0.01 69 5.88
 962   679 288.0 220  4.8  0.01 69 5.70
 912  1128 285.0 221  5.5  0.01 68 5.40
 861  1579 282.0 221  6.2  0.01 67 5.10
 810  2028 279.0 222  7.0  0.01 66 4.80
 709  2929 273.0 223  8.5  0.01 64 4.20
 608  3829 267.0 224 10.0  0.01 62 3.60
 506  4729 261.0 225 11.5  0.01 60 3.00
 405  5629 255.0 226 13.0  0.01 58 2.40
2020061500013009  985.5 0.00 0   600.0   300.0   291.2    8.00   220.0     3.5   292.2
1008   279 290.7 220  4.1  0.01 69 5.97
 993   414 289.8 220  4.3  0.01 69 5.88
 962   684 288.0 220  4.8  0.01 69 5.70
 912  1133 285.0 221  5.5  0.01 68 5.40
 861  1584 282.0 221  6.2  0.01 67 5.10
 810  2033 279.0 222  7.0  0.01 66 4.80
 709  2934 273.0 223  8.5  0.01 64 4.20
 608  3834 267.0 224 10.0  0.01 62 3.60
 506  4734 261.0 225 11.5  0.01 60 3.00
 405  5634 255.0 226 13.0  0.01 58 2.40
2020061500014009  984.9 0.00 0   600.0   300.0   291.2    8.00   220.0     3.5   292.2
1008   284 290.7 220  4.1  0.01 69 5.97
 993   419 289.8 220  4.3  0.01 69 5.88
 962   689 288.0 220  4.8  0.01 69 5.70
 912  1138 285.0 221  5.5  0.01 68 5.40
 861  1589 282.0 221  6.2  0.01 67 5.10
 810  2038 279.0 222  7.0  0.01 66 4.80
 709  2939 273.0 223  8.5  0.01 64 4.20
 608  3839 267.0 224 10.0  0.01 62 3.60
 506  4739 261.0 225 11.5  0.01 60 3.00
 405  5639 255.0 226 13.0  0.01 58 2.40
2020061500001010  992.2 0.00 0   600.0   300.0   291.1    8.00   220.0     3.5   292.1
1008   222 290.7 220  4.1  0.01 69 5.97
 993   357 289.8 220  4.3  0.01 69 5.88
 962   627 288.0 220  4.8  0.01 69 5.70
 912  1076 285.0 221  5.5  0.01 68 5.40
 861  1527 282.0 221  6.2  0.01 67 5.10
 810  1976 279.0 222  7.0  0.01 66 4.80
 709  2877 273.0 223  8.5  0.01 64 4.20
 608  3777 267.0 224 10.0  0.01 62 3.60
 506  4677 261.0 225 11.5  0.01 60 3.00
 405  5577 255.0 226 13.0  0.01 58 2.40
2020061500002010  991.6 0.00 0   600.0   300.0   291.1    8.00   220.0     3.5   292.1
1008   227 290.7 220  4.1  0.01 69 5.97
 993   362 289.8 220  4.3  0.01 69 5.88
 962   632 288.0 220  4.8  0.01 69 5.70
 912  1081 285.0 221  5.5  0.01 68 5.40
 861  1532 282.0 221  6.2  0.01 67 5.10
 810  1981 279.0 222  7.0  0.01 66 4.80
 709  2882 273.0 223  8.5  0.01 64 4.20
 608  3782 267.0 224 10.0  0.01 62 3.60
 506  4682 261.0 225 11.5  0.01 60 3.00
 405  5582 255.0 226 13.0  0.01 58 2.40
2020061500003010  991.0 0.00 0   600.0   300.0   291.1    8.00   220.0     3.5   292.1
1008   232 290.7 220  4.1  0.01 69 5.97
 993   367 289.8 220  4.3  0.01 69 5.88
 962   637 288.0 220  4.8  0.01 69 5.70
 912  1086 285.0 221  5.5  0.01 68 5.40
 861  1537 282.0 221  6.2  0.01 67 5.10
 810  1986 279.0 222  7.0  0.01 66 4.80
 709  2887 273.0 223  8.5  0.01 64 4.20
 608  3787 267.0 224 10.0  0.01 62 3.60
 506  4687 261.0 225 11.5  0.01 60 3.00
 405  5587 255.0 226 13.0  0.01 58 2.40
2020061500004010  990.4 0.00 0   600.0   300.0   291.1    8.00   220.0     3.5   292.1
1008   237 290.7 220  4.1  0.01 69 5.97
 993   372 289.8 220  4.3  0.01 69 5.88
 962   642 288.0 220  4.8  0.01 69 5.70
 912  1091 285.0 221  5.5  0.01 68 5.40
 861  1542 282.0 221  6.2  0.01 67 5.10
 810  1991 279.0 222  7.0  0.01 66 4.80
 709  2892 273.0 223  8.5  0.01 64 4.20
 608  3792 267.0 224 10.0  0.01 62 3.60
 506  4692 261.0 225 11.5  0.01 60 3.00
 405  5592 255.0 226 13.0  0.01 58 2.40
2020061500005010  989.8 0.00 0   600.0   300.0   291.1    8.00   220.0     3.5   292.1
1008   242 290.7 220  4.1  0.01 69 5.97
 993   377 289.8 220  4.3  0.01 69 5.88
 962   647 288.0 220  4.8  0.01 69 5.70
 912  1096 285.0 221  5.5  0.01 68 5.40
 861  1547 282.0 221  6.2  0.01 67 5.10
 810  1996 279.0 222  7.0  0.01 66 4.80
 709  2897 273.0 223  8.5  0.01 64 4.20
 608  3797 267.0 224 10.0  0.01 62 3.60
 506  4697 261.0 225 11.5  0.01 60 3.00
 405  5597 255.0 226 13.0  0.01 58 2.40
2020061500006010  989.2 0.00 0   600.0   300.0   291.1    8.00   220.0     3.5   292.1
1008   247 290.7 220  4.1  0.01 69 5.97
 993   382 289.8 220  4.3  0.01 69 5.88
 962   652 288.0 220  4.8  0.01 69 5.70
 912  1101 285.0 221  5.5  0.01 68 5.40
 861  1552 282.0 221  6.2  0.01 67 5.10
 810  2001 279.0 222  7.0  0.01 66 4.80
 709  2902 273.0 223  8.5  0.01 64 4.20
 608  3802 267.0 224 10.0  0.01 62 3.60
 506  4702 261.0 225 11.5  0.01 60 3.00
 405  5602 255.0 226 13.0  0.01 58 2.40
2020061500007010  988.6 0.00 0   600.0   300.0   291.1    8.00   220.0     3.5   292.1
1008   252 290.7 220  4.1  0.01 69 5.97
 993   387 289.8 220  4.3  0.01 69 5.88
 962   657 288.0 220  4.8  0.01 69 5.70
 912  1106 285.0 221  5.5  0.01 68 5.40
 861  1557 282.0 221  6.2  0.01 67 5.10
 810  2006 279.0 222  7.0  0.01 66 4.80
 709  2907 273.0 223  8.5  0.01 64 4.20
 608  3807 267.0 224 10.0  0.01 62 3.60
 506  4707 261.0 225 11.5  0.01 60 3.00
 405  5607 255.0 226 13.0  0.01 58 2.40
2020061500008010  988.1 0.00 0   600.0   300.0   291.2    8.00   220.0     3.5   292.2
1008   257 290.7 220  4.1  0.01 69 5.97
 993   392 289.8 220  4.3  0.01 69 5.88
 962   662 288.0 220  4.8  0.01 69 5.70
 912  1111 285.0 221  5.5  0.01 68 5.40
 861  1562 282.0 221  6.2  0.01 67 5.10
 810  2011 279.0 222  7.0  0.01 66 4.80
 709  2912 273.0 223  8.5  0.01 64 4.20
 608  3812 267.0 224 10.0  0.01 62 3.60
 506  4712 261.0 225 11.5  0.01 60 3.00
 405  5612 255.0 226 13.0  0.01 58 2.40
2020061500009010  987.5 0.00 0   600.0   300.0   291.2    8.00   220.0     3.5   292.2
1008   262 290.7 220  4.1  0.01 69 5.97
 993   397 289.8 220  4.3  0.01 69 5.88
 962   667 288.0 220  4.8  0.01 69 5.70
 912  1116 285.0 221  5.5  0.01 68 5.40
 861  1567 282.0 221  6.2  0.01 67 5.10
 810  2016 279.0 222  7.0  0.01 66 4.80
 709  2917 273.0 223  8.5  0.01 64 4.20
 608  3817 267.0 224 10.0  0.01 62 3.60
 506  4717 261.0 225 11.5  0.01 60 3.00
 405  5617 255.0 226 13.0  0.01 58 2.40
2020061500010010  986.9 0.00 0   600.0   300.0   291.2    8.00   220.0     3.5   292.2
1008   267 290.7 220  4.1  0.01 69 5.97
 993   402 289.8 220  4.3  0.01 69 5.88
 962   672 288.0 220  4.8  0.01 69 5.70
 912  1121 285.0 221  5.5  0.01 68 5.40
 861  1572 282.0 221  6.2  0.01 67 5.10
 810  2021 279.0 222  7.0  0.01 66 4.80
 709  2922 273.0 223  8.5  0.01 64 4.20
 608  3822 267.0 224 10.0  0.01 62 3.60
 506  4722 261.0 225 11.5  0.01 60 3.00
 405  5622 255.0 226 13.0  0.01 58 2.40
2020061500011010  986.3 0.00 0   600.0   300.0   291.2    8.00   220.0     3.5   292.2
1008   272 290.7 220  4.1  0.01 69 5.97
 993   407 289.8 220  4.3  0.01 69 5.88
 962   677 288.0 220  4.8  0.01 69 5.70
 912  1126 285.0 221  5.5  0.01 68 5.40
 861  1577 282.0 221  6.2  0.01 67 5.10
 810  2026 279.0 222  7.0  0.01 66 4.80
 709  2927 273.0 223  8.5  0.01 64 4.20
 608  3827 267.0 224 10.0  0.01 62 3.60
 506  4727 261.0 225 11.5  0.01 60 3.00
 405  5627 255.0 226 13.0  0.01 58 2.40
2020061500012010  985.7 0.00 0   600.0   300.0   291.2    8.00   220.0     3.5   292.2
1008   277 290.7 220  4.1  0.01 69 5.97
 993   412 289.8 220  4.3  0.01 69 5.88
 962   682 288.0 220  4.8  0.01 69 5.70
 912  1131 285.0 221  5.5  0.01 68 5.40
 861  1582 282.0 221  6.2  0.01 67 5.10
 810  2031 279.0 222  7.0  0.01 66 4.80
 709  2932 273.0 223  8.5  0.01 64 4.20
 608  3832 267.0 224 10.0  0.01 62 3.60
 506  4732 261.0 225 11.5  0.01 60 3.00
 405  5632 255.0 226 13.0  0.01 58 2.40
2020061500013010  985.1 0.00 0   600.0   300.0   291.2    8.00   220.0     3.5   292.2
1008   282 290.7 220  4.1  0.01 69 5.97
 993   417 289.8 220  4.3  0.01 69 5.88
 962   687 288.0 220  4.8  0.01 69 5.70
 912  1136 285.0 221  5.5  0.01 68 5.40
 861  1587 282.0 221  6.2  0.01 67 5.10
 810  2036 279.0 222  7.0  0.01 66 4.80
 709  2937 273.0 223  8.5  0.01 64 4.20
 608  3837 267.0 224 10.0  0.01 62 3.60
 506  4737 261.0 225 11.5  0.01 60 3.00
 405  5637 255.0 226 13.0  0.01 58 2.40
2020061500014010  984.5 0.00 0   600.0   300.0   291.2    8.00   220.0     3.5   292.2
1008   287 290.7 220  4.1  0.01 69 5.97
 993   422 289.8 220  4.3  0.01 69 5.88
 962   692 288.0 220  4.8  0.01 69 5.70
 912  1141 285.0 221  5.5  0.01 68 5.40
 861  1592 282.0 221  6.2  0.01 67 5.10
 810  2041 279.0 222  7.0  0.01 66 4.80
 709  2942 273.0 223  8.5  0.01 64 4.20
 608  3842 267.0 224 10.0  0.01 62 3.60
 506  4742 261.0 225 11.5  0.01 60 3.00
 405  5642 255.0 226 13.0  0.01 58 2.40
2020061500001011  991.8 0.00 0   600.0   300.0   291.1    8.00   220.0     3.5   292.1
1008   225 290.7 220  4.1  0.01 69 5.97
 993   360 289.8 220  4.3  0.01 69 5.88
 962   630 288.0 220  4.8  0.01 69 5.70
 912  1079 285.0 221  5.5  0.01 68 5.40
 861  1530 282.0 221  6.2  0.01 67 5.10
 810  1979 279.0 222  7.0  0.01 66 4.80
 709  2880 273.0 223  8.5  0.01 64 4.20
 608  3780 267.0 224 10.0  0.01 62 3.60
 506  4680 261.0 225 11.5  0.01 60 3.00
 405  5580 255.0 226 13.0  0.01 58 2.40
2020061500002011  991.2 0.00 0   600.0   300.0   291.1    8.00   220.0     3.5   292.1
1008   230 290.7 220  4.1  0.01 69 5.97
 993   365 289.8 220  4.3  0.01 69 5.88
 962   635 288.0 220  4.8  0.01 69 5.70
 912  1084 285.0 221  5.5  0.01 68 5.40
 861  1535 282.0 221  6.2  0.01 67 5.10
 810  1984 279.0 222  7.0  0.01 66 4.80
 709  2885 273.0 223  8.5  0.01 64 4.20
 608  3785 267.0 224 10.0  0.01 62 3.60
 506  4685 261.0 225 11.5  0.01 60 3.00
 405  5585 255.0 226 13.0  0.01 58 2.40
2020061500003011  990.6 0.00 0   600.0   300.0   291.1    8.00   220.0     3.5   292.1
1008   235 290.7 220  4.1  0.01 69 5.97
 993   370 289.8 220  4.3  0.01 69 5.88
 962   640 288.0 220  4.8  0.01 69 5.70
 912  1089 285.0 221  5.5  0.01 68 5.40
 861  1540 282.0 221  6.2  0.01 67 5.10
 810  1989 279.0 222  7.0  0.01 66 4.80
 709  2890 273.0 223  8.5  0.01 64 4.20
 608  3790 267.0 224 10.0  0.01 62 3.60
 506  4690 261.0 225 11.5  0.01 60 3.00
 405  5590 255.0 226 13.0  0.01 58 2.40
2020061500004011  990.1 0.00 0   600.0   300.0   291.1    8.00   220.0     3.5   292.1
1008   240 290.7 220  4.1  0.01 69 5.97
 993   375 289.8 220  4.3  0.01 69 5.88
 962   645 288.0 220  4.8  0.01 69 5.70
 912  1094 285.0 221  5.5  0.01 68 5.40
 861  1545 282.0 221  6.2  0.01 67 5.10
 810  1994 279.0 222  7.0  0.01 66 4.80
 709  2895 273.0 223  8.5  0.01 64 4.20
 608  3795 267.0 224 10.0  0.01 62 3.60
 506  4695 261.0 225 11.5  0.01 60 3.00
 405  5595 255.0 226 13.0  0.01 58 2.40
2020061500005011  989.5 0.00 0   600.0   300.0   291.1    8.00   220.0     3.5   292.1
1008   245 290.7 220  4.1  0.01 69 5.97
 993   380 289.8 220  4.3  0.01 69 5.88
 962   650 288.0 220  4.8  0.01 69 5.70
 912  1099 285.0 221  5.5  0.01 68 5.40
 861  1550 282.0 221  6.2  0.01 67 5.10
 810  1999 279.0 222  7.0  0.01 66 4.80
 709  2900 273.0 223  8.5  0.01 64 4.20
 608  3800 267.0 224 10.0  0.01 62 3.60
 506  4700 261.0 225 11.5  0.01 60 3.00
 405  5600 255.0 226 13.0  0.01 58 2.40
2020061500006011  988.9 0.00 0   600.0   300.0   291.1    8.00   220.0     3.5   292.1
1008   250 290.7 220  4.1  0.01 69 5.97
 993   385 289.8 220  4.3  0.01 69 5.88
 962   655 288.0 220  4.8  0.01 69 5.70
 912  1104 285.0 221  5.5  0.01 68 5.40
 861  1555 282.0 221  6.2  0.01 67 5.10
 810  2004 279.0 222  7.0  0.01 66 4.80
 709  2905 273.0 223  8.5  0.01 64 4.20
 608  3805 267.0 224 10.0  0.01 62 3.60
 506  4705 261.0 225 11.5  0.01 60 3.00
 405  5605 255.0 226 13.0  0.01 58 2.40
2020061500007011  988.3 0.00 0   600.0   300.0   291.2    8.00   220.0     3.5   292.2
1008   255 290.7 220  4.1  0.01 69 5.97
 993   390 289.8 220  4.3  0.01 69 5.88
 962   660 288.0 220  4.8  0.01 69 5.70
 912  1109 285.0 221  5.5  0.01 68 5.40
 861  1560 282.0 221  6.2  0.01 67 5.10
 810  2009 279.0 222  7.0  0.01 66 4.80
 709  2910 273.0 223  8.5  0.01 64 4.20
 608  3810 267.0 224 10.0  0.01 62 3.60
 506  4710 261.0 225 11.5  0.01 60 3.00
 405  5610 255.0 226 13.0  0.01 58 2.40
2020061500008011  987.7 0.00 0   600.0   300.0   291.2    8.00   220.0     3.5   292.2
1008   260 290.7 220  4.1  0.01 69 5.97
 993   395 289.8 220  4.3  0.01 69 5.88
 962   665 288.0 220  4.8  0.01 69 5.70
 912  1114 285.0 221  5.5  0.01 68 5.40
 861  1565 282.0 221  6.2  0.01 67 5.10
 810  2014 279.0 222  7.0  0.01 66 4.80
 709  2915 273.0 223  8.5  0.01 64 4.20
 608  3815 267.0 224 10.0  0.01 62 3.60
 506  4715 261.0 225 11.5  0.01 60 3.00
 405  5615 255.0 226 13.0  0.01 58 2.40
2020061500009011  987.1 0.00 0   600.0   300.0   291.2    8.00   220.0     3.5   292.2
1008   265 290.7 220  4.1  0.01 69 5.97
 993   400 289.8 220  4.3  0.01 69 5.88
 962   670 288.0 220  4.8  0.01 69 5.70
 912  1119 285.0 221  5.5  0.01 68 5.40
 861  1570 282.0 221  6.2  0.01 67 5.10
 810  2019 279.0 222  7.0  0.01 66 4.80
 709  2920 273.0 223  8.5  0.01 64 4.20
 608  3820 267.0 224 10.0  0.01 62 3.60
 506  4720 261.0 225 11.5  0.01 60 3.00
 405  5620 255.0 226 13.0  0.01 58 2.40
2020061500010011  986.5 0.00 0   600.0   300.0   291.2    8.00   220.0     3.5   292.2
1008   270 290.7 220  4.1  0.01 69 5.97
 993   405 289.8 220  4.3  0.01 69 5.88
 962   675 288.0 220  4.8  0.01 69 5.70
 912  1124 285.0 221  5.5  0.01 68 5.40
 861  1575 282.0 221  6.2  0.01 67 5.10
 810  2024 279.0 222  7.0  0.01 66 4.80
 709  2925 273.0 223  8.5  0.01 64 4.20
 608  3825 267.0 224 10.0  0.01 62 3.60
 506  4725 261.0 225 11.5  0.01 60 3.00
 405  5625 255.0 226 13.0  0.01 58 2.40
2020061500011011  985.9 0.00 0   600.0   300.0   291.2    8.00   220.0     3.5   292.2
1008   275 290.7 220  4.1  0.01 69 5.97
 993   410 289.8 220  4.3  0.01 69 5.88
 962   680 288.0 220  4.8  0.01 69 5.70
 912  1129 285.0 221  5.5  0.01 68 5.40
 861  1580 282.0 221  6.2  0.01 67 5.10
 810  2029 279.0 222  7.0  0.01 66 4.80
 709  2930 273.0 223  8.5  0.01 64 4.20
 608  3830 267.0 224 10.0  0.01 62 3.60
 506  4730 261.0 225 11.5  0.01 60 3.00
 405  5630 255.0 226 13.0  0.01 58 2.40
2020061500012011  985.4 0.00 0   600.0   300.0   291.2    8.00   220.0     3.5   292.2
1008   280 290.7 220  4.1  0.01 69 5.97
 993   415 289.8 220  4.3  0.01 69 5.88
 962   685 288.0 220  4.8  0.01 69 5.70
 912  1134 285.0 221  5.5  0.01 68 5.40
 861  1585 282.0 221  6.2  0.01 67 5.10
 810  2034 279.0 222  7.0  0.01 66 4.80
 709  2935 273.0 223  8.5  0.01 64 4.20
 608  3835 267.0 224 10.0  0.01 62 3.60
 506  4735 261.0 225 11.5  0.01 60 3.00
 405  5635 255.0 226 13.0  0.01 58 2.40
2020061500013011  984.8 0.00 0   600.0   300.0   291.2    8.00   220.0     3.5   292.2
1008   285 290.7 220  4.1  0.01 69 5.97
 993   420 289.8 220  4.3  0.01 69 5.88
 962   690 288.0 220  4.8  0.01 69 5.70
 912  1139 285.0 221  5.5  0.01 68 5.40
 861  1590 282.0 221  6.2  0.01 67 5.10
 810  2039 279.0 222  7.0  0.01 66 4.80
 709  2940 273.0 223  8.5  0.01 64 4.20
 608  3840 267.0 224 10.0  0.01 62 3.60
 506  4740 261.0 225 11.5  0.01 60 3.00
 405  5640 255.0 226 13.0  0.01 58 2.40
2020061500014011  984.2 0.00 0   600.0   300.0   291.2    8.00   220.0     3.5   292.2
1008   290 290.7 220  4.1  0.01 69 5.97
 993   425 289.8 220  4.3  0.01 69 5.88
 962   695 288.0 220  4.8  0.01 69 5.70
 912  1144 285.0 221  5.5  0.01 68 5.40
 861  1595 282.0 221  6.2  0.01 67 5.10
 810  2044 279.0 222  7.0  0.01 66 4.80
 709  2945 273.0 223  8.5  0.01 64 4.20
 608  3845 267.0 224 10.0  0.01 62 3.60
 506  4745 261.0 225 11.5  0.01 60 3.00
 405  5645 255.0 226 13.0  0.01 58 2.40
2020061500001012  991.5 0.00 0   600.0   300.0   291.1    8.00   220.0     3.5   292.1
1008   228 290.7 220  4.1  0.01 69 5.97
 993   363 289.8 220  4.3  0.01 69 5.88
 962   633 288.0 220  4.8  0.01 69 5.70
 912  1082 285.0 221  5.5  0.01 68 5.40
 861  1533 282.0 221  6.2  0.01 67 5.10
 810  1982 279.0 222  7.0  0.01 66 4.80
 709  2883 273.0 223  8.5  0.01 64 4.20
 608  3783 267.0 224 10.0  0.01 62 3.60
 506  4683 261.0 225 11.5  0.01 60 3.00
 405  5583 255.0 226 13.0  0.01 58 2.40
2020061500002012  990.9 0.00 0   600.0   300.0   291.1    8.00   220.0     3.5   292.1
1008   233 290.7 220  4.1  0.01 69 5.97
 993   368 289.8 220  4.3  0.01 69 5.88
 962   638 288.0 220  4.8  0.01 69 5.70
 912  1087 285.0 221  5.5  0.01 68 5.40
 861  1538 282.0 221  6.2  0.01 67 5.10
 810  1987 279.0 222  7.0  0.01 66 4.80
 709  2888 273.0 223  8.5  0.01 64 4.20
 608  3788 267.0 224 10.0  0.01 62 3.60
 506  4688 261.0 225 11.5  0.01 60 3.00
 405  5588 255.0 226 13.0  0.01 58 2.40
2020061500003012  990.3 0.00 0   600.0   300.0   291.1    8.00   220.0     3.5   292.1
1008   238 290.7 220  4.1  0.01 69 5.97
 993   373 289.8 220  4.3  0.01 69 5.88
 962   643 288.0 220  4.8  0.01 69 5.70
 912  1092 285.0 221  5.5  0.01 68 5.40
 861  1543 282.0 221  6.2  0.01 67 5.10
 810  1992 279.0 222  7.0  0.01 66 4.80
 709  2893 273.0 223  8.5  0.01 64 4.20
 608  3793 267.0 224 10.0  0.01 62 3.60
 506  4693 261.0 225 11.5  0.01 60 3.00
 405  5593 255.0 226 13.0  0.01 58 2.40
2020061500004012  989.7 0.00 0   600.0   300.0   291.1    8.00   220.0     3.5   292.1
1008   243 290.7 220  4.1  0.01 69 5.97
 993   378 289.8 220  4.3  0.01 69 5.88
 962   648 288.0 220  4.8  0.01 69 5.70
 912  1097 285.0 221  5.5  0.01 68 5.40
 861  1548 282.0 221  6.2  0.01 67 5.10
 810  1997 279.0 222  7.0  0.01 66 4.80
 709  2898 273.0 223  8.5  0.01 64 4.20
 608  3798 267.0 224 10.0  0.01 62 3.60
 506  4698 261.0 225 11.5  0.01 60 3.00
 405  5598 255.0 226 13.0  0.01 58 2.40
2020061500005012  989.1 0.00 0   600.0   300.0   291.1    8.00   220.0     3.5   292.1
1008   248 290.7 220  4.1  0.01 69 5.97
 993   383 289.8 220  4.3  0.01 69 5.88
 962   653 288.0 220  4.8  0.01 69 5.70
 912  1102 285.0 221  5.5  0.01 68 5.40
 861  1553 282.0 221  6.2  0.01 67 5.10
 810  2002 279.0 222  7.0  0.01 66 4.80
 709  2903 273.0 223  8.5  0.01 64 4.20
 608  3803 267.0 224 10.0  0.01 62 3.60
 506  4703 261.0 225 11.5  0.01 60 3.00
 405  5603 255.0 226 13.0  0.01 58 2.40
2020061500006012  988.5 0.00 0   600.0   300.0   291.2    8.00   220.0     3.5   292.2
1008   253 290.7 220  4.1  0.01 69 5.97
 993   388 289.8 220  4.3  0.01 69 5.88
 962   658 288.0 220  4.8  0.01 69 5.70
 912  1107 285.0 221  5.5  0.01 68 5.40
 861  1558 282.0 221  6.2  0.01 67 5.10
 810  2007 279.0 222  7.0  0.01 66 4.80
 709  2908 273.0 223  8.5  0.01 64 4.20
 608  3808 267.0 224 10.0  0.01 62 3.60
 506  4708 261.0 225 11.5  0.01 60 3.00
 405  5608 255.0 226 13.0  0.01 58 2.40
2020061500007012  987.9 0.00 0   600.0   300.0   291.2    8.00   220.0     3.5   292.2
1008   258 290.7 220  4.1  0.01 69 5.97
 993   393 289.8 220  4.3  0.01 69 5.88
 962   663 288.0 220  4.8  0.01 69 5.70
 912  1112 285.0 221  5.5  0.01 68 5.40
 861  1563 282.0 221  6.2  0.01 67 5.10
 810  2012 279.0 222  7.0  0.01 66 4.80
 709  2913 273.0 223  8.5  0.01 64 4.20
 608  3813 267.0 224 10.0  0.01 62 3.60
 506  4713 261.0 225 11.5  0.01 60 3.00
 405  5613 255.0 226 13.0  0.01 58 2.40
2020061500008012  987.4 0.00 0   600.0   300.0   291.2    8.00   220.0     3.5   292.2
1008   263 290.7 220  4.1  0.01 69 5.97
 993   398 289.8 220  4.3  0.01 69 5.88
 962   668 288.0 220  4.8  0.01 69 5.70
 912  1117 285.0 221  5.5  0.01 68 5.40
 861  1568 282.0 221  6.2  0.01 67 5.10
 810  2017 279.0 222  7.0  0.01 66 4.80
 709  2918 273.0 223  8.5  0.01 64 4.20
 608  3818 267.0 224 10.0  0.01 62 3.60
 506  4718 261.0 225 11.5  0.01 60 3.00
 405  5618 255.0 226 13.0  0.01 58 2.40
2020061500009012  986.8 0.00 0   600.0   300.0   291.2    8.00   220.0     3.5   292.2
1008   268 290.7 220  4.1  0.01 69 5.97
 993   403 289.8 220  4.3  0.01 69 5.88
 962   673 288.0 220  4.8  0.01 69 5.70
 912  1122 285.0 221  5.5  0.01 68 5.40
 861  1573 282.0 221  6.2  0.01 67 5.10
 810  2022 279.0 222  7.0  0.01 66 4.80
 709  2923 273.0 223  8.5  0.01 64 4.20
 608  3823 267.0 224 10.0  0.01 62 3.60
 506  4723 261.0 225 11.5  0.01 60 3.00
 405  5623 255.0 226 13.0  0.01 58 2.40
2020061500010012  986.2 0.00 0   600.0   300.0   291.2    8.00   220.0     3.5   292.2
1008   273 290.7 220  4.1  0.01 69 5.97
 993   408 289.8 220  4.3  0.01 69 5.88
 962   678 288.0 220  4.8  0.01 69 5.70
 912  1127 285.0 221  5.5  0.01 68 5.40
 861  1578 282.0 221  6.2  0.01 67 5.10
 810  2027 279.0 222  7.0  0.01 66 4.80
 709  2928 273.0 223  8.5  0.01 64 4.20
 608  3828 267.0 224 10.0  0.01 62 3.60
 506  4728 261.0 225 11.5  0.01 60 3.00
 405  5628 255.0 226 13.0  0.01 58 2.40
2020061500011012  985.6 0.00 0   600.0   300.0   291.2    8.00   220.0     3.5   292.2
1008   278 290.7 220  4.1  0.01 69 5.97
 993   413 289.8 220  4.3  0.01 69 5.88
 962   683 288.0 220  4.8  0.01 69 5.70
 912  1132 285.0 221  5.5  0.01 68 5.40
 861  1583 282.0 221  6.2  0.01 67 5.10
 810  2032 279.0 222  7.0  0.01 66 4.80
 709  2933 273.0 223  8.5  0.01 64 4.20
 608  3833 267.0 224 10.0  0.01 62 3.60
 506  4733 261.0 225 11.5  0.01 60 3.00
 405  5633 255.0 226 13.0  0.01 58 2.40
2020061500012012  985.0 0.00 0   600.0   300.0   291.2    8.00   220.0     3.5   292.2
1008   283 290.7 220  4.1  0.01 69 5.97
 993   418 289.8 220  4.3  0.01 69 5.88
 962   688 288.0 220  4.8  0.01 69 5.70
 912  1137 285.0 221  5.5  0.01 68 5.40
 861  1588 282.0 221  6.2  0.01 67 5.10
 810  2037 279.0 222  7.0  0.01 66 4.80
 709  2938 273.0 223  8.5  0.01 64 4.20
 608  3838 267.0 224 10.0  0.01 62 3.60
 506  4738 261.0 225 11.5  0.01 60 3.00
 405  5638 255.0 226 13.0  0.01 58 2.40
2020061500013012  984.4 0.00 0   600.0   300.0   291.2    8.00   220.0     3.5   292.2
1008   288 290.7 220  4.1  0.01 69 5.97
 993   423 289.8 220  4.3  0.01 69 5.88
 962   693 288.0 220  4.8  0.01 69 5.70
 912  1142 285.0 221  5.5  0.01 68 5.40
 861  1593 282.0 221  6.2  0.01 67 5.10
 810  2042 279.0 222  7.0  0.01 66 4.80
 709  2943 273.0 223  8.5  0.01 64 4.20
 608  3843 267.0 224 10.0  0.01 62 3.60
 506  4743 261.0 225 11.5  0.01 60 3.00
 405  5643 255.0 226 13.0  0.01 58 2.40
2020061500014012  983.8 0.00 0   600.0   300.0   291.2    8.00   220.0     3.5   292.2
1008   293 290.7 220  4.1  0.01 69 5.97
 993   428 289.8 220  4.3  0.01 69 5.88
 962   698 288.0 220  4.8  0.01 69 5.70
 912  1147 285.0 221  5.5  0.01 68 5.40
 861  1598 282.0 221  6.2  0.01 67 5.10
 810  2047 279.0 222  7.0  0.01 66 4.80
 709  2948 273.0 223  8.5  0.01 64 4.20
 608  3848 267.0 224 10.0  0.01 62 3.60
 506  4748 261.0 225 11.5  0.01 60 3.00
 405  5648 255.0 226 13.0  0.01 58 2.40
2020061500001013  991.1 0.00 0   600.0   300.0   291.1    8.00   220.0     3.5   292.1
1008   231 290.7 220  4.1  0.01 69 5.97
 993   366 289.8 220  4.3  0.01 69 5.88
 962   636 288.0 220  4.8  0.01 69 5.70
 912  1085 285.0 221  5.5  0.01 68 5.40
 861  1536 282.0 221  6.2  0.01 67 5.10
 810  1985 279.0 222  7.0  0.01 66 4.80
 709  2886 273.0 223  8.5  0.01 64 4.20
 608  3786 267.0 224 10.0  0.01 62 3.60
 506  4686 261.0 225 11.5  0.01 60 3.00
 405  5586 255.0 226 13.0  0.01 58 2.40
2020061500002013  990.5 0.00 0   600.0   300.0   291.1    8.00   220.0     3.5   292.1
1008   236 290.7 220  4.1  0.01 69 5.97
 993   371 289.8 220  4.3  0.01 69 5.88
 962   641 288.0 220  4.8  0.01 69 5.70
 912  1090 285.0 221  5.5  0.01 68 5.40
 861  1541 282.0 221  6.2  0.01 67 5.10
 810  1990 279.0 222  7.0  0.01 66 4.80
 709  2891 273.0 223  8.5  0.01 64 4.20
 608  3791 267.0 224 10.0  0.01 62 3.60
 506  4691 261.0 225 11.5  0.01 60 3.00
 405  5591 255.0 226 13.0  0.01 58 2.40
2020061500003013  989.9 0.00 0   600.0   300.0   291.1    8.00   220.0     3.5   292.1
1008   241 290.7 220  4.1  0.01 69 5.97
 993   376 289.8 220  4.3  0.01 69 5.88
 962   646 288.0 220  4.8  0.01 69 5.70
 912  1095 285.0 221  5.5  0.01 68 5.40
 861  1546 282.0 221  6.2  0.01 67 5.10
 810  1995 279.0 222  7.0  0.01 66 4.80
 709  2896 273.0 223  8.5  0.01 64 4.20
 608  3796 267.0 224 10.0  0.01 62 3.60
 506  4696 261.0 225 11.5  0.01 60 3.00
 405  5596 255.0 226 13.0  0.01 58 2.40
2020061500004013  989.4 0.00 0   600.0   300.0   291.1    8.00   220.0     3.5   292.1
1008   246 290.7 220  4.1  0.01 69 5.97
 993   381 289.8 220  4.3  0.01 69 5.88
 962   651 288.0 220  4.8  0.01 69 5.70
 912  1100 285.0 221  5.5  0.01 68 5.40
 861  1551 282.0 221  6.2  0.01 67 5.10
 810  2000 279.0 222  7.0  0.01 66 4.80
 709  2901 273.0 223  8.5  0.01 64 4.20
 608  3801 267.0 224 10.0  0.01 62 3.60
 506  4701 261.0 225 11.5  0.01 60 3.00
 405  5601 255.0 226 13.0  0.01 58 2.40
2020061500005013  988.8 0.00 0   600.0   300.0   291.2    8.00   220.0     3.5   292.2
1008   251 290.7 220  4.1  0.01 69 5.97
 993   386 289.8 220  4.3  0.01 69 5.88
 962   656 288.0 220  4.8  0.01 69 5.70
 912  1105 285.0 221  5.5  0.01 68 5.40
 861  1556 282.0 221  6.2  0.01 67 5.10
 810  2005 279.0 222  7.0  0.01 66 4.80
 709  2906 273.0 223  8.5  0.01 64 4.20
 608  3806 267.0 224 10.0  0.01 62 3.60
 506  4706 261.0 225 11.5  0.01 60 3.00
 405  5606 255.0 226 13.0  0.01 58 2.40
2020061500006013  988.2 0.00 0   600.0   300.0   291.2    8.00   220.0     3.5   292.2
1008   256 290.7 220  4.1  0.01 69 5.97
 993   391 289.8 220  4.3  0.01 69 5.88
 962   661 288.0 220  4.8  0.01 69 5.70
 912  1110 285.0 221  5.5  0.01 68 5.40
 861  1561 282.0 221  6.2  0.01 67 5.10
 810  2010 279.0 222  7.0  0.01 66 4.80
 709  2911 273.0 223  8.5  0.01 64 4.20
 608  3811 267.0 224 10.0  0.01 62 3.60
 506  4711 261.0 225 11.5  0.01 60 3.00
 405  5611 255.0 226 13.0  0.01 58 2.40
2020061500007013  987.6 0.00 0   600.0   300.0   291.2    8.00   220.0     3.5   292.2
1008   261 290.7 220  4.1  0.01 69 5.97
 993   396 289.8 220  4.3  0.01 69 5.88
 962   666 288.0 220  4.8  0.01 69 5.70
 912  1115 285.0 221  5.5  0.01 68 5.40
 861  1566 282.0 221  6.2  0.01 67 5.10
 810  2015 279.0 222  7.0  0.01 66 4.80
 709  2916 273.0 223  8.5  0.01 64 4.20
 608  3816 267.0 224 10.0  0.01 62 3.60
 506  4716 261.0 225 11.5  0.01 60 3.00
 405  5616 255.0 226 13.0  0.01 58 2.40
2020061500008013  987.0 0.00 0   600.0   300.0   291.2    8.00   220.0     3.5   292.2
1008   266 290.7 220  4.1  0.01 69 5.97
 993   401 289.8 220  4.3  0.01 69 5.88
 962   671 288.0 220  4.8  0.01 69 5.70
 912  1120 285.0 221  5.5  0.01 68 5.40
 861  1571 282.0 221  6.2  0.01 67 5.10
 810  2020 279.0 222  7.0  0.01 66 4.80
 709  2921 273.0 223  8.5  0.01 64 4.20
 608  3821 267.0 224 10.0  0.01 62 3.60
 506  4721 261.0 225 11.5  0.01 60 3.00
 405  5621 255.0 226 13.0  0.01 58 2.40
2020061500009013  986.4 0.00 0   600.0   300.0   291.2    8.00   220.0     3.5   292.2
1008   271 290.7 220  4.1  0.01 69 5.97
 993   406 289.8 220  4.3  0.01 69 5.88
 962   676 288.0 220  4.8  0.01 69 5.70
 912  1125 285.0 221  5.5  0.01 68 5.40
 861  1576 282.0 221  6.2  0.01 67 5.10
 810  2025 279.0 222  7.0  0.01 66 4.80
 709  2926 273.0 223  8.5  0.01 64 4.20
 608  3826 267.0 224 10.0  0.01 62 3.60
 506  4726 261.0 225 11.5  0.01 60 3.00
 405  5626 255.0 226 13.0  0.01 58 2.40
2020061500010013  985.8 0.00 0   600.0   300.0   291.2    8.00   220.0     3.5   292.2
1008   276 290.7 220  4.1  0.01 69 5.97
 993   411 289.8 220  4.3  0.01 69 5.88
 962   681 288.0 220  4.8  0.01 69 5.70
 912  1130 285.0 221  5.5  0.01 68 5.40
 861  1581 282.0 221  6.2  0.01 67 5.10
 810  2030 279.0 222  7.0  0.01 66 4.80
 709  2931 273.0 223  8.5  0.01 64 4.20
 608  3831 267.0 224 10.0  0.01 62 3.60
 506  4731 261.0 225 11.5  0.01 60 3.00
 405  5631 255.0 226 13.0  0.01 58 2.40
2020061500011013  985.2 0.00 0   600.0   300.0   291.2    8.00   220.0     3.5   292.2
1008   281 290.7 220  4.1  0.01 69 5.97
 993   416 289.8 220  4.3  0.01 69 5.88
 962   686 288.0 220  4.8  0.01 69 5.70
 912  1135 285.0 221  5.5  0.01 68 5.40
 861  1586 282.0 221  6.2  0.01 67 5.10
 810  2035 279.0 222  7.0  0.01 66 4.80
 709  2936 273.0 223  8.5  0.01 64 4.20
 608  3836 267.0 224 10.0  0.01 62 3.60
 506  4736 261.0 225 11.5  0.01 60 3.00
 405  5636 255.0 226 13.0  0.01 58 2.40
2020061500012013  984.6 0.00 0   600.0   300.0   291.2    8.00   220.0     3.5   292.2
1008   286 290.7 220  4.1  0.01 69 5.97
 993   421 289.8 220  4.3  0.01 69 5.88
 962   691 288.0 220  4.8  0.01 69 5.70
 912  1140 285.0 221  5.5  0.01 68 5.40
 861  1591 282.0 221  6.2  0.01 67 5.10
 810  2040 279.0 222  7.0  0.01 66 4.80
 709  2941 273.0 223  8.5  0.01 64 4.20
 608  3841 267.0 224 10.0  0.01 62 3.60
 506  4741 261.0 225 11.5  0.01 60 3.00
 405  5641 255.0 226 13.0  0.01 58 2.40
2020061500013013  984.1 0.00 0   600.0   300.0   291.2    8.00   220.0     3.5   292.2
1008   291 290.7 220  4.1  0.01 69 5.97
 993   426 289.8 220  4.3  0.01 69 5.88
 962   696 288.0 220  4.8  0.01 69 5.70
 912  1145 285.0 221  5.5  0.01 68 5.40
 861  1596 282.0 221  6.2  0.01 67 5.10
 810  2045 279.0 222  7.0  0.01 66 4.80
 709  2946 273.0 223  8.5  0.01 64 4.20
 608  3846 267.0 224 10.0  0.01 62 3.60
 506  4746 261.0 225 11.5  0.01 60 3.00
 405  5646 255.0 226 13.0  0.01 58 2.40
2020061500014013  983.5 0.00 0   600.0   300.0   291.2    8.00   220.0     3.5   292.2
1008   296 290.7 220  4.1  0.01 69 5.97
 993   431 289.8 220  4.3  0.01 69 5.88
 962   701 288.0 220  4.8  0.01 69 5.70
 912  1150 285.0 221  5.5  0.01 68 5.40
 861  1601 282.0 221  6.2  0.01 67 5.10
 810  2050 279.0 222  7.0  0.01 66 4.80
 709  2951 273.0 223  8.5  0.01 64 4.20
 608  3851 267.0 224 10.0  0.01 62 3.60
 506  4751 261.0 225 11.5  0.01 60 3.00
 405  5651 255.0 226 13.0  0.01 58 2.40
2020061500001014  990.8 0.00 0   600.0   300.0   291.1    8.00   220.0     3.5   292.1
1008   234 290.7 220  4.1  0.01 69 5.97
 993   369 289.8 220  4.3  0.01 69 5.88
 962   639 288.0 220  4.8  0.01 69 5.70
 912  1088 285.0 221  5.5  0.01 68 5.40
 861  1539 282.0 221  6.2  0.01 67 5.10
 810  1988 279.0 222  7.0  0.01 66 4.80
 709  2889 273.0 223  8.5  0.01 64 4.20
 608  3789 267.0 224 10.0  0.01 62 3.60
 506  4689 261.0 225 11.5  0.01 60 3.00
 405  5589 255.0 226 13.0  0.01 58 2.40
2020061500002014  990.2 0.00 0   600.0   300.0   291.1    8.00   220.0     3.5   292.1
1008   239 290.7 220  4.1  0.01 69 5.97
 993   374 289.8 220  4.3  0.01 69 5.88
 962   644 288.0 220  4.8  0.01 69 5.70
 912  1093 285.0 221  5.5  0.01 68 5.40
 861  1544 282.0 221  6.2  0.01 67 5.10
 810  1993 279.0 222  7.0  0.01 66 4.80
 709  2894 273.0 223  8.5  0.01 64 4.20
 608  3794 267.0 224 10.0  0.01 62 3.60
 506  4694 261.0 225 11.5  0.01 60 3.00
 405  5594 255.0 226 13.0  0.01 58 2.40
2020061500003014  989.6 0.00 0   600.0   300.0   291.1    8.00   220.0     3.5   292.1
1008   244 290.7 220  4.1  0.01 69 5.97
 993   379 289.8 220  4.3  0.01 69 5.88
 962   649 288.0 220  4.8  0.01 69 5.70
 912  1098 285.0 221  5.5  0.01 68 5.40
 861  1549 282.0 221  6.2  0.01 67 5.10
 810  1998 279.0 222  7.0  0.01 66 4.80
 709  2899 273.0 223  8.5  0.01 64 4.20
 608  3799 267.0 224 10.0  0.01 62 3.60
 506  4699 261.0 225 11.5  0.01 60 3.00
 405  5599 255.0 226 13.0  0.01 58 2.40
2020061500004014  989.0 0.00 0   600.0   300.0   291.2    8.00   220.0     3.5   292.2
1008   249 290.7 220  4.1  0.01 69 5.97
 993   384 289.8 220  4.3  0.01 69 5.88
 962   654 288.0 220  4.8  0.01 69 5.70
 912  1103 285.0 221  5.5  0.01 68 5.40
 861  1554 282.0 221  6.2  0.01 67 5.10
 810  2003 279.0 222  7.0  0.01 66 4.80
 709  2904 273.0 223  8.5  0.01 64 4.20
 608  3804 267.0 224 10.0  0.01 62 3.60
 506  4704 261.0 225 11.5  0.01 60 3.00
 405  5604 255.0 226 13.0  0.01 58 2.40
2020061500005014  988.4 0.00 0   600.0   300.0   291.2    8.00   220.0     3.5   292.2
1008   254 290.7 220  4.1  0.01 69 5.97
 993   389 289.8 220  4.3  0.01 69 5.88
 962   659 288.0 220  4.8  0.01 69 5.70
 912  1108 285.0 221  5.5  0.01 68 5.40
 861  1559 282.0 221  6.2  0.01 67 5.10
 810  2008 279.0 222  7.0  0.01 66 4.80
 709  2909 273.0 223  8.5  0.01 64 4.20
 608  3809 267.0 224 10.0  0.01 62 3.60
 506  4709 261.0 225 11.5  0.01 60 3.00
 405  5609 255.0 226 13.0  0.01 58 2.40
2020061500006014  987.8 0.00 0   600.0   300.0   291.2    8.00   220.0     3.5   292.2
1008   259 290.7 220  4.1  0.01 69 5.97
 993   394 289.8 220  4.3  0.01 69 5.88
 962   664 288.0 220  4.8  0.01 69 5.70
 912  1113 285.0 221  5.5  0.01 68 5.40
 861  1564 282.0 221  6.2  0.01 67 5.10
 810  2013 279.0 222  7.0  0.01 66 4.80
 709  2914 273.0 223  8.5  0.01 64 4.20
 608  3814 267.0 224 10.0  0.01 62 3.60
 506  4714 261.0 225 11.5  0.01 60 3.00
 405  5614 255.0 226 13.0  0.01 58 2.40
2020061500007014  987.2 0.00 0   600.0   300.0   291.2    8.00   220.0     3.5   292.2
1008   264 290.7 220  4.1  0.01 69 5.97
 993   399 289.8 220  4.3  0.01 69 5.88
 962   669 288.0 220  4.8  0.01 69 5.70
 912  1118 285.0 221  5.5  0.01 68 5.40
 861  1569 282.0 221  6.2  0.01 67 5.10
 810  2018 279.0 222  7.0  0.01 66 4.80
 709  2919 273.0 223  8.5  0.01 64 4.20
 608  3819 267.0 224 10.0  0.01 62 3.60
 506  4719 261.0 225 11.5  0.01 60 3.00
 405  5619 255.0 226 13.0  0.01 58 2.40
2020061500008014  986.6 0.00 0   600.0   300.0   291.2    8.00   220.0     3.5   292.2
1008   269 290.7 220  4.1  0.01 69 5.97
 993   404 289.8 220  4.3  0.01 69 5.88
 962   674 288.0 220  4.8  0.01 69 5.70
 912  1123 285.0 221  5.5  0.01 68 5.40
 861  1574 282.0 221  6.2  0.01 67 5.10
 810  2023 279.0 222  7.0  0.01 66 4.80
 709  2924 273.0 223  8.5  0.01 64 4.20
 608  3824 267.0 224 10.0  0.01 62 3.60
 506  4724 261.0 225 11.5  0.01 60 3.00
 405  5624 255.0 226 13.0  0.01 58 2.40
2020061500009014  986.1 0.00 0   600.0   300.0   291.2    8.00   220.0     3.5   292.2
1008   274 290.7 220  4.1  0.01 69 5.97
 993   409 289.8 220  4.3  0.01 69 5.88
 962   679 288.0 220  4.8  0.01 69 5.70
 912  1128 285.0 221  5.5  0.01 68 5.40
 861  1579 282.0 221  6.2  0.01 67 5.10
 810  2028 279.0 222  7.0  0.01 66 4.80
 709  2929 273.0 223  8.5  0.01 64 4.20
 608  3829 267.0 224 10.0  0.01 62 3.60
 506  4729 261.0 225 11.5  0.01 60 3.00
 405  5629 255.0 226 13.0  0.01 58 2.40
2020061500010014  985.5 0.00 0   600.0   300.0   291.2    8.00   220.0     3.5   292.2
1008   279 290.7 220  4.1  0.01 69 5.97
 993   414 289.8 220  4.3  0.01 69 5.88
 962   684 288.0 220  4.8  0.01 69 5.70
 912  1133 285.0 221  5.5  0.01 68 5.40
 861  1584 282.0 221  6.2  0.01 67 5.10
 810  2033 279.0 222  7.0  0.01 66 4.80
 709  2934 273.0 223  8.5  0.01 64 4.20
 608  3834 267.0 224 10.0  0.01 62 3.60
 506  4734 261.0 225 11.5  0.01 60 3.00
 405  5634 255.0 226 13.0  0.01 58 2.40
2020061500011014  984.9 0.00 0   600.0   300.0   291.2    8.00   220.0     3.5   292.2
1008   284 290.7 220  4.1  0.01 69 5.97
 993   419 289.8 220  4.3  0.01 69 5.88
 962   689 288.0 220  4.8  0.01 69 5.70
 912  1138 285.0 221  5.5  0.01 68 5.40
 861  1589 282.0 221  6.2  0.01 67 5.10
 810  2038 279.0 222  7.0  0.01 66 4.80
 709  2939 273.0 223  8.5  0.01 64 4.20
 608  3839 267.0 224 10.0  0.01 62 3.60
 506  4739 261.0 225 11.5  0.01 60 3.00
 405  5639 255.0 226 13.0  0.01 58 2.40
2020061500012014  984.3 0.00 0   600.0   300.0   291.2    8.00   220.0     3.5   292.2
1008   289 290.7 220  4.1  0.01 69 5.97
 993   424 289.8 220  4.3  0.01 69 5.88
 962   694 288.0 220  4.8  0.01 69 5.70
 912  1143 285.0 221  5.5  0.01 68 5.40
 861  1594 282.0 221  6.2  0.01 67 5.10
 810  2043 279.0 222  7.0  0.01 66 4.80
 709  2944 273.0 223  8.5  0.01 64 4.20
 608  3844 267.0 224 10.0  0.01 62 3.60
 506  4744 261.0 225 11.5  0.01 60 3.00
 405  5644 255.0 226 13.0  0.01 58 2.40
2020061500013014  983.7 0.00 0   600.0   300.0   291.2    8.00   220.0     3.5   292.2
1008   294 290.7 220  4.1  0.01 69 5.97
 993   429 289.8 220  4.3  0.01 69 5.88
 962   699 288.0 220  4.8  0.01 69 5.70
 912  1148 285.0 221  5.5  0.01 68 5.40
 861  1599 282.0 221  6.2  0.01 67 5.10
 810  2048 279.0 222  7.0  0.01 66 4.80
 709  2949 273.0 223  8.5  0.01 64 4.20
 608  3849 267.0 224 10.0  0.01 62 3.60
 506  4749 261.0 225 11.5  0.01 60 3.00
 405  5649 255.0 226 13.0  0.01 58 2.40
2020061500014014  983.1 0.00 0   600.0   300.0   291.3    8.00   220.0     3.5   292.3
1008   299 290.7 220  4.1  0.01 69 5.97
 993   434 289.8 220  4.3  0.01 69 5.88
 962   704 288.0 220  4.8  0.01 69 5.70
 912  1153 285.0 221  5.5  0.01 68 5.40
 861  1604 282.0 221  6.2  0.01 67 5.10
 810  2053 279.0 222  7.0  0.01 66 4.80
 709  2954 273.0 223  8.5  0.01 64 4.20
 608  3854 267.0 224 10.0  0.01 62 3.60
 506  4754 261.0 225 11.5  0.01 60 3.00
 405  5654 255.0 226 13.0  0.01 58 2.40
2020061501001001  995.4 0.00 0   650.0   300.0   291.5    8.00   225.0     3.7   292.5
1008   195 290.9 221  4.1  0.01 69 5.97
 993   330 290.0 221  4.3  0.01 69 5.88
 962   600 288.2 221  4.8  0.01 69 5.70
 912  1049 285.2 222  5.5  0.01 68 5.40
 861  1500 282.2 222  6.2  0.01 67 5.10
 810  1949 279.2 223  7.0  0.01 66 4.80
 709  2850 273.2 224  8.5  0.01 64 4.20
 608  3750 267.2 225 10.0  0.01 62 3.60
 506  4650 261.2 226 11.5  0.01 60 3.00
 405  5550 255.2 227 13.0  0.01 58 2.40
2020061501002001  994.8 0.00 0   650.0   300.0   291.5    8.00   225.0     3.7   292.5
1008   200 290.9 221  4.1  0.01 69 5.97
 993   335 290.0 221  4.3  0.01 69 5.88
 962   605 288.2 221  4.8  0.01 69 5.70
 912  1054 285.2 222  5.5  0.01 68 5.40
 861  1505 282.2 222  6.2  0.01 67 5.10
 810  1954 279.2 223  7.0  0.01 66 4.80
 709  2855 273.2 224  8.5  0.01 64 4.20
 608  3755 267.2 225 10.0  0.01 62 3.60
 506  4655 261.2 226 11.5  0.01 60 3.00
 405  5555 255.2 227 13.0  0.01 58 2.40
2020061501003001  994.2 0.00 0   650.0   300.0   291.5    8.00   225.0     3.7   292.5
1008   205 290.9 221  4.1  0.01 69 5.97
 993   340 290.0 221  4.3  0.01 69 5.88
 962   610 288.2 221  4.8  0.01 69 5.70
 912  1059 285.2 222  5.5  0.01 68 5.40
 861  1510 282.2 222  6.2  0.01 67 5.10
 810  1959 279.2 223  7.0  0.01 66 4.80
 709  2860 273.2 224  8.5  0.01 64 4.20
 608  3760 267.2 225 10.0  0.01 62 3.60
 506  4660 261.2 226 11.5  0.01 60 3.00
 405  5560 255.2 227 13.0  0.01 58 2.40
2020061501004001  993.6 0.00 0   650.0   300.0   291.5    8.00   225.0     3.7   292.5
1008   210 290.9 221  4.1  0.01 69 5.97
 993   345 290.0 221  4.3  0.01 69 5.88
 962   615 288.2 221  4.8  0.01 69 5.70
 912  1064 285.2 222  5.5  0.01 68 5.40
 861  1515 282.2 222  6.2  0.01 67 5.10
 810  1964 279.2 223  7.0  0.01 66 4.80
 709  2865 273.2 224  8.5  0.01 64 4.20
 608  3765 267.2 225 10.0  0.01 62 3.60
 506  4665 261.2 226 11.5  0.01 60 3.00
 405  5565 255.2 227 13.0  0.01 58 2.40
2020061501005001  993.0 0.00 0   650.0   300.0   291.5    8.00   225.0     3.7   292.5
1008   215 290.9 221  4.1  0.01 69 5.97
 993   350 290.0 221  4.3  0.01 69 5.88
 962   620 288.2 221  4.8  0.01 69 5.70
 912  1069 285.2 222  5.5  0.01 68 5.40
 861  1520 282.2 222  6.2  0.01 67 5.10
 810  1969 279.2 223  7.0  0.01 66 4.80
 709  2870 273.2 224  8.5  0.01 64 4.20
 608  3770 267.2 225 10.0  0.01 62 3.60
 506  4670 261.2 226 11.5  0.01 60 3.00
 405  5570 255.2 227 13.0  0.01 58 2.40
2020061501006001  992.4 0.00 0   650.0   300.0   291.6    8.00   225.0     3.7   292.6
1008   220 290.9 221  4.1  0.01 69 5.97
 993   355 290.0 221  4.3  0.01 69 5.88
 962   625 288.2 221  4.8  0.01 69 5.70
 912  1074 285.2 222  5.5  0.01 68 5.40
 861  1525 282.2 222  6.2  0.01 67 5.10
 810  1974 279.2 223  7.0  0.01 66 4.80
 709  2875 273.2 224  8.5  0.01 64 4.20
 608  3775 267.2 225 10.0  0.01 62 3.60
 506  4675 261.2 226 11.5  0.01 60 3.00
 405  5575 255.2 227 13.0  0.01 58 2.40
2020061501007001  991.8 0.00 0   650.0   300.0   291.6    8.00   225.0     3.7   292.6
1008   225 290.9 221  4.1  0.01 69 5.97
 993   360 290.0 221  4.3  0.01 69 5.88
 962   630 288.2 221  4.8  0.01 69 5.70
 912  1079 285.2 222  5.5  0.01 68 5.40
 861  1530 282.2 222  6.2  0.01 67 5.10
 810  1979 279.2 223  7.0  0.01 66 4.80
 709  2880 273.2 224  8.5  0.01 64 4.20
 608  3780 267.2 225 10.0  0.01 62 3.60
 506  4680 261.2 226 11.5  0.01 60 3.00
 405  5580 255.2 227 13.0  0.01 58 2.40
2020061501008001  991.2 0.00 0   650.0   300.0   291.6    8.00   225.0     3.7   292.6
1008   230 290.9 221  4.1  0.01 69 5.97
 993   365 290.0 221  4.3  0.01 69 5.88
 962   635 288.2 221  4.8  0.01 69 5.70
 912  1084 285.2 222  5.5  0.01 68 5.40
 861  1535 282.2 222  6.2  0.01 67 5.10
 810  1984 279.2 223  7.0  0.01 66 4.80
 709  2885 273.2 224  8.5  0.01 64 4.20
 608  3785 267.2 225 10.0  0.01 62 3.60
 506  4685 261.2 226 11.5  0.01 60 3.00
 405  5585 255.2 227 13.0  0.01 58 2.40
2020061501009001  990.6 0.00 0   650.0   300.0   291.6    8.00   225.0     3.7   292.6
1008   235 290.9 221  4.1  0.01 69 5.97
 993   370 290.0 221  4.3  0.01 69 5.88
 962   640 288.2 221  4.8  0.01 69 5.70
 912  1089 285.2 222  5.5  0.01 68 5.40
 861  1540 282.2 222  6.2  0.01 67 5.10
 810  1989 279.2 223  7.0  0.01 66 4.80
 709  2890 273.2 224  8.5  0.01 64 4.20
 608  3790 267.2 225 10.0  0.01 62 3.60
 506  4690 261.2 226 11.5  0.01 60 3.00
 405  5590 255.2 227 13.0  0.01 58 2.40
2020061501010001  990.1 0.00 0   650.0   300.0   291.6    8.00   225.0     3.7   292.6
1008   240 290.9 221  4.1  0.01 69 5.97
 993   375 290.0 221  4.3  0.01 69 5.88
 962   645 288.2 221  4.8  0.01 69 5.70
 912  1094 285.2 222  5.5  0.01 68 5.40
 861  1545 282.2 222  6.2  0.01 67 5.10
 810  1994 279.2 223  7.0  0.01 66 4.80
 709  2895 273.2 224  8.5  0.01 64 4.20
 608  3795 267.2 225 10.0  0.01 62 3.60
 506  4695 261.2 226 11.5  0.01 60 3.00
 405  5595 255.2 227 13.0  0.01 58 2.40
2020061501011001  989.5 0.00 0   650.0   300.0   291.6    8.00   225.0     3.7   292.6
1008   245 290.9 221  4.1  0.01 69 5.97
 993   380 290.0 221  4.3  0.01 69 5.88
 962   650 288.2 221  4.8  0.01 69 5.70
 912  1099 285.2 222  5.5  0.01 68 5.40
 861  1550 282.2 222  6.2  0.01 67 5.10
 810  1999 279.2 223  7.0  0.01 66 4.80
 709  2900 273.2 224  8.5  0.01 64 4.20
 608  3800 267.2 225 10.0  0.01 62 3.60
 506  4700 261.2 226 11.5  0.01 60 3.00
 405  5600 255.2 227 13.0  0.01 58 2.40
2020061501012001  988.9 0.00 0   650.0   300.0   291.6    8.00   225.0     3.7   292.6
1008   250 290.9 221  4.1  0.01 69 5.97
 993   385 290.0 221  4.3  0.01 69 5.88
 962   655 288.2 221  4.8  0.01 69 5.70
 912  1104 285.2 222  5.5  0.01 68 5.40
 861  1555 282.2 222  6.2  0.01 67 5.10
 810  2004 279.2 223  7.0  0.01 66 4.80
 709  2905 273.2 224  8.5  0.01 64 4.20
 608  3805 267.2 225 10.0  0.01 62 3.60
 506  4705 261.2 226 11.5  0.01 60 3.00
 405  5605 255.2 227 13.0  0.01 58 2.40
2020061501013001  988.3 0.00 0   650.0   300.0   291.6    8.00   225.0     3.7   292.6
1008   255 290.9 221  4.1  0.01 69 5.97
 993   390 290.0 221  4.3  0.01 69 5.88
 962   660 288.2 221  4.8  0.01 69 5.70
 912  1109 285.2 222  5.5  0.01 68 5.40
 861  1560 282.2 222  6.2  0.01 67 5.10
 810  2009 279.2 223  7.0  0.01 66 4.80
 709  2910 273.2 224  8.5  0.01 64 4.20
 608  3810 267.2 225 10.0  0.01 62 3.60
 506  4710 261.2 226 11.5  0.01 60 3.00
 405  5610 255.2 227 13.0  0.01 58 2.40
2020061501014001  987.7 0.00 0   650.0   300.0   291.6    8.00   225.0     3.7   292.6
1008   260 290.9 221  4.1  0.01 69 5.97
 993   395 290.0 221  4.3  0.01 69 5.88
 962   665 288.2 221  4.8  0.01 69 5.70
 912  1114 285.2 222  5.5  0.01 68 5.40
 861  1565 282.2 222  6.2  0.01 67 5.10
 810  2014 279.2 223  7.0  0.01 66 4.80
 709  2915 273.2 224  8.5  0.01 64 4.20
 608  3815 267.2 225 10.0  0.01 62 3.60
 506  4715 261.2 226 11.5  0.01 60 3.00
 405  5615 255.2 227 13.0  0.01 58 2.40
2020061501001002  995.0 0.00 0   650.0   300.0   291.5    8.00   225.0     3.7   292.5
1008   198 290.9 221  4.1  0.01 69 5.97
 993   333 290.0 221  4.3  0.01 69 5.88
 962   603 288.2 221  4.8  0.01 69 5.70
 912  1052 285.2 222  5.5  0.01 68 5.40
 861  1503 282.2 222  6.2  0.01 67 5.10
 810  1952 279.2 223  7.0  0.01 66 4.80
 709  2853 273.2 224  8.5  0.01 64 4.20
 608  3753 267.2 225 10.0  0.01 62 3.60
 506  4653 261.2 226 11.5  0.01 60 3.00
 405  5553 255.2 227 13.0  0.01 58 2.40
2020061501002002  994.4 0.00 0   650.0   300.0   291.5    8.00   225.0     3.7   292.5
1008   203 290.9 221  4.1  0.01 69 5.97
 993   338 290.0 221  4.3  0.01 69 5.88
 962   608 288.2 221  4.8  0.01 69 5.70
 912  1057 285.2 222  5.5  0.01 68 5.40
 861  1508 282.2 222  6.2  0.01 67 5.10
 810  1957 279.2 223  7.0  0.01 66 4.80
 709  2858 273.2 224  8.5  0.01 64 4.20
 608  3758 267.2 225 10.0  0.01 62 3.60
 506  4658 261.2 226 11.5  0.01 60 3.00
 405  5558 255.2 227 13.0  0.01 58 2.40
2020061501003002  993.8 0.00 0   650.0   300.0   291.5    8.00   225.0     3.7   292.5
1008   208 290.9 221  4.1  0.01 69 5.97
 993   343 290.0 221  4.3  0.01 69 5.88
 962   613 288.2 221  4.8  0.01 69 5.70
 912  1062 285.2 222  5.5  0.01 68 5.40
 861  1513 282.2 222  6.2  0.01 67 5.10
 810  1962 279.2 223  7.0  0.01 66 4.80
 709  2863 273.2 224  8.5  0.01 64 4.20
 608  3763 267.2 225 10.0  0.01 62 3.60
 506  4663 261.2 226 11.5  0.01 60 3.00
 405  5563 255.2 227 13.0  0.01 58 2.40
2020061501004002  993.2 0.00 0   650.0   300.0   291.5    8.00   225.0     3.7   292.5
1008   213 290.9 221  4.1  0.01 69 5.97
 993   348 290.0 221  4.3  0.01 69 5.88
 962   618 288.2 221  4.8  0.01 69 5.70
 912  1067 285.2 222  5.5  0.01 68 5.40
 861  1518 282.2 222  6.2  0.01 67 5.10
 810  1967 279.2 223  7.0  0.01 66 4.80
 709  2868 273.2 224  8.5  0.01 64 4.20
 608  3768 267.2 225 10.0  0.01 62 3.60
 506  4668 261.2 226 11.5  0.01 60 3.00
 405  5568 255.2 227 13.0  0.01 58 2.40
2020061501005002  992.6 0.00 0   650.0   300.0   291.6    8.00   225.0     3.7   292.6
1008   218 290.9 221  4.1  0.01 69 5.97
 993   353 290.0 221  4.3  0.01 69 5.88
 962   623 288.2 221  4.8  0.01 69 5.70
 912  1072 285.2 222  5.5  0.01 68 5.40
 861  1523 282.2 222  6.2  0.01 67 5.10
 810  1972 279.2 223  7.0  0.01 66 4.80
 709  2873 273.2 224  8.5  0.01 64 4.20
 608  3773 267.2 225 10.0  0.01 62 3.60
 506  4673 261.2 226 11.5  0.01 60 3.00
 405  5573 255.2 227 13.0  0.01 58 2.40
2020061501006002  992.1 0.00 0   650.0   300.0   291.6    8.00   225.0     3.7   292.6
1008   223 290.9 221  4.1  0.01 69 5.97
 993   358 290.0 221  4.3  0.01 69 5.88
 962   628 288.2 221  4.8  0.01 69 5.70
 912  1077 285.2 222  5.5  0.01 68 5.40
 861  1528 282.2 222  6.2  0.01 67 5.10
 810  1977 279.2 223  7.0  0.01 66 4.80
 709  2878 273.2 224  8.5  0.01 64 4.20
 608  3778 267.2 225 10.0  0.01 62 3.60
 506  4678 261.2 226 11.5  0.01 60 3.00
 405  5578 255.2 227 13.0  0.01 58 2.40
2020061501007002  991.5 0.00 0   650.0   300.0   291.6    8.00   225.0     3.7   292.6
1008   228 290.9 221  4.1  0.01 69 5.97
 993   363 290.0 221  4.3  0.01 69 5.88
 962   633 288.2 221  4.8  0.01 69 5.70
 912  1082 285.2 222  5.5  0.01 68 5.40
 861  1533 282.2 222  6.2  0.01 67 5.10
 810  1982 279.2 223  7.0  0.01 66 4.80
 709  2883 273.2 224  8.5  0.01 64 4.20
 608  3783 267.2 225 10.0  0.01 62 3.60
 506  4683 261.2 226 11.5  0.01 60 3.00
 405  5583 255.2 227 13.0  0.01 58 2.40
2020061501008002  990.9 0.00 0   650.0   300.0   291.6    8.00   225.0     3.7   292.6
1008   233 290.9 221  4.1  0.01 69 5.97
 993   368 290.0 221  4.3  0.01 69 5.88
 962   638 288.2 221  4.8  0.01 69 5.70
 912  1087 285.2 222  5.5  0.01 68 5.40
 861  1538 282.2 222  6.2  0.01 67 5.10
 810  1987 279.2 223  7.0  0.01 66 4.80
 709  2888 273.2 224  8.5  0.01 64 4.20
 608  3788 267.2 225 10.0  0.01 62 3.60
 506  4688 261.2 226 11.5  0.01 60 3.00
 405  5588 255.2 227 13.0  0.01 58 2.40
2020061501009002  990.3 0.00 0   650.0   300.0   291.6    8.00   225.0     3.7   292.6
1008   238 290.9 221  4.1  0.01 69 5.97
 993   373 290.0 221  4.3  0.01 69 5.88
 962   643 288.2 221  4.8  0.01 69 5.70
 912  1092 285.2 222  5.5  0.01 68 5.40
 861  1543 282.2 222  6.2  0.01 67 5.10
 810  1992 279.2 223  7.0  0.01 66 4.80
 709  2893 273.2 224  8.5  0.01 64 4.20
 608  3793 267.2 225 10.0  0.01 62 3.60
 506  4693 261.2 226 11.5  0.01 60 3.00
 405  5593 255.2 227 13.0  0.01 58 2.40
2020061501010002  989.7 0.00 0   650.0   300.0   291.6    8.00   225.0     3.7   292.6
1008   243 290.9 221  4.1  0.01 69 5.97
 993   378 290.0 221  4.3  0.01 69 5.88
 962   648 288.2 221  4.8  0.01 69 5.70
 912  1097 285.2 222  5.5  0.01 68 5.40
 861  1548 282.2 222  6.2  0.01 67 5.10
 810  1997 279.2 223  7.0  0.01 66 4.80
 709  2898 273.2 224  8.5  0.01 64 4.20
 608  3798 267.2 225 10.0  0.01 62 3.60
 506  4698 261.2 226 11.5  0.01 60 3.00
 405  5598 255.2 227 13.0  0.01 58 2.40
2020061501011002  989.1 0.00 0   650.0   300.0   291.6    8.00   225.0     3.7   292.6
1008   248 290.9 221  4.1  0.01 69 5.97
 993   383 290.0 221  4.3  0.01 69 5.88
 962   653 288.2 221  4.8  0.01 69 5.70
 912  1102 285.2 222  5.5  0.01 68 5.40
 861  1553 282.2 222  6.2  0.01 67 5.10
 810  2002 279.2 223  7.0  0.01 66 4.80
 709  2903 273.2 224  8.5  0.01 64 4.20
 608  3803 267.2 225 10.0  0.01 62 3.60
 506  4703 261.2 226 11.5  0.01 60 3.00
 405  5603 255.2 227 13.0  0.01 58 2.40
2020061501012002  988.5 0.00 0   650.0   300.0   291.6    8.00   225.0     3.7   292.6
1008   253 290.9 221  4.1  0.01 69 5.97
 993   388 290.0 221  4.3  0.01 69 5.88
 962   658 288.2 221  4.8  0.01 69 5.70
 912  1107 285.2 222  5.5  0.01 68 5.40
 861  1558 282.2 222  6.2  0.01 67 5.10
 810  2007 279.2 223  7.0  0.01 66 4.80
 709  2908 273.2 224  8.5  0.01 64 4.20
 608  3808 267.2 225 10.0  0.01 62 3.60
 506  4708 261.2 226 11.5  0.01 60 3.00
 405  5608 255.2 227 13.0  0.01 58 2.40
2020061501013002  987.9 0.00 0   650.0   300.0   291.6    8.00   225.0     3.7   292.6
1008   258 290.9 221  4.1  0.01 69 5.97
 993   393 290.0 221  4.3  0.01 69 5.88
 962   663 288.2 221  4.8  0.01 69 5.70
 912  1112 285.2 222  5.5  0.01 68 5.40
 861  1563 282.2 222  6.2  0.01 67 5.10
 810  2012 279.2 223  7.0  0.01 66 4.80
 709  2913 273.2 224  8.5  0.01 64 4.20
 608  3813 267.2 225 10.0  0.01 62 3.60
 506  4713 261.2 226 11.5  0.01 60 3.00
 405  5613 255.2 227 13.0  0.01 58 2.40
2020061501014002  987.4 0.00 0   650.0   300.0   291.6    8.00   225.0     3.7   292.6
1008   263 290.9 221  4.1  0.01 69 5.97
 993   398 290.0 221  4.3  0.01 69 5.88
 962   668 288.2 221  4.8  0.01 69 5.70
 912  1117 285.2 222  5.5  0.01 68 5.40
 861  1568 282.2 222  6.2  0.01 67 5.10
 810  2017 279.2 223  7.0  0.01 66 4.80
 709  2918 273.2 224  8.5  0.01 64 4.20
 608  3818 267.2 225 10.0  0.01 62 3.60
 506  4718 261.2 226 11.5  0.01 60 3.00
 405  5618 255.2 227 13.0  0.01 58 2.40
2020061501001003  994.6 0.00 0   650.0   300.0   291.5    8.00   225.0     3.7   292.5
1008   201 290.9 221  4.1  0.01 69 5.97
 993   336 290.0 221  4.3  0.01 69 5.88
 962   606 288.2 221  4.8  0.01 69 5.70
 912  1055 285.2 222  5.5  0.01 68 5.40
 861  1506 282.2 222  6.2  0.01 67 5.10
 810  1955 279.2 223  7.0  0.01 66 4.80
 709  2856 273.2 224  8.5  0.01 64 4.20
 608  3756 267.2 225 10.0  0.01 62 3.60
 506  4656 261.2 226 11.5  0.01 60 3.00
 405  5556 255.2 227 13.0  0.01 58 2.40
2020061501002003  994.1 0.00 0   650.0   300.0   291.5    8.00   225.0     3.7   292.5
1008   206 290.9 221  4.1  0.01 69 5.97
 993   341 290.0 221  4.3  0.01 69 5.88
 962   611 288.2 221  4.8  0.01 69 5.70
 912  1060 285.2 222  5.5  0.01 68 5.40
 861  1511 282.2 222  6.2  0.01 67 5.10
 810  1960 279.2 223  7.0  0.01 66 4.80
 709  2861 273.2 224  8.5  0.01 64 4.20
 608  3761 267.2 225 10.0  0.01 62 3.60
 506  4661 261.2 226 11.5  0.01 60 3.00
 405  5561 255.2 227 13.0  0.01 58 2.40
2020061501003003  993.5 0.00 0   650.0   300.0   291.5    8.00   225.0     3.7   292.5
1008   211 290.9 221  4.1  0.01 69 5.97
 993   346 290.0 221  4.3  0.01 69 5.88
 962   616 288.2 221  4.8  0.01 69 5.70
 912  1065 285.2 222  5.5  0.01 68 5.40
 861  1516 282.2 222  6.2  0.01 67 5.10
 810  1965 279.2 223  7.0  0.01 66 4.80
 709  2866 273.2 224  8.5  0.01 64 4.20
 608  3766 267.2 225 10.0  0.01 62 3.60
 506  4666 261.2 226 11.5  0.01 60 3.00
 405  5566 255.2 227 13.0  0.01 58 2.40
2020061501004003  992.9 0.00 0   650.0   300.0   291.6    8.00   225.0     3.7   292.6
1008   216 290.9 221  4.1  0.01 69 5.97
 993   351 290.0 221  4.3  0.01 69 5.88
 962   621 288.2 221  4.8  0.01 69 5.70
 912  1070 285.2 222  5.5  0.01 68 5.40
 861  1521 282.2 222  6.2  0.01 67 5.10
 810  1970 279.2 223  7.0  0.01 66 4.80
 709  2871 273.2 224  8.5  0.01 64 4.20
 608  3771 267.2 225 10.0  0.01 62 3.60
 506  4671 261.2 226 11.5  0.01 60 3.00
 405  5571 255.2 227 13.0  0.01 58 2.40
2020061501005003  992.3 0.00 0   650.0   300.0   291.6    8.00   225.0     3.7   292.6
1008   221 290.9 221  4.1  0.01 69 5.97
 993   356 290.0 221  4.3  0.01 69 5.88
 962   626 288.2 221  4.8  0.01 69 5.70
 912  1075 285.2 222  5.5  0.01 68 5.40
 861  1526 282.2 222  6.2  0.01 67 5.10
 810  1975 279.2 223  7.0  0.01 66 4.80
 709  2876 273.2 224  8.5  0.01 64 4.20
 608  3776 267.2 225 10.0  0.01 62 3.60
 506  4676 261.2 226 11.5  0.01 60 3.00
 405  5576 255.2 227 13.0  0.01 58 2.40
2020061501006003  991.7 0.00 0   650.0   300.0   291.6    8.00   225.0     3.7   292.6
1008   226 290.9 221  4.1  0.01 69 5.97
 993   361 290.0 221  4.3  0.01 69 5.88
 962   631 288.2 221  4.8  0.01 69 5.70
 912  1080 285.2 222  5.5  0.01 68 5.40
 861  1531 282.2 222  6.2  0.01 67 5.10
 810  1980 279.2 223  7.0  0.01 66 4.80
 709  2881 273.2 224  8.5  0.01 64 4.20
 608  3781 267.2 225 10.0  0.01 62 3.60
 506  4681 261.2 226 11.5  0.01 60 3.00
 405  5581 255.2 227 13.0  0.01 58 2.40
2020061501007003  991.1 0.00 0   650.0   300.0   291.6    8.00   225.0     3.7   292.6
1008   231 290.9 221  4.1  0.01 69 5.97
 993   366 290.0 221  4.3  0.01 69 5.88
 962   636 288.2 221  4.8  0.01 69 5.70
 912  1085 285.2 222  5.5  0.01 68 5.40
 861  1536 282.2 222  6.2  0.01 67 5.10
 810  1985 279.2 223  7.0  0.01 66 4.80
 709  2886 273.2 224  8.5  0.01 64 4.20
 608  3786 267.2 225 10.0  0.01 62 3.60
 506  4686 261.2 226 11.5  0.01 60 3.00
 405  5586 255.2 227 13.0  0.01 58 2.40
2020061501008003  990.5 0.00 0   650.0   300.0   291.6    8.00   225.0     3.7   292.6
1008   236 290.9 221  4.1  0.01 69 5.97
 993   371 290.0 221  4.3  0.01 69 5.88
 962   641 288.2 221  4.8  0.01 69 5.70
 912  1090 285.2 222  5.5  0.01 68 5.40
 861  1541 282.2 222  6.2  0.01 67 5.10
 810  1990 279.2 223  7.0  0.01 66 4.80
 709  2891 273.2 224  8.5  0.01 64 4.20
 608  3791 267.2 225 10.0  0.01 62 3.60
 506  4691 261.2 226 11.5  0.01 60 3.00
 405  5591 255.2 227 13.0  0.01 58 2.40
2020061501009003  989.9 0.00 0   650.0   300.0   291.6    8.00   225.0     3.7   292.6
1008   241 290.9 221  4.1  0.01 69 5.97
 993   376 290.0 221  4.3  0.01 69 5.88
 962   646 288.2 221  4.8  0.01 69 5.70
 912  1095 285.2 222  5.5  0.01 68 5.40
 861  1546 282.2 222  6.2  0.01 67 5.10
 810  1995 279.2 223  7.0  0.01 66 4.80
 709  2896 273.2 224  8.5  0.01 64 4.20
 608  3796 267.2 225 10.0  0.01 62 3.60
 506  4696 261.2 226 11.5  0.01 60 3.00
 405  5596 255.2 227 13.0  0.01 58 2.40
2020061501010003  989.4 0.00 0   650.0   300.0   291.6    8.00   225.0     3.7   292.6
1008   246 290.9 221  4.1  0.01 69 5.97
 993   381 290.0 221  4.3  0.01 69 5.88
 962   651 288.2 221  4.8  0.01 69 5.70
 912  1100 285.2 222  5.5  0.01 68 5.40
 861  1551 282.2 222  6.2  0.01 67 5.10
 810  2000 279.2 223  7.0  0.01 66 4.80
 709  2901 273.2 224  8.5  0.01 64 4.20
 608  3801 267.2 225 10.0  0.01 62 3.60
 506  4701 261.2 226 11.5  0.01 60 3.00
 405  5601 255.2 227 13.0  0.01 58 2.40
2020061501011003  988.8 0.00 0   650.0   300.0   291.6    8.00   225.0     3.7   292.6
1008   251 290.9 221  4.1  0.01 69 5.97
 993   386 290.0 221  4.3  0.01 69 5.88
 962   656 288.2 221  4.8  0.01 69 5.70
 912  1105 285.2 222  5.5  0.01 68 5.40
 861  1556 282.2 222  6.2  0.01 67 5.10
 810  2005 279.2 223  7.0  0.01 66 4.80
 709  2906 273.2 224  8.5  0.01 64 4.20
 608  3806 267.2 225 10.0  0.01 62 3.60
 506  4706 261.2 226 11.5  0.01 60 3.00
 405  5606 255.2 227 13.0  0.01 58 2.40
2020061501012003  988.2 0.00 0   650.0   300.0   291.6    8.00   225.0     3.7   292.6
1008   256 290.9 221  4.1  0.01 69 5.97
 993   391 290.0 221  4.3  0.01 69 5.88
 962   661 288.2 221  4.8  0.01 69 5.70
 912  1110 285.2 222  5.5  0.01 68 5.40
 861  1561 282.2 222  6.2  0.01 67 5.10
 810  2010 279.2 223  7.0  0.01 66 4.80
 709  2911 273.2 224  8.5  0.01 64 4.20
 608  3811 267.2 225 10.0  0.01 62 3.60
 506  4711 261.2 226 11.5  0.01 60 3.00
 405  5611 255.2 227 13.0  0.01 58 2.40
2020061501013003  987.6 0.00 0   650.0   300.0   291.6    8.00   225.0     3.7   292.6
1008   261 290.9 221  4.1  0.01 69 5.97
 993   396 290.0 221  4.3  0.01 69 5.88
 962   666 288.2 221  4.8  0.01 69 5.70
 912  1115 285.2 222  5.5  0.01 68 5.40
 861  1566 282.2 222  6.2  0.01 67 5.10
 810  2015 279.2 223  7.0  0.01 66 4.80
 709  2916 273.2 224  8.5  0.01 64 4.20
 608  3816 267.2 225 10.0  0.01 62 3.60
 506  4716 261.2 226 11.5  0.01 60 3.00
 405  5616 255.2 227 13.0  0.01 58 2.40
2020061501014003  987.0 0.00 0   650.0   300.0   291.6    8.00   225.0     3.7   292.6
1008   266 290.9 221  4.1  0.01 69 5.97
 993   401 290.0 221  4.3  0.01 69 5.88
 962   671 288.2 221  4.8  0.01 69 5.70
 912  1120 285.2 222  5.5  0.01 68 5.40
 861  1571 282.2 222  6.2  0.01 67 5.10
 810  2020 279.2 223  7.0  0.01 66 4.80
 709  2921 273.2 224  8.5  0.01 64 4.20
 608  3821 267.2 225 10.0  0.01 62 3.60
 506  4721 261.2 226 11.5  0.01 60 3.00
 405  5621 255.2 227 13.0  0.01 58 2.40
2020061501001004  994.3 0.00 0   650.0   300.0   291.5    8.00   225.0     3.7   292.5
1008   204 290.9 221  4.1  0.01 69 5.97
 993   339 290.0 221  4.3  0.01 69 5.88
 962   609 288.2 221  4.8  0.01 69 5.70
 912  1058 285.2 222  5.5  0.01 68 5.40
 861  1509 282.2 222  6.2  0.01 67 5.10
 810  1958 279.2 223  7.0  0.01 66 4.80
 709  2859 273.2 224  8.5  0.01 64 4.20
 608  3759 267.2 225 10.0  0.01 62 3.60
 506  4659 261.2 226 11.5  0.01 60 3.00
 405  5559 255.2 227 13.0  0.01 58 2.40
2020061501002004  993.7 0.00 0   650.0   300.0   291.5    8.00   225.0     3.7   292.5
1008   209 290.9 221  4.1  0.01 69 5.97
 993   344 290.0 221  4.3  0.01 69 5.88
 962   614 288.2 221  4.8  0.01 69 5.70
 912  1063 285.2 222  5.5  0.01 68 5.40
 861  1514 282.2 222  6.2  0.01 67 5.10
 810  1963 279.2 223  7.0  0.01 66 4.80
 709  2864 273.2 224  8.5  0.01 64 4.20
 608  3764 267.2 225 10.0  0.01 62 3.60
 506  4664 261.2 226 11.5  0.01 60 3.00
 405  5564 255.2 227 13.0  0.01 58 2.40
2020061501003004  993.1 0.00 0   650.0   300.0   291.6    8.00   225.0     3.7   292.6
1008   214 290.9 221  4.1  0.01 69 5.97
 993   349 290.0 221  4.3  0.01 69 5.88
 962   619 288.2 221  4.8  0.01 69 5.70
 912  1068 285.2 222  5.5  0.01 68 5.40
 861  1519 282.2 222  6.2  0.01 67 5.10
 810  1968 279.2 223  7.0  0.01 66 4.80
 709  2869 273.2 224  8.5  0.01 64 4.20
 608  3769 267.2 225 10.0  0.01 62 3.60
 506  4669 261.2 226 11.5  0.01 60 3.00
 405  5569 255.2 227 13.0  0.01 58 2.40
2020061501004004  992.5 0.00 0   650.0   300.0   291.6    8.00   225.0     3.7   292.6
1008   219 290.9 221  4.1  0.01 69 5.97
 993   354 290.0 221  4.3  0.01 69 5.88
 962   624 288.2 221  4.8  0.01 69 5.70
 912  1073 285.2 222  5.5  0.01 68 5.40
 861  1524 282.2 222  6.2  0.01 67 5.10
 810  1973 279.2 223  7.0  0.01 66 4.80
 709  2874 273.2 224  8.5  0.01 64 4.20
 608  3774 267.2 225 10.0  0.01 62 3.60
 506  4674 261.2 226 11.5  0.01 60 3.00
 405  5574 255.2 227 13.0  0.01 58 2.40
2020061501005004  991.9 0.00 0   650.0   300.0   291.6    8.00   225.0     3.7   292.6
1008   224 290.9 221  4.1  0.01 69 5.97
 993   359 290.0 221  4.3  0.01 69 5.88
 962   629 288.2 221  4.8  0.01 69 5.70
 912  1078 285.2 222  5.5  0.01 68 5.40
 861  1529 282.2 222  6.2  0.01 67 5.10
 810  1978 279.2 223  7.0  0.01 66 4.80
 709  2879 273.2 224  8.5  0.01 64 4.20
 608  3779 267.2 225 10.0  0.01 62 3.60
 506  4679 261.2 226 11.5  0.01 60 3.00
 405  5579 255.2 227 13.0  0.01 58 2.40
2020061501006004  991.4 0.00 0   650.0   300.0   291.6    8.00   225.0     3.7   292.6
1008   229 290.9 221  4.1  0.01 69 5.97
 993   364 290.0 221  4.3  0.01 69 5.88
 962   634 288.2 221  4.8  0.01 69 5.70
 912  1083 285.2 222  5.5  0.01 68 5.40
 861  1534 282.2 222  6.2  0.01 67 5.10
 810  1983 279.2 223  7.0  0.01 66 4.80
 709  2884 273.2 224  8.5  0.01 64 4.20
 608  3784 267.2 225 10.0  0.01 62 3.60
 506  4684 261.2 226 11.5  0.01 60 3.00
 405  5584 255.2 227 13.0  0.01 58 2.40
2020061501007004  990.8 0.00 0   650.0   300.0   291.6    8.00   225.0     3.7   292.6
1008   234 290.9 221  4.1  0.01 69 5.97
 993   369 290.0 221  4.3  0.01 69 5.88
 962   639 288.2 221  4.8  0.01 69 5.70
 912  1088 285.2 222  5.5  0.01 68 5.40
 861  1539 282.2 222  6.2  0.01 67 5.10
 810  1988 279.2 223  7.0  0.01 66 4.80
 709  2889 273.2 224  8.5  0.01 64 4.20
 608  3789 267.2 225 10.0  0.01 62 3.60
 506  4689 261.2 226 11.5  0.01 60 3.00
 405  5589 255.2 227 13.0  0.01 58 2.40
2020061501008004  990.2 0.00 0   650.0   300.0   291.6    8.00   225.0     3.7   292.6
1008   239 290.9 221  4.1  0.01 69 5.97
 993   374 290.0 221  4.3  0.01 69 5.88
 962   644 288.2 221  4.8  0.01 69 5.70
 912  1093 285.2 222  5.5  0.01 68 5.40
 861  1544 282.2 222  6.2  0.01 67 5.10
 810  1993 279.2 223  7.0  0.01 66 4.80
 709  2894 273.2 224  8.5  0.01 64 4.20
 608  3794 267.2 225 10.0  0.01 62 3.60
 506  4694 261.2 226 11.5  0.01 60 3.00
 405  5594 255.2 227 13.0  0.01 58 2.40
2020061501009004  989.6 0.00 0   650.0   300.0   291.6    8.00   225.0     3.7   292.6
1008   244 290.9 221  4.1  0.01 69 5.97
 993   379 290.0 221  4.3  0.01 69 5.88
 962   649 288.2 221  4.8  0.01 69 5.70
 912  1098 285.2 222  5.5  0.01 68 5.40
 861  1549 282.2 222  6.2  0.01 67 5.10
 810  1998 279.2 223  7.0  0.01 66 4.80
 709  2899 273.2 224  8.5  0.01 64 4.20
 608  3799 267.2 225 10.0  0.01 62 3.60
 506  4699 261.2 226 11.5  0.01 60 3.00
 405  5599 255.2 227 13.0  0.01 58 2.40
2020061501010004  989.0 0.00 0   650.0   300.0   291.6    8.00   225.0     3.7   292.6
1008   249 290.9 221  4.1  0.01 69 5.97
 993   384 290.0 221  4.3  0.01 69 5.88
 962   654 288.2 221  4.8  0.01 69 5.70
 912  1103 285.2 222  5.5  0.01 68 5.40
 861  1554 282.2 222  6.2  0.01 67 5.10
 810  2003 279.2 223  7.0  0.01 66 4.80
 709  2904 273.2 224  8.5  0.01 64 4.20
 608  3804 267.2 225 10.0  0.01 62 3.60
 506  4704 261.2 226 11.5  0.01 60 3.00
 405  5604 255.2 227 13.0  0.01 58 2.40
2020061501011004  988.4 0.00 0   650.0   300.0   291.6    8.00   225.0     3.7   292.6
1008   254 290.9 221  4.1  0.01 69 5.97
 993   389 290.0 221  4.3  0.01 69 5.88
 962   659 288.2 221  4.8  0.01 69 5.70
 912  1108 285.2 222  5.5  0.01 68 5.40
 861  1559 282.2 222  6.2  0.01 67 5.10
 810  2008 279.2 223  7.0  0.01 66 4.80
 709  2909 273.2 224  8.5  0.01 64 4.20
 608  3809 267.2 225 10.0  0.01 62 3.60
 506  4709 261.2 226 11.5  0.01 60 3.00
 405  5609 255.2 227 13.0  0.01 58 2.40
2020061501012004  987.8 0.00 0   650.0   300.0   291.6    8.00   225.0     3.7   292.6
1008   259 290.9 221  4.1  0.01 69 5.97
 993   394 290.0 221  4.3  0.01 69 5.88
 962   664 288.2 221  4.8  0.01 69 5.70
 912  1113 285.2 222  5.5  0.01 68 5.40
 861  1564 282.2 222  6.2  0.01 67 5.10
 810  2013 279.2 223  7.0  0.01 66 4.80
 709  2914 273.2 224  8.5  0.01 64 4.20
 608  3814 267.2 225 10.0  0.01 62 3.60
 506  4714 261.2 226 11.5  0.01 60 3.00
 405  5614 255.2 227 13.0  0.01 58 2.40
2020061501013004  987.2 0.00 0   650.0   300.0   291.6    8.00   225.0     3.7   292.6
1008   264 290.9 221  4.1  0.01 69 5.97
 993   399 290.0 221  4.3  0.01 69 5.88
 962   669 288.2 221  4.8  0.01 69 5.70
 912  1118 285.2 222  5.5  0.01 68 5.40
 861  1569 282.2 222  6.2  0.01 67 5.10
 810  2018 279.2 223  7.0  0.01 66 4.80
 709  2919 273.2 224  8.5  0.01 64 4.20
 608  3819 267.2 225 10.0  0.01 62 3.60
 506  4719 261.2 226 11.5  0.01 60 3.00
 405  5619 255.2 227 13.0  0.01 58 2.40
2020061501014004  986.6 0.00 0   650.0   300.0   291.7    8.00   225.0     3.7   292.7
1008   269 290.9 221  4.1  0.01 69 5.97
 993   404 290.0 221  4.3  0.01 69 5.88
 962   674 288.2 221  4.8  0.01 69 5.70
 912  1123 285.2 222  5.5  0.01 68 5.40
 861  1574 282.2 222  6.2  0.01 67 5.10
 810  2023 279.2 223  7.0  0.01 66 4.80
 709  2924 273.2 224  8.5  0.01 64 4.20
 608  3824 267.2 225 10.0  0.01 62 3.60
 506  4724 261.2 226 11.5  0.01 60 3.00
 405  5624 255.2 227 13.0  0.01 58 2.40
2020061501001005  993.9 0.00 0   650.0   300.0   291.5    8.00   225.0     3.7   292.5
1008   207 290.9 221  4.1  0.01 69 5.97
 993   342 290.0 221  4.3  0.01 69 5.88
 962   612 288.2 221  4.8  0.01 69 5.70
 912  1061 285.2 222  5.5  0.01 68 5.40
 861  1512 282.2 222  6.2  0.01 67 5.10
 810  1961 279.2 223  7.0  0.01 66 4.80
 709  2862 273.2 224  8.5  0.01 64 4.20
 608  3762 267.2 225 10.0  0.01 62 3.60
 506  4662 261.2 226 11.5  0.01 60 3.00
 405  5562 255.2 227 13.0  0.01 58 2.40
2020061501002005  993.4 0.00 0   650.0   300.0   291.6    8.00   225.0     3.7   292.6
1008   212 290.9 221  4.1  0.01 69 5.97
 993   347 290.0 221  4.3  0.01 69 5.88
 962   617 288.2 221  4.8  0.01 69 5.70
 912  1066 285.2 222  5.5  0.01 68 5.40
 861  1517 282.2 222  6.2  0.01 67 5.10
 810  1966 279.2 223  7.0  0.01 66 4.80
 709  2867 273.2 224  8.5  0.01 64 4.20
 608  3767 267.2 225 10.0  0.01 62 3.60
 506  4667 261.2 226 11.5  0.01 60 3.00
 405  5567 255.2 227 13.0  0.01 58 2.40
2020061501003005  992.8 0.00 0   650.0   300.0   291.6    8.00   225.0     3.7   292.6
1008   217 290.9 221  4.1  0.01 69 5.97
 993   352 290.0 221  4.3  0.01 69 5.88
 962   622 288.2 221  4.8  0.01 69 5.70
 912  1071 285.2 222  5.5  0.01 68 5.40
 861  1522 282.2 222  6.2  0.01 67 5.10
 810  1971 279.2 223  7.0  0.01 66 4.80
 709  2872 273.2 224  8.5  0.01 64 4.20
 608  3772 267.2 225 10.0  0.01 62 3.60
 506  4672 261.2 226 11.5  0.01 60 3.00
 405  5572 255.2 227 13.0  0.01 58 2.40
2020061501004005  992.2 0.00 0   650.0   300.0   291.6    8.00   225.0     3.7   292.6
1008   222 290.9 221  4.1  0.01 69 5.97
 993   357 290.0 221  4.3  0.01 69 5.88
 962   627 288.2 221  4.8  0.01 69 5.70
 912  1076 285.2 222  5.5  0.01 68 5.40
 861  1527 282.2 222  6.2  0.01 67 5.10
 810  1976 279.2 223  7.0  0.01 66 4.80
 709  2877 273.2 224  8.5  0.01 64 4.20
 608  3777 267.2 225 10.0  0.01 62 3.60
 506  4677 261.2 226 11.5  0.01 60 3.00
 405  5577 255.2 227 13.0  0.01 58 2.40
2020061501005005  991.6 0.00 0   650.0   300.0   291.6    8.00   225.0     3.7   292.6
1008   227 290.9 221  4.1  0.01 69 5.97
 993   362 290.0 221  4.3  0.01 69 5.88
 962   632 288.2 221  4.8  0.01 69 5.70
 912  1081 285.2 222  5.5  0.01 68 5.40
 861  1532 282.2 222  6.2  0.01 67 5.10
 810  1981 279.2 223  7.0  0.01 66 4.80
 709  2882 273.2 224  8.5  0.01 64 4.20
 608  3782 267.2 225 10.0  0.01 62 3.60
 506  4682 261.2 226 11.5  0.01 60 3.00
 405  5582 255.2 227 13.0  0.01 58 2.40
2020061501006005  991.0 0.00 0   650.0   300.0   291.6    8.00   225.0     3.7   292.6
1008   232 290.9 221  4.1  0.01 69 5.97
 993   367 290.0 221  4.3  0.01 69 5.88
 962   637 288.2 221  4.8  0.01 69 5.70
 912  1086 285.2 222  5.5  0.01 68 5.40
 861  1537 282.2 222  6.2  0.01 67 5.10
 810  1986 279.2 223  7.0  0.01 66 4.80
 709  2887 273.2 224  8.5  0.01 64 4.20
 608  3787 267.2 225 10.0  0.01 62 3.60
 506  4687 261.2 226 11.5  0.01 60 3.00
 405  5587 255.2 227 13.0  0.01 58 2.40
2020061501007005  990.4 0.00 0   650.0   300.0   291.6    8.00   225.0     3.7   292.6
1008   237 290.9 221  4.1  0.01 69 5.97
 993   372 290.0 221  4.3  0.01 69 5.88
 962   642 288.2 221  4.8  0.01 69 5.70
 912  1091 285.2 222  5.5  0.01 68 5.40
 861  1542 282.2 222  6.2  0.01 67 5.10
 810  1991 279.2 223  7.0  0.01 66 4.80
 709  2892 273.2 224  8.5  0.01 64 4.20
 608  3792 267.2 225 10.0  0.01 62 3.60
 506  4692 261.2 226 11.5  0.01 60 3.00
 405  5592 255.2 227 13.0  0.01 58 2.40
2020061501008005  989.8 0.00 0   650.0   300.0   291.6    8.00   225.0     3.7   292.6
1008   242 290.9 221  4.1  0.01 69 5.97
 993   377 290.0 221  4.3  0.01 69 5.88
 962   647 288.2 221  4.8  0.01 69 5.70
 912  1096 285.2 222  5.5  0.01 68 5.40
 861  1547 282.2 222  6.2  0.01 67 5.10
 810  1996 279.2 223  7.0  0.01 66 4.80
 709  2897 273.2 224  8.5  0.01 64 4.20
 608  3797 267.2 225 10.0  0.01 62 3.60
 506  4697 261.2 226 11.5  0.01 60 3.00
 405  5597 255.2 227 13.0  0.01 58 2.40
2020061501009005  989.2 0.00 0   650.0   300.0   291.6    8.00   225.0     3.7   292.6
1008   247 290.9 221  4.1  0.01 69 5.97
 993   382 290.0 221  4.3  0.01 69 5.88
 962   652 288.2 221  4.8  0.01 69 5.70
 912  1101 285.2 222  5.5  0.01 68 5.40
 861  1552 282.2 222  6.2  0.01 67 5.10
 810  2001 279.2 223  7.0  0.01 66 4.80
 709  2902 273.2 224  8.5  0.01 64 4.20
 608  3802 267.2 225 10.0  0.01 62 3.60
 506  4702 261.2 226 11.5  0.01 60 3.00
 405  5602 255.2 227 13.0  0.01 58 2.40
2020061501010005  988.6 0.00 0   650.0   300.0   291.6    8.00   225.0     3.7   292.6
1008   252 290.9 221  4.1  0.01 69 5.97
 993   387 290.0 221  4.3  0.01 69 5.88
 962   657 288.2 221  4.8  0.01 69 5.70
 912  1106 285.2 222  5.5  0.01 68 5.40
 861  1557 282.2 222  6.2  0.01 67 5.10
 810  2006 279.2 223  7.0  0.01 66 4.80
 709  2907 273.2 224  8.5  0.01 64 4.20
 608  3807 267.2 225 10.0  0.01 62 3.60
 506  4707 261.2 226 11.5  0.01 60 3.00
 405  5607 255.2 227 13.0  0.01 58 2.40
2020061501011005  988.1 0.00 0   650.0   300.0   291.6    8.00   225.0     3.7   292.6
1008   257 290.9 221  4.1  0.01 69 5.97
 993   392 290.0 221  4.3  0.01 69 5.88
 962   662 288.2 221  4.8  0.01 69 5.70
 912  1111 285.2 222  5.5  0.01 68 5.40
 861  1562 282.2 222  6.2  0.01 67 5.10
 810  2011 279.2 223  7.0  0.01 66 4.80
 709  2912 273.2 224  8.5  0.01 64 4.20
 608  3812 267.2 225 10.0  0.01 62 3.60
 506  4712 261.2 226 11.5  0.01 60 3.00
 405  5612 255.2 227 13.0  0.01 58 2.40
2020061501012005  987.5 0.00 0   650.0   300.0   291.6    8.00   225.0     3.7   292.6
1008   262 290.9 221  4.1  0.01 69 5.97
 993   397 290.0 221  4.3  0.01 69 5.88
 962   667 288.2 221  4.8  0.01 69 5.70
 912  1116 285.2 222  5.5  0.01 68 5.40
 861  1567 282.2 222  6.2  0.01 67 5.10
 810  2016 279.2 223  7.0  0.01 66 4.80
 709  2917 273.2 224  8.5  0.01 64 4.20
 608  3817 267.2 225 10.0  0.01 62 3.60
 506  4717 261.2 226 11.5  0.01 60 3.00
 405  5617 255.2 227 13.0  0.01 58 2.40
2020061501013005  986.9 0.00 0   650.0   300.0   291.7    8.00   225.0     3.7   292.7
1008   267 290.9 221  4.1  0.01 69 5.97
 993   402 290.0 221  4.3  0.01 69 5.88
 962   672 288.2 221  4.8  0.01 69 5.70
 912  1121 285.2 222  5.5  0.01 68 5.40
 861  1572 282.2 222  6.2  0.01 67 5.10
 810  2021 279.2 223  7.0  0.01 66 4.80
 709  2922 273.2 224  8.5  0.01 64 4.20
 608  3822 267.2 225 10.0  0.01 62 3.60
 506  4722 261.2 226 11.5  0.01 60 3.00
 405  5622 255.2 227 13.0  0.01 58 2.40
2020061501014005  986.3 0.00 0   650.0   300.0   291.7    8.00   225.0     3.7   292.7
1008   272 290.9 221  4.1  0.01 69 5.97
 993   407 290.0 221  4.3  0.01 69 5.88
 962   677 288.2 221  4.8  0.01 69 5.70
 912  1126 285.2 222  5.5  0.01 68 5.40
 861  1577 282.2 222  6.2  0.01 67 5.10
 810  2026 279.2 223  7.0  0.01 66 4.80
 709  2927 273.2 224  8.5  0.01 64 4.20
 608  3827 267.2 225 10.0  0.01 62 3.60
 506  4727 261.2 226 11.5  0.01 60 3.00
 405  5627 255.2 227 13.0  0.01 58 2.40
2020061501001006  993.6 0.00 0   650.0   300.0   291.6    8.00   225.0     3.7   292.6
1008   210 290.9 221  4.1  0.01 69 5.97
 993   345 290.0 221  4.3  0.01 69 5.88
 962   615 288.2 221  4.8  0.01 69 5.70
 912  1064 285.2 222  5.5  0.01 68 5.40
 861  1515 282.2 222  6.2  0.01 67 5.10
 810  1964 279.2 223  7.0  0.01 66 4.80
 709  2865 273.2 224  8.5  0.01 64 4.20
 608  3765 267.2 225 10.0  0.01 62 3.60
 506  4665 261.2 226 11.5  0.01 60 3.00
 405  5565 255.2 227 13.0  0.01 58 2.40
2020061501002006  993.0 0.00 0   650.0   300.0   291.6    8.00   225.0     3.7   292.6
1008   215 290.9 221  4.1  0.01 69 5.97
 993   350 290.0 221  4.3  0.01 69 5.88
 962   620 288.2 221  4.8  0.01 69 5.70
 912  1069 285.2 222  5.5  0.01 68 5.40
 861  1520 282.2 222  6.2  0.01 67 5.10
 810  1969 279.2 223  7.0  0.01 66 4.80
 709  2870 273.2 224  8.5  0.01 64 4.20
 608  3770 267.2 225 10.0  0.01 62 3.60
 506  4670 261.2 226 11.5  0.01 60 3.00
 405  5570 255.2 227 13.0  0.01 58 2.40
2020061501003006  992.4 0.00 0   650.0   300.0   291.6    8.00   225.0     3.7   292.6
1008   220 290.9 221  4.1  0.01 69 5.97
 993   355 290.0 221  4.3  0.01 69 5.88
 962   625 288.2 221  4.8  0.01 69 5.70
 912  1074 285.2 222  5.5  0.01 68 5.40
 861  1525 282.2 222  6.2  0.01 67 5.10
 810  1974 279.2 223  7.0  0.01 66 4.80
 709  2875 273.2 224  8.5  0.01 64 4.20
 608  3775 267.2 225 10.0  0.01 62 3.60
 506  4675 261.2 226 11.5  0.01 60 3.00
 405  5575 255.2 227 13.0  0.01 58 2.40
2020061501004006  991.8 0.00 0   650.0   300.0   291.6    8.00   225.0     3.7   292.6
1008   225 290.9 221  4.1  0.01 69 5.97
 993   360 290.0 221  4.3  0.01 69 5.88
 962   630 288.2 221  4.8  0.01 69 5.70
 912  1079 285.2 222  5.5  0.01 68 5.40
 861  1530 282.2 222  6.2  0.01 67 5.10
 810  1979 279.2 223  7.0  0.01 66 4.80
 709  2880 273.2 224  8.5  0.01 64 4.20
 608  3780 267.2 225 10.0  0.01 62 3.60
 506  4680 261.2 226 11.5  0.01 60 3.00
 405  5580 255.2 227 13.0  0.01 58 2.40
2020061501005006  991.2 0.00 0   650.0   300.0   291.6    8.00   225.0     3.7   292.6
1008   230 290.9 221  4.1  0.01 69 5.97
 993   365 290.0 221  4.3  0.01 69 5.88
 962   635 288.2 221  4.8  0.01 69 5.70
 912  1084 285.2 222  5.5  0.01 68 5.40
 861  1535 282.2 222  6.2  0.01 67 5.10
 810  1984 279.2 223  7.0  0.01 66 4.80
 709  2885 273.2 224  8.5  0.01 64 4.20
 608  3785 267.2 225 10.0  0.01 62 3.60
 506  4685 261.2 226 11.5  0.01 60 3.00
 405  5585 255.2 227 13.0  0.01 58 2.40
2020061501006006  990.6 0.00 0   650.0   300.0   291.6    8.00   225.0     3.7   292.6
1008   235 290.9 221  4.1  0.01 69 5.97
 993   370 290.0 221  4.3  0.01 69 5.88
 962   640 288.2 221  4.8  0.01 69 5.70
 912  1089 285.2 222  5.5  0.01 68 5.40
 861  1540 282.2 222  6.2  0.01 67 5.10
 810  1989 279.2 223  7.0  0.01 66 4.80
 709  2890 273.2 224  8.5  0.01 64 4.20
 608  3790 267.2 225 10.0  0.01 62 3.60
 506  4690 261.2 226 11.5  0.01 60 3.00
 405  5590 255.2 227 13.0  0.01 58 2.40
2020061501007006  990.1 0.00 0   650.0   300.0   291.6    8.00   225.0     3.7   292.6
1008   240 290.9 221  4.1  0.01 69 5.97
 993   375 290.0 221  4.3  0.01 69 5.88
 962   645 288.2 221  4.8  0.01 69 5.70
 912  1094 285.2 222  5.5  0.01 68 5.40
 861  1545 282.2 222  6.2  0.01 67 5.10
 810  1994 279.2 223  7.0  0.01 66 4.80
 709  2895 273.2 224  8.5  0.01 64 4.20
 608  3795 267.2 225 10.0  0.01 62 3.60
 506  4695 261.2 226 11.5  0.01 60 3.00
 405  5595 255.2 227 13.0  0.01 58 2.40
2020061501008006  989.5 0.00 0   650.0   300.0   291.6    8.00   225.0     3.7   292.6
1008   245 290.9 221  4.1  0.01 69 5.97
 993   380 290.0 221  4.3  0.01 69 5.88
 962   650 288.2 221  4.8  0.01 69 5.70
 912  1099 285.2 222  5.5  0.01 68 5.40
 861  1550 282.2 222  6.2  0.01 67 5.10
 810  1999 279.2 223  7.0  0.01 66 4.80
 709  2900 273.2 224  8.5  0.01 64 4.20
 608  3800 267.2 225 10.0  0.01 62 3.60
 506  4700 261.2 226 11.5  0.01 60 3.00
 405  5600 255.2 227 13.0  0.01 58 2.40
2020061501009006  988.9 0.00 0   650.0   300.0   291.6    8.00   225.0     3.7   292.6
1008   250 290.9 221  4.1  0.01 69 5.97
 993   385 290.0 221  4.3  0.01 69 5.88
 962   655 288.2 221  4.8  0.01 69 5.70
 912  1104 285.2 222  5.5  0.01 68 5.40
 861  1555 282.2 222  6.2  0.01 67 5.10
 810  2004 279.2 223  7.0  0.01 66 4.80
 709  2905 273.2 224  8.5  0.01 64 4.20
 608  3805 267.2 225 10.0  0.01 62 3.60
 506  4705 261.2 226 11.5  0.01 60 3.00
 405  5605 255.2 227 13.0  0.01 58 2.40
2020061501010006  988.3 0.00 0   650.0   300.0   291.6    8.00   225.0     3.7   292.6
1008   255 290.9 221  4.1  0.01 69 5.97
 993   390 290.0 221  4.3  0.01 69 5.88
 962   660 288.2 221  4.8  0.01 69 5.70
 912  1109 285.2 222  5.5  0.01 68 5.40
 861  1560 282.2 222  6.2  0.01 67 5.10
 810  2009 279.2 223  7.0  0.01 66 4.80
 709  2910 273.2 224  8.5  0.01 64 4.20
 608  3810 267.2 225 10.0  0.01 62 3.60
 506  4710 261.2 226 11.5  0.01 60 3.00
 405  5610 255.2 227 13.0  0.01 58 2.40
2020061501011006  987.7 0.00 0   650.0   300.0   291.6    8.00   225.0     3.7   292.6
1008   260 290.9 221  4.1  0.01 69 5.97
 993   395 290.0 221  4.3  0.01 69 5.88
 962   665 288.2 221  4.8  0.01 69 5.70
 912  1114 285.2 222  5.5  0.01 68 5.40
 861  1565 282.2 222  6.2  0.01 67 5.10
 810  2014 279.2 223  7.0  0.01 66 4.80
 709  2915 273.2 224  8.5  0.01 64 4.20
 608  3815 267.2 225 10.0  0.01 62 3.60
 506  4715 261.2 226 11.5  0.01 60 3.00
 405  5615 255.2 227 13.0  0.01 58 2.40
2020061501012006  987.1 0.00 0   650.0   300.0   291.7    8.00   225.0     3.7   292.7
1008   265 290.9 221  4.1  0.01 69 5.97
 993   400 290.0 221  4.3  0.01 69 5.88
 962   670 288.2 221  4.8  0.01 69 5.70
 912  1119 285.2 222  5.5  0.01 68 5.40
 861  1570 282.2 222  6.2  0.01 67 5.10
 810  2019 279.2 223  7.0  0.01 66 4.80
 709  2920 273.2 224  8.5  0.01 64 4.20
 608  3820 267.2 225 10.0  0.01 62 3.60
 506  4720 261.2 226 11.5  0.01 60 3.00
 405  5620 255.2 227 13.0  0.01 58 2.40
2020061501013006  986.5 0.00 0   650.0   300.0   291.7    8.00   225.0     3.7   292.7
1008   270 290.9 221  4.1  0.01 69 5.97
 993   405 290.0 221  4.3  0.01 69 5.88
 962   675 288.2 221  4.8  0.01 69 5.70
 912  1124 285.2 222  5.5  0.01 68 5.40
 861  1575 282.2 222  6.2  0.01 67 5.10
 810  2024 279.2 223  7.0  0.01 66 4.80
 709  2925 273.2 224  8.5  0.01 64 4.20
 608  3825 267.2 225 10.0  0.01 62 3.60
 506  4725 261.2 226 11.5  0.01 60 3.00
 405  5625 255.2 227 13.0  0.01 58 2.40
2020061501014006  985.9 0.00 0   650.0   300.0   291.7    8.00   225.0     3.7   292.7
1008   275 290.9 221  4.1  0.01 69 5.97
 993   410 290.0 221  4.3  0.01 69 5.88
 962   680 288.2 221  4.8  0.01 69 5.70
 912  1129 285.2 222  5.5  0.01 68 5.40
 861  1580 282.2 222  6.2  0.01 67 5.10
 810  2029 279.2 223  7.0  0.01 66 4.80
 709  2930 273.2 224  8.5  0.01 64 4.20
 608  3830 267.2 225 10.0  0.01 62 3.60
 506  4730 261.2 226 11.5  0.01 60 3.00
 405  5630 255.2 227 13.0  0.01 58 2.40
2020061501001007  993.2 0.00 0   650.0   300.0   291.6    8.00   225.0     3.7   292.6
1008   213 290.9 221  4.1  0.01 69 5.97
 993   348 290.0 221  4.3  0.01 69 5.88
 962   618 288.2 221  4.8  0.01 69 5.70
 912  1067 285.2 222  5.5  0.01 68 5.40
 861  1518 282.2 222  6.2  0.01 67 5.10
 810  1967 279.2 223  7.0  0.01 66 4.80
 709  2868 273.2 224  8.5  0.01 64 4.20
 608  3768 267.2 225 10.0  0.01 62 3.60
 506  4668 261.2 226 11.5  0.01 60 3.00
 405  5568 255.2 227 13.0  0.01 58 2.40
2020061501002007  992.6 0.00 0   650.0   300.0   291.6    8.00   225.0     3.7   292.6
1008   218 290.9 221  4.1  0.01 69 5.97
 993   353 290.0 221  4.3  0.01 69 5.88
 962   623 288.2 221  4.8  0.01 69 5.70
 912  1072 285.2 222  5.5  0.01 68 5.40
 861  1523 282.2 222  6.2  0.01 67 5.10
 810  1972 279.2 223  7.0  0.01 66 4.80
 709  2873 273.2 224  8.5  0.01 64 4.20
 608  3773 267.2 225 10.0  0.01 62 3.60
 506  4673 261.2 226 11.5  0.01 60 3.00
 405  5573 255.2 227 13.0  0.01 58 2.40
2020061501003007  992.1 0.00 0   650.0   300.0   291.6    8.00   225.0     3.7   292.6
1008   223 290.9 221  4.1  0.01 69 5.97
 993   358 290.0 221  4.3  0.01 69 5.88
 962   628 288.2 221  4.8  0.01 69 5.70
 912  1077 285.2 222  5.5  0.01 68 5.40
 861  1528 282.2 222  6.2  0.01 67 5.10
 810  1977 279.2 223  7.0  0.01 66 4.80
 709  2878 273.2 224  8.5  0.01 64 4.20
 608  3778 267.2 225 10.0  0.01 62 3.60
 506  4678 261.2 226 11.5  0.01 60 3.00
 405  5578 255.2 227 13.0  0.01 58 2.40
2020061501004007  991.5 0.00 0   650.0   300.0   291.6    8.00   225.0     3.7   292.6
1008   228 290.9 221  4.1  0.01 69 5.97
 993   363 290.0 221  4.3  0.01 69 5.88
 962   633 288.2 221  4.8  0.01 69 5.70
 912  1082 285.2 222  5.5  0.01 68 5.40
 861  1533 282.2 222  6.2  0.01 67 5.10
 810  1982 279.2 223  7.0  0.01 66 4.80
 709  2883 273.2 224  8.5  0.01 64 4.20
 608  3783 267.2 225 10.0  0.01 62 3.60
 506  4683 261.2 226 11.5  0.01 60 3.00
 405  5583 255.2 227 13.0  0.01 58 2.40
2020061501005007  990.9 0.00 0   650.0   300.0   291.6    8.00   225.0     3.7   292.6
1008   233 290.9 221  4.1  0.01 69 5.97
 993   368 290.0 221  4.3  0.01 69 5.88
 962   638 288.2 221  4.8  0.01 69 5.70
 912  1087 285.2 222  5.5  0.01 68 5.40
 861  1538 282.2 222  6.2  0.01 67 5.10
 810  1987 279.2 223  7.0  0.01 66 4.80
 709  2888 273.2 224  8.5  0.01 64 4.20
 608  3788 267.2 225 10.0  0.01 62 3.60
 506  4688 261.2 226 11.5  0.01 60 3.00
 405  5588 255.2 227 13.0  0.01 58 2.40
2020061501006007  990.3 0.00 0   650.0   300.0   291.6    8.00   225.0     3.7   292.6
1008   238 290.9 221  4.1  0.01 69 5.97
 993   373 290.0 221  4.3  0.01 69 5.88
 962   643 288.2 221  4.8  0.01 69 5.70
 912  1092 285.2 222  5.5  0.01 68 5.40
 861  1543 282.2 222  6.2  0.01 67 5.10
 810  1992 279.2 223  7.0  0.01 66 4.80
 709  2893 273.2 224  8.5  0.01 64 4.20
 608  3793 267.2 225 10.0  0.01 62 3.60
 506  4693 261.2 226 11.5  0.01 60 3.00
 405  5593 255.2 227 13.0  0.01 58 2.40
2020061501007007  989.7 0.00 0   650.0   300.0   291.6    8.00   225.0     3.7   292.6
1008   243 290.9 221  4.1  0.01 69 5.97
 993   378 290.0 221  4.3  0.01 69 5.88
 962   648 288.2 221  4.8  0.01 69 5.70
 912  1097 285.2 222  5.5  0.01 68 5.40
 861  1548 282.2 222  6.2  0.01 67 5.10
 810  1997 279.2 223  7.0  0.01 66 4.80
 709  2898 273.2 224  8.5  0.01 64 4.20
 608  3798 267.2 225 10.0  0.01 62 3.60
 506  4698 261.2 226 11.5  0.01 60 3.00
 405  5598 255.2 227 13.0  0.01 58 2.40
2020061501008007  989.1 0.00 0   650.0   300.0   291.6    8.00   225.0     3.7   292.6
1008   248 290.9 221  4.1  0.01 69 5.97
 993   383 290.0 221  4.3  0.01 69 5.88
 962   653 288.2 221  4.8  0.01 69 5.70
 912  1102 285.2 222  5.5  0.01 68 5.40
 861  1553 282.2 222  6.2  0.01 67 5.10
 810  2002 279.2 223  7.0  0.01 66 4.80
 709  2903 273.2 224  8.5  0.01 64 4.20
 608  3803 267.2 225 10.0  0.01 62 3.60
 506  4703 261.2 226 11.5  0.01 60 3.00
 405  5603 255.2 227 13.0  0.01 58 2.40
2020061501009007  988.5 0.00 0   650.0   300.0   291.6    8.00   225.0     3.7   292.6
1008   253 290.9 221  4.1  0.01 69 5.97
 993   388 290.0 221  4.3  0.01 69 5.88
 962   658 288.2 221  4.8  0.01 69 5.70
 912  1107 285.2 222  5.5  0.01 68 5.40
 861  1558 282.2 222  6.2  0.01 67 5.10
 810  2007 279.2 223  7.0  0.01 66 4.80
 709  2908 273.2 224  8.5  0.01 64 4.20
 608  3808 267.2 225 10.0  0.01 62 3.60
 506  4708 261.2 226 11.5  0.01 60 3.00
 405  5608 255.2 227 13.0  0.01 58 2.40
2020061501010007  987.9 0.00 0   650.0   300.0   291.6    8.00   225.0     3.7   292.6
1008   258 290.9 221  4.1  0.01 69 5.97
 993   393 290.0 221  4.3  0.01 69 5.88
 962   663 288.2 221  4.8  0.01 69 5.70
 912  1112 285.2 222  5.5  0.01 68 5.40
 861  1563 282.2 222  6.2  0.01 67 5.10
 810  2012 279.2 223  7.0  0.01 66 4.80
 709  2913 273.2 224  8.5  0.01 64 4.20
 608  3813 267.2 225 10.0  0.01 62 3.60
 506  4713 261.2 226 11.5  0.01 60 3.00
 405  5613 255.2 227 13.0  0.01 58 2.40
2020061501011007  987.4 0.00 0   650.0   300.0   291.7    8.00   225.0     3.7   292.7
1008   263 290.9 221  4.1  0.01 69 5.97
 993   398 290.0 221  4.3  0.01 69 5.88
 962   668 288.2 221  4.8  0.01 69 5.70
 912  1117 285.2 222  5.5  0.01 68 5.40
 861  1568 282.2 222  6.2  0.01 67 5.10
 810  2017 279.2 223  7.0  0.01 66 4.80
 709  2918 273.2 224  8.5  0.01 64 4.20
 608  3818 267.2 225 10.0  0.01 62 3.60
 506  4718 261.2 226 11.5  0.01 60 3.00
 405  5618 255.2 227 13.0  0.01 58 2.40
2020061501012007  986.8 0.00 0   650.0   300.0   291.7    8.00   225.0     3.7   292.7
1008   268 290.9 221  4.1  0.01 69 5.97
 993   403 290.0 221  4.3  0.01 69 5.88
 962   673 288.2 221  4.8  0.01 69 5.70
 912  1122 285.2 222  5.5  0.01 68 5.40
 861  1573 282.2 222  6.2  0.01 67 5.10
 810  2022 279.2 223  7.0  0.01 66 4.80
 709  2923 273.2 224  8.5  0.01 64 4.20
 608  3823 267.2 225 10.0  0.01 62 3.60
 506  4723 261.2 226 11.5  0.01 60 3.00
 405  5623 255.2 227 13.0  0.01 58 2.40
2020061501013007  986.2 0.00 0   650.0   300.0   291.7    8.00   225.0     3.7   292.7
1008   273 290.9 221  4.1  0.01 69 5.97
 993   408 290.0 221  4.3  0.01 69 5.88
 962   678 288.2 221  4.8  0.01 69 5.70
 912  1127 285.2 222  5.5  0.01 68 5.40
 861  1578 282.2 222  6.2  0.01 67 5.10
 810  2027 279.2 223  7.0  0.01 66 4.80
 709  2928 273.2 224  8.5  0.01 64 4.20
 608  3828 267.2 225 10.0  0.01 62 3.60
 506  4728 261.2 226 11.5  0.01 60 3.00
 405  5628 255.2 227 13.0  0.01 58 2.40
2020061501014007  985.6 0.00 0   650.0   300.0   291.7    8.00   225.0     3.7   292.7
1008   278 290.9 221  4.1  0.01 69 5.97
 993   413 290.0 221  4.3  0.01 69 5.88
 962   683 288.2 221  4.8  0.01 69 5.70
 912  1132 285.2 222  5.5  0.01 68 5.40
 861  1583 282.2 222  6.2  0.01 67 5.10
 810  2032 279.2 223  7.0  0.01 66 4.80
 709  2933 273.2 224  8.5  0.01 64 4.20
 608  3833 267.2 225 10.0  0.01 62 3.60
 506  4733 261.2 226 11.5  0.01 60 3.00
 405  5633 255.2 227 13.0  0.01 58 2.40
2020061501001008  992.9 0.00 0   650.0   300.0   291.6    8.00   225.0     3.7   292.6
1008   216 290.9 221  4.1  0.01 69 5.97
 993   351 290.0 221  4.3  0.01 69 5.88
 962   621 288.2 221  4.8  0.01 69 5.70
 912  1070 285.2 222  5.5  0.01 68 5.40
 861  1521 282.2 222  6.2  0.01 67 5.10
 810  1970 279.2 223  7.0  0.01 66 4.80
 709  2871 273.2 224  8.5  0.01 64 4.20
 608  3771 267.2 225 10.0  0.01 62 3.60
 506  4671 261.2 226 11.5  0.01 60 3.00
 405  5571 255.2 227 13.0  0.01 58 2.40
2020061501002008  992.3 0.00 0   650.0   300.0   291.6    8.00   225.0     3.7   292.6
1008   221 290.9 221  4.1  0.01 69 5.97
 993   356 290.0 221  4.3  0.01 69 5.88
 962   626 288.2 221  4.8  0.01 69 5.70
 912  1075 285.2 222  5.5  0.01 68 5.40
 861  1526 282.2 222  6.2  0.01 67 5.10
 810  1975 279.2 223  7.0  0.01 66 4.80
 709  2876 273.2 224  8.5  0.01 64 4.20
 608  3776 267.2 225 10.0  0.01 62 3.60
 506  4676 261.2 226 11.5  0.01 60 3.00
 405  5576 255.2 227 13.0  0.01 58 2.40
2020061501003008  991.7 0.00 0   650.0   300.0   291.6    8.00   225.0     3.7   292.6
1008   226 290.9 221  4.1  0.01 69 5.97
 993   361 290.0 221  4.3  0.01 69 5.88
 962   631 288.2 221  4.8  0.01 69 5.70
 912  1080 285.2 222  5.5  0.01 68 5.40
 861  1531 282.2 222  6.2  0.01 67 5.10
 810  1980 279.2 223  7.0  0.01 66 4.80
 709  2881 273.2 224  8.5  0.01 64 4.20
 608  3781 267.2 225 10.0  0.01 62 3.60
 506  4681 261.2 226 11.5  0.01 60 3.00
 405  5581 255.2 227 13.0  0.01 58 2.40
2020061501004008  991.1 0.00 0   650.0   300.0   291.6    8.00   225.0     3.7   292.6
1008   231 290.9 221  4.1  0.01 69 5.97
 993   366 290.0 221  4.3  0.01 69 5.88
 962   636 288.2 221  4.8  0.01 69 5.70
 912  1085 285.2 222  5.5  0.01 68 5.40
 861  1536 282.2 222  6.2  0.01 67 5.10
 810  1985 279.2 223  7.0  0.01 66 4.80
 709  2886 273.2 224  8.5  0.01 64 4.20
 608  3786 267.2 225 10.0  0.01 62 3.60
 506  4686 261.2 226 11.5  0.01 60 3.00
 405  5586 255.2 227 13.0  0.01 58 2.40
2020061501005008  990.5 0.00 0   650.0   300.0   291.6    8.00   225.0     3.7   292.6
1008   236 290.9 221  4.1  0.01 69 5.97
 993   371 290.0 221  4.3  0.01 69 5.88
 962   641 288.2 221  4.8  0.01 69 5.70
 912  1090 285.2 222  5.5  0.01 68 5.40
 861  1541 282.2 222  6.2  0.01 67 5.10
 810  1990 279.2 223  7.0  0.01 66 4.80
 709  2891 273.2 224  8.5  0.01 64 4.20
 608  3791 267.2 225 10.0  0.01 62 3.60
 506  4691 261.2 226 11.5  0.01 60 3.00
 405  5591 255.2 227 13.0  0.01 58 2.40
2020061501006008  989.9 0.00 0   650.0   300.0   291.6    8.00   225.0     3.7   292.6
1008   241 290.9 221  4.1  0.01 69 5.97
 993   376 290.0 221  4.3  0.01 69 5.88
 962   646 288.2 221  4.8  0.01 69 5.70
 912  1095 285.2 222  5.5  0.01 68 5.40
 861  1546 282.2 222  6.2  0.01 67 5.10
 810  1995 279.2 223  7.0  0.01 66 4.80
 709  2896 273.2 224  8.5  0.01 64 4.20
 608  3796 267.2 225 10.0  0.01 62 3.60
 506  4696 261.2 226 11.5  0.01 60 3.00
 405  5596 255.2 227 13.0  0.01 58 2.40
2020061501007008  989.4 0.00 0   650.0   300.0   291.6    8.00   225.0     3.7   292.6
1008   246 290.9 221  4.1  0.01 69 5.97
 993   381 290.0 221  4.3  0.01 69 5.88
 962   651 288.2 221  4.8  0.01 69 5.70
 912  1100 285.2 222  5.5  0.01 68 5.40
 861  1551 282.2 222  6.2  0.01 67 5.10
 810  2000 279.2 223  7.0  0.01 66 4.80
 709  2901 273.2 224  8.5  0.01 64 4.20
 608  3801 267.2 225 10.0  0.01 62 3.60
 506  4701 261.2 226 11.5  0.01 60 3.00
 405  5601 255.2 227 13.0  0.01 58 2.40
2020061501008008  988.8 0.00 0   650.0   300.0   291.6    8.00   225.0     3.7   292.6
1008   251 290.9 221  4.1  0.01 69 5.97
 993   386 290.0 221  4.3  0.01 69 5.88
 962   656 288.2 221  4.8  0.01 69 5.70
 912  1105 285.2 222  5.5  0.01 68 5.40
 861  1556 282.2 222  6.2  0.01 67 5.10
 810  2005 279.2 223  7.0  0.01 66 4.80
 709  2906 273.2 224  8.5  0.01 64 4.20
 608  3806 267.2 225 10.0  0.01 62 3.60
 506  4706 261.2 226 11.5  0.01 60 3.00
 405  5606 255.2 227 13.0  0.01 58 2.40
2020061501009008  988.2 0.00 0   650.0   300.0   291.6    8.00   225.0     3.7   292.6
1008   256 290.9 221  4.1  0.01 69 5.97
 993   391 290.0 221  4.3  0.01 69 5.88
 962   661 288.2 221  4.8  0.01 69 5.70
 912  1110 285.2 222  5.5  0.01 68 5.40
 861  1561 282.2 222  6.2  0.01 67 5.10
 810  2010 279.2 223  7.0  0.01 66 4.80
 709  2911 273.2 224  8.5  0.01 64 4.20
 608  3811 267.2 225 10.0  0.01 62 3.60
 506  4711 261.2 226 11.5  0.01 60 3.00
 405  5611 255.2 227 13.0  0.01 58 2.40
2020061501010008  987.6 0.00 0   650.0   300.0   291.7    8.00   225.0     3.7   292.7
1008   261 290.9 221  4.1  0.01 69 5.97
 993   396 290.0 221  4.3  0.01 69 5.88
 962   666 288.2 221  4.8  0.01 69 5.70
 912  1115 285.2 222  5.5  0.01 68 5.40
 861  1566 282.2 222  6.2  0.01 67 5.10
 810  2015 279.2 223  7.0  0.01 66 4.80
 709  2916 273.2 224  8.5  0.01 64 4.20
 608  3816 267.2 225 10.0  0.01 62 3.60
 506  4716 261.2 226 11.5  0.01 60 3.00
 405  5616 255.2 227 13.0  0.01 58 2.40
2020061501011008  987.0 0.00 0   650.0   300.0   291.7    8.00   225.0     3.7   292.7
1008   266 290.9 221  4.1  0.01 69 5.97
 993   401 290.0 221  4.3  0.01 69 5.88
 962   671 288.2 221  4.8  0.01 69 5.70
 912  1120 285.2 222  5.5  0.01 68 5.40
 861  1571 282.2 222  6.2  0.01 67 5.10
 810  2020 279.2 223  7.0  0.01 66 4.80
 709  2921 273.2 224  8.5  0.01 64 4.20
 608  3821 267.2 225 10.0  0.01 62 3.60
 506  4721 261.2 226 11.5  0.01 60 3.00
 405  5621 255.2 227 13.0  0.01 58 2.40
2020061501012008  986.4 0.00 0   650.0   300.0   291.7    8.00   225.0     3.7   292.7
1008   271 290.9 221  4.1  0.01 69 5.97
 993   406 290.0 221  4.3  0.01 69 5.88
 962   676 288.2 221  4.8  0.01 69 5.70
 912  1125 285.2 222  5.5  0.01 68 5.40
 861  1576 282.2 222  6.2  0.01 67 5.10
 810  2025 279.2 223  7.0  0.01 66 4.80
 709  2926 273.2 224  8.5  0.01 64 4.20
 608  3826 267.2 225 10.0  0.01 62 3.60
 506  4726 261.2 226 11.5  0.01 60 3.00
 405  5626 255.2 227 13.0  0.01 58 2.40
2020061501013008  985.8 0.00 0   650.0   300.0   291.7    8.00   225.0     3.7   292.7
1008   276 290.9 221  4.1  0.01 69 5.97
 993   411 290.0 221  4.3  0.01 69 5.88
 962   681 288.2 221  4.8  0.01 69 5.70
 912  1130 285.2 222  5.5  0.01 68 5.40
 861  1581 282.2 222  6.2  0.01 67 5.10
 810  2030 279.2 223  7.0  0.01 66 4.80
 709  2931 273.2 224  8.5  0.01 64 4.20
 608  3831 267.2 225 10.0  0.01 62 3.60
 506  4731 261.2 226 11.5  0.01 60 3.00
 405  5631 255.2 227 13.0  0.01 58 2.40
2020061501014008  985.2 0.00 0   650.0   300.0   291.7    8.00   225.0     3.7   292.7
1008   281 290.9 221  4.1  0.01 69 5.97
 993   416 290.0 221  4.3  0.01 69 5.88
 962   686 288.2 221  4.8  0.01 69 5.70
 912  1135 285.2 222  5.5  0.01 68 5.40
 861  1586 282.2 222  6.2  0.01 67 5.10
 810  2035 279.2 223  7.0  0.01 66 4.80
 709  2936 273.2 224  8.5  0.01 64 4.20
 608  3836 267.2 225 10.0  0.01 62 3.60
 506  4736 261.2 226 11.5  0.01 60 3.00
 405  5636 255.2 227 13.0  0.01 58 2.40
2020061501001009  992.5 0.00 0   650.0   300.0   291.6    8.00   225.0     3.7   292.6
1008   219 290.9 221  4.1  0.01 69 5.97
 993   354 290.0 221  4.3  0.01 69 5.88
 962   624 288.2 221  4.8  0.01 69 5.70
 912  1073 285.2 222  5.5  0.01 68 5.40
 861  1524 282.2 222  6.2  0.01 67 5.10
 810  1973 279.2 223  7.0  0.01 66 4.80
 709  2874 273.2 224  8.5  0.01 64 4.20
 608  3774 267.2 225 10.0  0.01 62 3.60
 506  4674 261.2 226 11.5  0.01 60 3.00
 405  5574 255.2 227 13.0  0.01 58 2.40
2020061501002009  991.9 0.00 0   650.0   300.0   291.6    8.00   225.0     3.7   292.6
1008   224 290.9 221  4.1  0.01 69 5.97
 993   359 290.0 221  4.3  0.01 69 5.88
 962   629 288.2 221  4.8  0.01 69 5.70
 912  1078 285.2 222  5.5  0.01 68 5.40
 861  1529 282.2 222  6.2  0.01 67 5.10
 810  1978 279.2 223  7.0  0.01 66 4.80
 709  2879 273.2 224  8.5  0.01 64 4.20
 608  3779 267.2 225 10.0  0.01 62 3.60
 506  4679 261.2 226 11.5  0.01 60 3.00
 405  5579 255.2 227 13.0  0.01 58 2.40
2020061501003009  991.4 0.00 0   650.0   300.0   291.6    8.00   225.0     3.7   292.6
1008   229 290.9 221  4.1  0.01 69 5.97
 993   364 290.0 221  4.3  0.01 69 5.88
 962   634 288.2 221  4.8  0.01 69 5.70
 912  1083 285.2 222  5.5  0.01 68 5.40
 861  1534 282.2 222  6.2  0.01 67 5.10
 810  1983 279.2 223  7.0  0.01 66 4.80
 709  2884 273.2 224  8.5  0.01 64 4.20
 608  3784 267.2 225 10.0  0.01 62 3.60
 506  4684 261.2 226 11.5  0.01 60 3.00
 405  5584 255.2 227 13.0  0.01 58 2.40
2020061501004009  990.8 0.00 0   650.0   300.0   291.6    8.00   225.0     3.7   292.6
1008   234 290.9 221  4.1  0.01 69 5.97
 993   369 290.0 221  4.3  0.01 69 5.88
 962   639 288.2 221  4.8  0.01 69 5.70
 912  1088 285.2 222  5.5  0.01 68 5.40
 861  1539 282.2 222  6.2  0.01 67 5.10
 810  1988 279.2 223  7.0  0.01 66 4.80
 709  2889 273.2 224  8.5  0.01 64 4.20
 608  3789 267.2 225 10.0  0.01 62 3.60
 506  4689 261.2 226 11.5  0.01 60 3.00
 405  5589 255.2 227 13.0  0.01 58 2.40
2020061501005009  990.2 0.00 0   650.0   300.0   291.6    8.00   225.0     3.7   292.6
1008   239 290.9 221  4.1  0.01 69 5.97
 993   374 290.0 221  4.3  0.01 69 5.88
 962   644 288.2 221  4.8  0.01 69 5.70
 912  1093 285.2 222  5.5  0.01 68 5.40
 861  1544 282.2 222  6.2  0.01 67 5.10
 810  1993 279.2 223  7.0  0.01 66 4.80
 709  2894 273.2 224  8.5  0.01 64 4.20
 608  3794 267.2 225 10.0  0.01 62 3.60
 506  4694 261.2 226 11.5  0.01 60 3.00
 405  5594 255.2 227 13.0  0.01 58 2.40
2020061501006009  989.6 0.00 0   650.0   300.0   291.6    8.00   225.0     3.7   292.6
1008   244 290.9 221  4.1  0.01 69 5.97
 993   379 290.0 221  4.3  0.01 69 5.88
 962   649 288.2 221  4.8  0.01 69 5.70
 912  1098 285.2 222  5.5  0.01 68 5.40
 861  1549 282.2 222  6.2  0.01 67 5.10
 810  1998 279.2 223  7.0  0.01 66 4.80
 709  2899 273.2 224  8.5  0.01 64 4.20
 608  3799 267.2 225 10.0  0.01 62 3.60
 506  4699 261.2 226 11.5  0.01 60 3.00
 405  5599 255.2 227 13.0  0.01 58 2.40
2020061501007009  989.0 0.00 0   650.0   300.0   291.6    8.00   225.0     3.7   292.6
1008   249 290.9 221  4.1  0.01 69 5.97
 993   384 290.0 221  4.3  0.01 69 5.88
 962   654 288.2 221  4.8  0.01 69 5.70
 912  1103 285.2 222  5.5  0.01 68 5.40
 861  1554 282.2 222  6.2  0.01 67 5.10
 810  2003 279.2 223  7.0  0.01 66 4.80
 709  2904 273.2 224  8.5  0.01 64 4.20
 608  3804 267.2 225 10.0  0.01 62 3.60
 506  4704 261.2 226 11.5  0.01 60 3.00
 405  5604 255.2 227 13.0  0.01 58 2.40
2020061501008009  988.4 0.00 0   650.0   300.0   291.6    8.00   225.0     3.7   292.6
1008   254 290.9 221  4.1  0.01 69 5.97
 993   389 290.0 221  4.3  0.01 69 5.88
 962   659 288.2 221  4.8  0.01 69 5.70
 912  1108 285.2 222  5.5  0.01 68 5.40
 861  1559 282.2 222  6.2  0.01 67 5.10
 810  2008 279.2 223  7.0  0.01 66 4.80
 709  2909 273.2 224  8.5  0.01 64 4.20
 608  3809 267.2 225 10.0  0.01 62 3.60
 506  4709 261.2 226 11.5  0.01 60 3.00
 405  5609 255.2 227 13.0  0.01 58 2.40
2020061501009009  987.8 0.00 0   650.0   300.0   291.7    8.00   225.0     3.7   292.7
1008   259 290.9 221  4.1  0.01 69 5.97
 993   394 290.0 221  4.3  0.01 69 5.88
 962   664 288.2 221  4.8  0.01 69 5.70
 912  1113 285.2 222  5.5  0.01 68 5.40
 861  1564 282.2 222  6.2  0.01 67 5.10
 810  2013 279.2 223  7.0  0.01 66 4.80
 709  2914 273.2 224  8.5  0.01 64 4.20
 608  3814 267.2 225 10.0  0.01 62 3.60
 506  4714 261.2 226 11.5  0.01 60 3.00
 405  5614 255.2 227 13.0  0.01 58 2.40
2020061501010009  987.2 0.00 0   650.0   300.0   291.7    8.00   225.0     3.7   292.7
1008   264 290.9 221  4.1  0.01 69 5.97
 993   399 290.0 221  4.3  0.01 69 5.88
 962   669 288.2 221  4.8  0.01 69 5.70
 912  1118 285.2 222  5.5  0.01 68 5.40
 861  1569 282.2 222  6.2  0.01 67 5.10
 810  2018 279.2 223  7.0  0.01 66 4.80
 709  2919 273.2 224  8.5  0.01 64 4.20
 608  3819 267.2 225 10.0  0.01 62 3.60
 506  4719 261.2 226 11.5  0.01 60 3.00
 405  5619 255.2 227 13.0  0.01 58 2.40
2020061501011009  986.6 0.00 0   650.0   300.0   291.7    8.00   225.0     3.7   292.7
1008   269 290.9 221  4.1  0.01 69 5.97
 993   404 290.0 221  4.3  0.01 69 5.88
 962   674 288.2 221  4.8  0.01 69 5.70
 912  1123 285.2 222  5.5  0.01 68 5.40
 861  1574 282.2 222  6.2  0.01 67 5.10
 810  2023 279.2 223  7.0  0.01 66 4.80
 709  2924 273.2 224  8.5  0.01 64 4.20
 608  3824 267.2 225 10.0  0.01 62 3.60
 506  4724 261.2 226 11.5  0.01 60 3.00
 405  5624 255.2 227 13.0  0.01 58 2.40
2020061501012009  986.1 0.00 0   650.0   300.0   291.7    8.00   225.0     3.7   292.7
1008   274 290.9 221  4.1  0.01 69 5.97
 993   409 290.0 221  4.3  0.01 69 5.88
 962   679 288.2 221  4.8  0.01 69 5.70
 912  1128 285.2 222  5.5  0.01 68 5.40
 861  1579 282.2 222  6.2  0.01 67 5.10
 810  2028 279.2 223  7.0  0.01 66 4.80
 709  2929 273.2 224  8.5  0.01 64 4.20
 608  3829 267.2 225 10.0  0.01 62 3.60
 506  4729 261.2 226 11.5  0.01 60 3.00
 405  5629 255.2 227 13.0  0.01 58 2.40
2020061501013009  985.5 0.00 0   650.0   300.0   291.7    8.00   225.0     3.7   292.7
1008   279 290.9 221  4.1  0.01 69 5.97
 993   414 290.0 221  4.3  0.01 69 5.88
 962   684 288.2 221  4.8  0.01 69 5.70
 912  1133 285.2 222  5.5  0.01 68 5.40
 861  1584 282.2 222  6.2  0.01 67 5.10
 810  2033 279.2 223  7.0  0.01 66 4.80
 709  2934 273.2 224  8.5  0.01 64 4.20
 608  3834 267.2 225 10.0  0.01 62 3.60
 506  4734 261.2 226 11.5  0.01 60 3.00
 405  5634 255.2 227 13.0  0.01 58 2.40
2020061501014009  984.9 0.00 0   650.0   300.0   291.7    8.00   225.0     3.7   292.7
1008   284 290.9 221  4.1  0.01 69 5.97
 993   419 290.0 221  4.3  0.01 69 5.88
 962   689 288.2 221  4.8  0.01 69 5.70
 912  1138 285.2 222  5.5  0.01 68 5.40
 861  1589 282.2 222  6.2  0.01 67 5.10
 810  2038 279.2 223  7.0  0.01 66 4.80
 709  2939 273.2 224  8.5  0.01 64 4.20
 608  3839 267.2 225 10.0  0.01 62 3.60
 506  4739 261.2 226 11.5  0.01 60 3.00
 405  5639 255.2 227 13.0  0.01 58 2.40
2020061501001010  992.2 0.00 0   650.0   300.0   291.6    8.00   225.0     3.7   292.6
1008   222 290.9 221  4.1  0.01 69 5.97
 993   357 290.0 221  4.3  0.01 69 5.88
 962   627 288.2 221  4.8  0.01 69 5.70
 912  1076 285.2 222  5.5  0.01 68 5.40
 861  1527 282.2 222  6.2  0.01 67 5.10
 810  1976 279.2 223  7.0  0.01 66 4.80
 709  2877 273.2 224  8.5  0.01 64 4.20
 608  3777 267.2 225 10.0  0.01 62 3.60
 506  4677 261.2 226 11.5  0.01 60 3.00
 405  5577 255.2 227 13.0  0.01 58 2.40
2020061501002010  991.6 0.00 0   650.0   300.0   291.6    8.00   225.0     3.7   292.6
1008   227 290.9 221  4.1  0.01 69 5.97
 993   362 290.0 221  4.3  0.01 69 5.88
 962   632 288.2 221  4.8  0.01 69 5.70
 912  1081 285.2 222  5.5  0.01 68 5.40
 861  1532 282.2 222  6.2  0.01 67 5.10
 810  1981 279.2 223  7.0  0.01 66 4.80
 709  2882 273.2 224  8.5  0.01 64 4.20
 608  3782 267.2 225 10.0  0.01 62 3.60
 506  4682 261.2 226 11.5  0.01 60 3.00
 405  5582 255.2 227 13.0  0.01 58 2.40
2020061501003010  991.0 0.00 0   650.0   300.0   291.6    8.00   225.0     3.7   292.6
1008   232 290.9 221  4.1  0.01 69 5.97
 993   367 290.0 221  4.3  0.01 69 5.88
 962   637 288.2 221  4.8  0.01 69 5.70
 912  1086 285.2 222  5.5  0.01 68 5.40
 861  1537 282.2 222  6.2  0.01 67 5.10
 810  1986 279.2 223  7.0  0.01 66 4.80
 709  2887 273.2 224  8.5  0.01 64 4.20
 608  3787 267.2 225 10.0  0.01 62 3.60
 506  4687 261.2 226 11.5  0.01 60 3.00
 405  5587 255.2 227 13.0  0.01 58 2.40
2020061501004010  990.4 0.00 0   650.0   300.0   291.6    8.00   225.0     3.7   292.6
1008   237 290.9 221  4.1  0.01 69 5.97
 993   372 290.0 221  4.3  0.01 69 5.88
 962   642 288.2 221  4.8  0.01 69 5.70
 912  1091 285.2 222  5.5  0.01 68 5.40
 861  1542 282.2 222  6.2  0.01 67 5.10
 810  1991 279.2 223  7.0  0.01 66 4.80
 709  2892 273.2 224  8.5  0.01 64 4.20
 608  3792 267.2 225 10.0  0.01 62 3.60
 506  4692 261.2 226 11.5  0.01 60 3.00
 405  5592 255.2 227 13.0  0.01 58 2.40
2020061501005010  989.8 0.00 0   650.0   300.0   291.6    8.00   225.0     3.7   292.6
1008   242 290.9 221  4.1  0.01 69 5.97
 993   377 290.0 221  4.3  0.01 69 5.88
 962   647 288.2 221  4.8  0.01 69 5.70
 912  1096 285.2 222  5.5  0.01 68 5.40
 861  1547 282.2 222  6.2  0.01 67 5.10
 810  1996 279.2 223  7.0  0.01 66 4.80
 709  2897 273.2 224  8.5  0.01 64 4.20
 608  3797 267.2 225 10.0  0.01 62 3.60
 506  4697 261.2 226 11.5  0.01 60 3.00
 405  5597 255.2 227 13.0  0.01 58 2.40
2020061501006010  989.2 0.00 0   650.0   300.0   291.6    8.00   225.0     3.7   292.6
1008   247 290.9 221  4.1  0.01 69 5.97
 993   382 290.0 221  4.3  0.01 69 5.88
 962   652 288.2 221  4.8  0.01 69 5.70
 912  1101 285.2 222  5.5  0.01 68 5.40
 861  1552 282.2 222  6.2  0.01 67 5.10
 810  2001 279.2 223  7.0  0.01 66 4.80
 709  2902 273.2 224  8.5  0.01 64 4.20
 608  3802 267.2 225 10.0  0.01 62 3.60
 506  4702 261.2 226 11.5  0.01 60 3.00
 405  5602 255.2 227 13.0  0.01 58 2.40
2020061501007010  988.6 0.00 0   650.0   300.0   291.6    8.00   225.0     3.7   292.6
1008   252 290.9 221  4.1  0.01 69 5.97
 993   387 290.0 221  4.3  0.01 69 5.88
 962   657 288.2 221  4.8  0.01 69 5.70
 912  1106 285.2 222  5.5  0.01 68 5.40
 861  1557 282.2 222  6.2  0.01 67 5.10
 810  2006 279.2 223  7.0  0.01 66 4.80
 709  2907 273.2 224  8.5  0.01 64 4.20
 608  3807 267.2 225 10.0  0.01 62 3.60
 506  4707 261.2 226 11.5  0.01 60 3.00
 405  5607 255.2 227 13.0  0.01 58 2.40
2020061501008010  988.1 0.00 0   650.0   300.0   291.7    8.00   225.0     3.7   292.7
1008   257 290.9 221  4.1  0.01 69 5.97
 993   392 290.0 221  4.3  0.01 69 5.88
 962   662 288.2 221  4.8  0.01 69 5.70
 912  1111 285.2 222  5.5  0.01 68 5.40
 861  1562 282.2 222  6.2  0.01 67 5.10
 810  2011 279.2 223  7.0  0.01 66 4.80
 709  2912 273.2 224  8.5  0.01 64 4.20
 608  3812 267.2 225 10.0  0.01 62 3.60
 506  4712 261.2 226 11.5  0.01 60 3.00
 405  5612 255.2 227 13.0  0.01 58 2.40
2020061501009010  987.5 0.00 0   650.0   300.0   291.7    8.00   225.0     3.7   292.7
1008   262 290.9 221  4.1  0.01 69 5.97
 993   397 290.0 221  4.3  0.01 69 5.88
 962   667 288.2 221  4.8  0.01 69 5.70
 912  1116 285.2 222  5.5  0.01 68 5.40
 861  1567 282.2 222  6.2  0.01 67 5.10
 810  2016 279.2 223  7.0  0.01 66 4.80
 709  2917 273.2 224  8.5  0.01 64 4.20
 608  3817 267.2 225 10.0  0.01 62 3.60
 506  4717 261.2 226 11.5  0.01 60 3.00
 405  5617 255.2 227 13.0  0.01 58 2.40
2020061501010010  986.9 0.00 0   650.0   300.0   291.7    8.00   225.0     3.7   292.7
1008   267 290.9 221  4.1  0.01 69 5.97
 993   402 290.0 221  4.3  0.01 69 5.88
 962   672 288.2 221  4.8  0.01 69 5.70
 912  1121 285.2 222  5.5  0.01 68 5.40
 861  1572 282.2 222  6.2  0.01 67 5.10
 810  2021 279.2 223  7.0  0.01 66 4.80
 709  2922 273.2 224  8.5  0.01 64 4.20
 608  3822 267.2 225 10.0  0.01 62 3.60
 506  4722 261.2 226 11.5  0.01 60 3.00
 405  5622 255.2 227 13.0  0.01 58 2.40
2020061501011010  986.3 0.00 0   650.0   300.0   291.7    8.00   225.0     3.7   292.7
1008   272 290.9 221  4.1  0.01 69 5.97
 993   407 290.0 221  4.3  0.01 69 5.88
 962   677 288.2 221  4.8  0.01 69 5.70
 912  1126 285.2 222  5.5  0.01 68 5.40
 861  1577 282.2 222  6.2  0.01 67 5.10
 810  2026 279.2 223  7.0  0.01 66 4.80
 709  2927 273.2 224  8.5  0.01 64 4.20
 608  3827 267.2 225 10.0  0.01 62 3.60
 506  4727 261.2 226 11.5  0.01 60 3.00
 405  5627 255.2 227 13.0  0.01 58 2.40
2020061501012010  985.7 0.00 0   650.0   300.0   291.7    8.00   225.0     3.7   292.7
1008   277 290.9 221  4.1  0.01 69 5.97
 993   412 290.0 221  4.3  0.01 69 5.88
 962   682 288.2 221  4.8  0.01 69 5.70
 912  1131 285.2 222  5.5  0.01 68 5.40
 861  1582 282.2 222  6.2  0.01 67 5.10
 810  2031 279.2 223  7.0  0.01 66 4.80
 709  2932 273.2 224  8.5  0.01 64 4.20
 608  3832 267.2 225 10.0  0.01 62 3.60
 506  4732 261.2 226 11.5  0.01 60 3.00
 405  5632 255.2 227 13.0  0.01 58 2.40
2020061501013010  985.1 0.00 0   650.0   300.0   291.7    8.00   225.0     3.7   292.7
1008   282 290.9 221  4.1  0.01 69 5.97
 993   417 290.0 221  4.3  0.01 69 5.88
 962   687 288.2 221  4.8  0.01 69 5.70
 912  1136 285.2 222  5.5  0.01 68 5.40
 861  1587 282.2 222  6.2  0.01 67 5.10
 810  2036 279.2 223  7.0  0.01 66 4.80
 709  2937 273.2 224  8.5  0.01 64 4.20
 608  3837 267.2 225 10.0  0.01 62 3.60
 506  4737 261.2 226 11.5  0.01 60 3.00
 405  5637 255.2 227 13.0  0.01 58 2.40
2020061501014010  984.5 0.00 0   650.0   300.0   291.7    8.00   225.0     3.7   292.7
1008   287 290.9 221  4.1  0.01 69 5.97
 993   422 290.0 221  4.3  0.01 69 5.88
 962   692 288.2 221  4.8  0.01 69 5.70
 912  1141 285.2 222  5.5  0.01 68 5.40
 861  1592 282.2 222  6.2  0.01 67 5.10
 810  2041 279.2 223  7.0  0.01 66 4.80
 709  2942 273.2 224  8.5  0.01 64 4.20
 608  3842 267.2 225 10.0  0.01 62 3.60
 506  4742 261.2 226 11.5  0.01 60 3.00
 405  5642 255.2 227 13.0  0.01 58 2.40
2020061501001011  991.8 0.00 0   650.0   300.0   291.6    8.00   225.0     3.7   292.6
1008   225 290.9 221  4.1  0.01 69 5.97
 993   360 290.0 221  4.3  0.01 69 5.88
 962   630 288.2 221  4.8  0.01 69 5.70
 912  1079 285.2 222  5.5  0.01 68 5.40
 861  1530 282.2 222  6.2  0.01 67 5.10
 810  1979 279.2 223  7.0  0.01 66 4.80
 709  2880 273.2 224  8.5  0.01 64 4.20
 608  3780 267.2 225 10.0  0.01 62 3.60
 506  4680 261.2 226 11.5  0.01 60 3.00
 405  5580 255.2 227 13.0  0.01 58 2.40
2020061501002011  991.2 0.00 0   650.0   300.0   291.6    8.00   225.0     3.7   292.6
1008   230 290.9 221  4.1  0.01 69 5.97
 993   365 290.0 221  4.3  0.01 69 5.88
 962   635 288.2 221  4.8  0.01 69 5.70
 912  1084 285.2 222  5.5  0.01 68 5.40
 861  1535 282.2 222  6.2  0.01 67 5.10
 810  1984 279.2 223  7.0  0.01 66 4.80
 709  2885 273.2 224  8.5  0.01 64 4.20
 608  3785 267.2 225 10.0  0.01 62 3.60
 506  4685 261.2 226 11.5  0.01 60 3.00
 405  5585 255.2 227 13.0  0.01 58 2.40
2020061501003011  990.6 0.00 0   650.0   300.0   291.6    8.00   225.0     3.7   292.6
1008   235 290.9 221  4.1  0.01 69 5.97
 993   370 290.0 221  4.3  0.01 69 5.88
 962   640 288.2 221  4.8  0.01 69 5.70
 912  1089 285.2 222  5.5  0.01 68 5.40
 861  1540 282.2 222  6.2  0.01 67 5.10
 810  1989 279.2 223  7.0  0.01 66 4.80
 709  2890 273.2 224  8.5  0.01 64 4.20
 608  3790 267.2 225 10.0  0.01 62 3.60
 506  4690 261.2 226 11.5  0.01 60 3.00
 405  5590 255.2 227 13.0  0.01 58 2.40
2020061501004011  990.1 0.00 0   650.0   300.0   291.6    8.00   225.0     3.7   292.6
1008   240 290.9 221  4.1  0.01 69 5.97
 993   375 290.0 221  4.3  0.01 69 5.88
 962   645 288.2 221  4.8  0.01 69 5.70
 912  1094 285.2 222  5.5  0.01 68 5.40
 861  1545 282.2 222  6.2  0.01 67 5.10
 810  1994 279.2 223  7.0  0.01 66 4.80
 709  2895 273.2 224  8.5  0.01 64 4.20
 608  3795 267.2 225 10.0  0.01 62 3.60
 506  4695 261.2 226 11.5  0.01 60 3.00
 405  5595 255.2 227 13.0  0.01 58 2.40
2020061501005011  989.5 0.00 0   650.0   300.0   291.6    8.00   225.0     3.7   292.6
1008   245 290.9 221  4.1  0.01 69 5.97
 993   380 290.0 221  4.3  0.01 69 5.88
 962   650 288.2 221  4.8  0.01 69 5.70
 912  1099 285.2 222  5.5  0.01 68 5.40
 861  1550 282.2 222  6.2  0.01 67 5.10
 810  1999 279.2 223  7.0  0.01 66 4.80
 709  2900 273.2 224  8.5  0.01 64 4.20
 608  3800 267.2 225 10.0  0.01 62 3.60
 506  4700 261.2 226 11.5  0.01 60 3.00
 405  5600 255.2 227 13.0  0.01 58 2.40
2020061501006011  988.9 0.00 0   650.0   300.0   291.6    8.00   225.0     3.7   292.6
1008   250 290.9 221  4.1  0.01 69 5.97
 993   385 290.0 221  4.3  0.01 69 5.88
 962   655 288.2 221  4.8  0.01 69 5.70
 912  1104 285.2 222  5.5  0.01 68 5.40
 861  1555 282.2 222  6.2  0.01 67 5.10
 810  2004 279.2 223  7.0  0.01 66 4.80
 709  2905 273.2 224  8.5  0.01 64 4.20
 608  3805 267.2 225 10.0  0.01 62 3.60
 506  4705 261.2 226 11.5  0.01 60 3.00
 405  5605 255.2 227 13.0  0.01 58 2.40
2020061501007011  988.3 0.00 0   650.0   300.0   291.7    8.00   225.0     3.7   292.7
1008   255 290.9 221  4.1  0.01 69 5.97
 993   390 290.0 221  4.3  0.01 69 5.88
 962   660 288.2 221  4.8  0.01 69 5.70
 912  1109 285.2 222  5.5  0.01 68 5.40
 861  1560 282.2 222  6.2  0.01 67 5.10
 810  2009 279.2 223  7.0  0.01 66 4.80
 709  2910 273.2 224  8.5  0.01 64 4.20
 608  3810 267.2 225 10.0  0.01 62 3.60
 506  4710 261.2 226 11.5  0.01 60 3.00
 405  5610 255.2 227 13.0  0.01 58 2.40
2020061501008011  987.7 0.00 0   650.0   300.0   291.7    8.00   225.0     3.7   292.7
1008   260 290.9 221  4.1  0.01 69 5.97
 993   395 290.0 221  4.3  0.01 69 5.88
 962   665 288.2 221  4.8  0.01 69 5.70
 912  1114 285.2 222  5.5  0.01 68 5.40
 861  1565 282.2 222  6.2  0.01 67 5.10
 810  2014 279.2 223  7.0  0.01 66 4.80
 709  2915 273.2 224  8.5  0.01 64 4.20
 608  3815 267.2 225 10.0  0.01 62 3.60
 506  4715 261.2 226 11.5  0.01 60 3.00
 405  5615 255.2 227 13.0  0.01 58 2.40
2020061501009011  987.1 0.00 0   650.0   300.0   291.7    8.00   225.0     3.7   292.7
1008   265 290.9 221  4.1  0.01 69 5.97
 993   400 290.0 221  4.3  0.01 69 5.88
 962   670 288.2 221  4.8  0.01 69 5.70
 912  1119 285.2 222  5.5  0.01 68 5.40
 861  1570 282.2 222  6.2  0.01 67 5.10
 810  2019 279.2 223  7.0  0.01 66 4.80
 709  2920 273.2 224  8.5  0.01 64 4.20
 608  3820 267.2 225 10.0  0.01 62 3.60
 506  4720 261.2 226 11.5  0.01 60 3.00
 405  5620 255.2 227 13.0  0.01 58 2.40
2020061501010011  986.5 0.00 0   650.0   300.0   291.7    8.00   225.0     3.7   292.7
1008   270 290.9 221  4.1  0.01 69 5.97
 993   405 290.0 221  4.3  0.01 69 5.88
 962   675 288.2 221  4.8  0.01 69 5.70
 912  1124 285.2 222  5.5  0.01 68 5.40
 861  1575 282.2 222  6.2  0.01 67 5.10
 810  2024 279.2 223  7.0  0.01 66 4.80
 709  2925 273.2 224  8.5  0.01 64 4.20
 608  3825 267.2 225 10.0  0.01 62 3.60
 506  4725 261.2 226 11.5  0.01 60 3.00
 405  5625 255.2 227 13.0  0.01 58 2.40
2020061501011011  985.9 0.00 0   650.0   300.0   291.7    8.00   225.0     3.7   292.7
1008   275 290.9 221  4.1  0.01 69 5.97
 993   410 290.0 221  4.3  0.01 69 5.88
 962   680 288.2 221  4.8  0.01 69 5.70
 912  1129 285.2 222  5.5  0.01 68 5.40
 861  1580 282.2 222  6.2  0.01 67 5.10
 810  2029 279.2 223  7.0  0.01 66 4.80
 709  2930 273.2 224  8.5  0.01 64 4.20
 608  3830 267.2 225 10.0  0.01 62 3.60
 506  4730 261.2 226 11.5  0.01 60 3.00
 405  5630 255.2 227 13.0  0.01 58 2.40
2020061501012011  985.4 0.00 0   650.0   300.0   291.7    8.00   225.0     3.7   292.7
1008   280 290.9 221  4.1  0.01 69 5.97
 993   415 290.0 221  4.3  0.01 69 5.88
 962   685 288.2 221  4.8  0.01 69 5.70
 912  1134 285.2 222  5.5  0.01 68 5.40
 861  1585 282.2 222  6.2  0.01 67 5.10
 810  2034 279.2 223  7.0  0.01 66 4.80
 709  2935 273.2 224  8.5  0.01 64 4.20
 608  3835 267.2 225 10.0  0.01 62 3.60
 506  4735 261.2 226 11.5  0.01 60 3.00
 405  5635 255.2 227 13.0  0.01 58 2.40
2020061501013011  984.8 0.00 0   650.0   300.0   291.7    8.00   225.0     3.7   292.7
1008   285 290.9 221  4.1  0.01 69 5.97
 993   420 290.0 221  4.3  0.01 69 5.88
 962   690 288.2 221  4.8  0.01 69 5.70
 912  1139 285.2 222  5.5  0.01 68 5.40
 861  1590 282.2 222  6.2  0.01 67 5.10
 810  2039 279.2 223  7.0  0.01 66 4.80
 709  2940 273.2 224  8.5  0.01 64 4.20
 608  3840 267.2 225 10.0  0.01 62 3.60
 506  4740 261.2 226 11.5  0.01 60 3.00
 405  5640 255.2 227 13.0  0.01 58 2.40
2020061501014011  984.2 0.00 0   650.0   300.0   291.7    8.00   225.0     3.7   292.7
1008   290 290.9 221  4.1  0.01 69 5.97
 993   425 290.0 221  4.3  0.01 69 5.88
 962   695 288.2 221  4.8  0.01 69 5.70
 912  1144 285.2 222  5.5  0.01 68 5.40
 861  1595 282.2 222  6.2  0.01 67 5.10
 810  2044 279.2 223  7.0  0.01 66 4.80
 709  2945 273.2 224  8.5  0.01 64 4.20
 608  3845 267.2 225 10.0  0.01 62 3.60
 506  4745 261.2 226 11.5  0.01 60 3.00
 405  5645 255.2 227 13.0  0.01 58 2.40
2020061501001012  991.5 0.00 0   650.0   300.0   291.6    8.00   225.0     3.7   292.6
1008   228 290.9 221  4.1  0.01 69 5.97
 993   363 290.0 221  4.3  0.01 69 5.88
 962   633 288.2 221  4.8  0.01 69 5.70
 912  1082 285.2 222  5.5  0.01 68 5.40
 861  1533 282.2 222  6.2  0.01 67 5.10
 810  1982 279.2 223  7.0  0.01 66 4.80
 709  2883 273.2 224  8.5  0.01 64 4.20
 608  3783 267.2 225 10.0  0.01 62 3.60
 506  4683 261.2 226 11.5  0.01 60 3.00
 405  5583 255.2 227 13.0  0.01 58 2.40
2020061501002012  990.9 0.00 0   650.0   300.0   291.6    8.00   225.0     3.7   292.6
1008   233 290.9 221  4.1  0.01 69 5.97
 993   368 290.0 221  4.3  0.01 69 5.88
 962   638 288.2 221  4.8  0.01 69 5.70
 912  1087 285.2 222  5.5  0.01 68 5.40
 861  1538 282.2 222  6.2  0.01 67 5.10
 810  1987 279.2 223  7.0  0.01 66 4.80
 709  2888 273.2 224  8.5  0.01 64 4.20
 608  3788 267.2 225 10.0  0.01 62 3.60
 506  4688 261.2 226 11.5  0.01 60 3.00
 405  5588 255.2 227 13.0  0.01 58 2.40
2020061501003012  990.3 0.00 0   650.0   300.0   291.6    8.00   225.0     3.7   292.6
1008   238 290.9 221  4.1  0.01 69 5.97
 993   373 290.0 221  4.3  0.01 69 5.88
 962   643 288.2 221  4.8  0.01 69 5.70
 912  1092 285.2 222  5.5  0.01 68 5.40
 861  1543 282.2 222  6.2  0.01 67 5.10
 810  1992 279.2 223  7.0  0.01 66 4.80
 709  2893 273.2 224  8.5  0.01 64 4.20
 608  3793 267.2 225 10.0  0.01 62 3.60
 506  4693 261.2 226 11.5  0.01 60 3.00
 405  5593 255.2 227 13.0  0.01 58 2.40
2020061501004012  989.7 0.00 0   650.0   300.0   291.6    8.00   225.0     3.7   292.6
1008   243 290.9 221  4.1  0.01 69 5.97
 993   378 290.0 221  4.3  0.01 69 5.88
 962   648 288.2 221  4.8  0.01 69 5.70
 912  1097 285.2 222  5.5  0.01 68 5.40
 861  1548 282.2 222  6.2  0.01 67 5.10
 810  1997 279.2 223  7.0  0.01 66 4.80
 709  2898 273.2 224  8.5  0.01 64 4.20
 608  3798 267.2 225 10.0  0.01 62 3.60
 506  4698 261.2 226 11.5  0.01 60 3.00
 405  5598 255.2 227 13.0  0.01 58 2.40
2020061501005012  989.1 0.00 0   650.0   300.0   291.6    8.00   225.0     3.7   292.6
1008   248 290.9 221  4.1  0.01 69 5.97
 993   383 290.0 221  4.3  0.01 69 5.88
 962   653 288.2 221  4.8  0.01 69 5.70
 912  1102 285.2 222  5.5  0.01 68 5.40
 861  1553 282.2 222  6.2  0.01 67 5.10
 810  2002 279.2 223  7.0  0.01 66 4.80
 709  2903 273.2 224  8.5  0.01 64 4.20
 608  3803 267.2 225 10.0  0.01 62 3.60
 506  4703 261.2 226 11.5  0.01 60 3.00
 405  5603 255.2 227 13.0  0.01 58 2.40
2020061501006012  988.5 0.00 0   650.0   300.0   291.7    8.00   225.0     3.7   292.7
1008   253 290.9 221  4.1  0.01 69 5.97
 993   388 290.0 221  4.3  0.01 69 5.88
 962   658 288.2 221  4.8  0.01 69 5.70
 912  1107 285.2 222  5.5  0.01 68 5.40
 861  1558 282.2 222  6.2  0.01 67 5.10
 810  2007 279.2 223  7.0  0.01 66 4.80
 709  2908 273.2 224  8.5  0.01 64 4.20
 608  3808 267.2 225 10.0  0.01 62 3.60
 506  4708 261.2 226 11.5  0.01 60 3.00
 405  5608 255.2 227 13.0  0.01 58 2.40
2020061501007012  987.9 0.00 0   650.0   300.0   291.7    8.00   225.0     3.7   292.7
1008   258 290.9 221  4.1  0.01 69 5.97
 993   393 290.0 221  4.3  0.01 69 5.88
 962   663 288.2 221  4.8  0.01 69 5.70
 912  1112 285.2 222  5.5  0.01 68 5.40
 861  1563 282.2 222  6.2  0.01 67 5.10
 810  2012 279.2 223  7.0  0.01 66 4.80
 709  2913 273.2 224  8.5  0.01 64 4.20
 608  3813 267.2 225 10.0  0.01 62 3.60
 506  4713 261.2 226 11.5  0.01 60 3.00
 405  5613 255.2 227 13.0  0.01 58 2.40
2020061501008012  987.4 0.00 0   650.0   300.0   291.7    8.00   225.0     3.7   292.7
1008   263 290.9 221  4.1  0.01 69 5.97
 993   398 290.0 221  4.3  0.01 69 5.88
 962   668 288.2 221  4.8  0.01 69 5.70
 912  1117 285.2 222  5.5  0.01 68 5.40
 861  1568 282.2 222  6.2  0.01 67 5.10
 810  2017 279.2 223  7.0  0.01 66 4.80
 709  2918 273.2 224  8.5  0.01 64 4.20
 608  3818 267.2 225 10.0  0.01 62 3.60
 506  4718 261.2 226 11.5  0.01 60 3.00
 405  5618 255.2 227 13.0  0.01 58 2.40
2020061501009012  986.8 0.00 0   650.0   300.0   291.7    8.00   225.0     3.7   292.7
1008   268 290.9 221  4.1  0.01 69 5.97
 993   403 290.0 221  4.3  0.01 69 5.88
 962   673 288.2 221  4.8  0.01 69 5.70
 912  1122 285.2 222  5.5  0.01 68 5.40
 861  1573 282.2 222  6.2  0.01 67 5.10
 810  2022 279.2 223  7.0  0.01 66 4.80
 709  2923 273.2 224  8.5  0.01 64 4.20
 608  3823 267.2 225 10.0  0.01 62 3.60
 506  4723 261.2 226 11.5  0.01 60 3.00
 405  5623 255.2 227 13.0  0.01 58 2.40
2020061501010012  986.2 0.00 0   650.0   300.0   291.7    8.00   225.0     3.7   292.7
1008   273 290.9 221  4.1  0.01 69 5.97
 993   408 290.0 221  4.3  0.01 69 5.88
 962   678 288.2 221  4.8  0.01 69 5.70
 912  1127 285.2 222  5.5  0.01 68 5.40
 861  1578 282.2 222  6.2  0.01 67 5.10
 810  2027 279.2 223  7.0  0.01 66 4.80
 709  2928 273.2 224  8.5  0.01 64 4.20
 608  3828 267.2 225 10.0  0.01 62 3.60
 506  4728 261.2 226 11.5  0.01 60 3.00
 405  5628 255.2 227 13.0  0.01 58 2.40
2020061501011012  985.6 0.00 0   650.0   300.0   291.7    8.00   225.0     3.7   292.7
1008   278 290.9 221  4.1  0.01 69 5.97
 993   413 290.0 221  4.3  0.01 69 5.88
 962   683 288.2 221  4.8  0.01 69 5.70
 912  1132 285.2 222  5.5  0.01 68 5.40
 861  1583 282.2 222  6.2  0.01 67 5.10
 810  2032 279.2 223  7.0  0.01 66 4.80
 709  2933 273.2 224  8.5  0.01 64 4.20
 608  3833 267.2 225 10.0  0.01 62 3.60
 506  4733 261.2 226 11.5  0.01 60 3.00
 405  5633 255.2 227 13.0  0.01 58 2.40
2020061501012012  985.0 0.00 0   650.0   300.0   291.7    8.00   225.0     3.7   292.7
1008   283 290.9 221  4.1  0.01 69 5.97
 993   418 290.0 221  4.3  0.01 69 5.88
 962   688 288.2 221  4.8  0.01 69 5.70
 912  1137 285.2 222  5.5  0.01 68 5.40
 861  1588 282.2 222  6.2  0.01 67 5.10
 810  2037 279.2 223  7.0  0.01 66 4.80
 709  2938 273.2 224  8.5  0.01 64 4.20
 608  3838 267.2 225 10.0  0.01 62 3.60
 506  4738 261.2 226 11.5  0.01 60 3.00
 405  5638 255.2 227 13.0  0.01 58 2.40
2020061501013012  984.4 0.00 0   650.0   300.0   291.7    8.00   225.0     3.7   292.7
1008   288 290.9 221  4.1  0.01 69 5.97
 993   423 290.0 221  4.3  0.01 69 5.88
 962   693 288.2 221  4.8  0.01 69 5.70
 912  1142 285.2 222  5.5  0.01 68 5.40
 861  1593 282.2 222  6.2  0.01 67 5.10
 810  2042 279.2 223  7.0  0.01 66 4.80
 709  2943 273.2 224  8.5  0.01 64 4.20
 608  3843 267.2 225 10.0  0.01 62 3.60
 506  4743 261.2 226 11.5  0.01 60 3.00
 405  5643 255.2 227 13.0  0.01 58 2.40
2020061501014012  983.8 0.00 0   650.0   300.0   291.7    8.00   225.0     3.7   292.7
1008   293 290.9 221  4.1  0.01 69 5.97
 993   428 290.0 221  4.3  0.01 69 5.88
 962   698 288.2 221  4.8  0.01 69 5.70
 912  1147 285.2 222  5.5  0.01 68 5.40
 861  1598 282.2 222  6.2  0.01 67 5.10
 810  2047 279.2 223  7.0  0.01 66 4.80
 709  2948 273.2 224  8.5  0.01 64 4.20
 608  3848 267.2 225 10.0  0.01 62 3.60
 506  4748 261.2 226 11.5  0.01 60 3.00
 405  5648 255.2 227 13.0  0.01 58 2.40
2020061501001013  991.1 0.00 0   650.0   300.0   291.6    8.00   225.0     3.7   292.6
1008   231 290.9 221  4.1  0.01 69 5.97
 993   366 290.0 221  4.3  0.01 69 5.88
 962   636 288.2 221  4.8  0.01 69 5.70
 912  1085 285.2 222  5.5  0.01 68 5.40
 861  1536 282.2 222  6.2  0.01 67 5.10
 810  1985 279.2 223  7.0  0.01 66 4.80
 709  2886 273.2 224  8.5  0.01 64 4.20
 608  3786 267.2 225 10.0  0.01 62 3.60
 506  4686 261.2 226 11.5  0.01 60 3.00
 405  5586 255.2 227 13.0  0.01 58 2.40
2020061501002013  990.5 0.00 0   650.0   300.0   291.6    8.00   225.0     3.7   292.6
1008   236 290.9 221  4.1  0.01 69 5.97
 993   371 290.0 221  4.3  0.01 69 5.88
 962   641 288.2 221  4.8  0.01 69 5.70
 912  1090 285.2 222  5.5  0.01 68 5.40
 861  1541 282.2 222  6.2  0.01 67 5.10
 810  1990 279.2 223  7.0  0.01 66 4.80
 709  2891 273.2 224  8.5  0.01 64 4.20
 608  3791 267.2 225 10.0  0.01 62 3.60
 506  4691 261.2 226 11.5  0.01 60 3.00
 405  5591 255.2 227 13.0  0.01 58 2.40
2020061501003013  989.9 0.00 0   650.0   300.0   291.6    8.00   225.0     3.7   292.6
1008   241 290.9 221  4.1  0.01 69 5.97
 993   376 290.0 221  4.3  0.01 69 5.88
 962   646 288.2 221  4.8  0.01 69 5.70
 912  1095 285.2 222  5.5  0.01 68 5.40
 861  1546 282.2 222  6.2  0.01 67 5.10
 810  1995 279.2 223  7.0  0.01 66 4.80
 709  2896 273.2 224  8.5  0.01 64 4.20
 608  3796 267.2 225 10.0  0.01 62 3.60
 506  4696 261.2 226 11.5  0.01 60 3.00
 405  5596 255.2 227 13.0  0.01 58 2.40
2020061501004013  989.4 0.00 0   650.0   300.0   291.6    8.00   225.0     3.7   292.6
1008   246 290.9 221  4.1  0.01 69 5.97
 993   381 290.0 221  4.3  0.01 69 5.88
 962   651 288.2 221  4.8  0.01 69 5.70
 912  1100 285.2 222  5.5  0.01 68 5.40
 861  1551 282.2 222  6.2  0.01 67 5.10
 810  2000 279.2 223  7.0  0.01 66 4.80
 709  2901 273.2 224  8.5  0.01 64 4.20
 608  3801 267.2 225 10.0  0.01 62 3.60
 506  4701 261.2 226 11.5  0.01 60 3.00
 405  5601 255.2 227 13.0  0.01 58 2.40
2020061501005013  988.8 0.00 0   650.0   300.0   291.7    8.00   225.0     3.7   292.7
1008   251 290.9 221  4.1  0.01 69 5.97
 993   386 290.0 221  4.3  0.01 69 5.88
 962   656 288.2 221  4.8  0.01 69 5.70
 912  1105 285.2 222  5.5  0.01 68 5.40
 861  1556 282.2 222  6.2  0.01 67 5.10
 810  2005 279.2 223  7.0  0.01 66 4.80
 709  2906 273.2 224  8.5  0.01 64 4.20
 608  3806 267.2 225 10.0  0.01 62 3.60
 506  4706 261.2 226 11.5  0.01 60 3.00
 405  5606 255.2 227 13.0  0.01 58 2.40
2020061501006013  988.2 0.00 0   650.0   300.0   291.7    8.00   225.0     3.7   292.7
1008   256 290.9 221  4.1  0.01 69 5.97
 993   391 290.0 221  4.3  0.01 69 5.88
 962   661 288.2 221  4.8  0.01 69 5.70
 912  1110 285.2 222  5.5  0.01 68 5.40
 861  1561 282.2 222  6.2  0.01 67 5.10
 810  2010 279.2 223  7.0  0.01 66 4.80
 709  2911 273.2 224  8.5  0.01 64 4.20
 608  3811 267.2 225 10.0  0.01 62 3.60
 506  4711 261.2 226 11.5  0.01 60 3.00
 405  5611 255.2 227 13.0  0.01 58 2.40
2020061501007013  987.6 0.00 0   650.0   300.0   291.7    8.00   225.0     3.7   292.7
1008   261 290.9 221  4.1  0.01 69 5.97
 993   396 290.0 221  4.3  0.01 69 5.88
 962   666 288.2 221  4.8  0.01 69 5.70
 912  1115 285.2 222  5.5  0.01 68 5.40
 861  1566 282.2 222  6.2  0.01 67 5.10
 810  2015 279.2 223  7.0  0.01 66 4.80
 709  2916 273.2 224  8.5  0.01 64 4.20
 608  3816 267.2 225 10.0  0.01 62 3.60
 506  4716 261.2 226 11.5  0.01 60 3.00
 405  5616 255.2 227 13.0  0.01 58 2.40
2020061501008013  987.0 0.00 0   650.0   300.0   291.7    8.00   225.0     3.7   292.7
1008   266 290.9 221  4.1  0.01 69 5.97
 993   401 290.0 221  4.3  0.01 69 5.88
 962   671 288.2 221  4.8  0.01 69 5.70
 912  1120 285.2 222  5.5  0.01 68 5.40
 861  1571 282.2 222  6.2  0.01 67 5.10
 810  2020 279.2 223  7.0  0.01 66 4.80
 709  2921 273.2 224  8.5  0.01 64 4.20
 608  3821 267.2 225 10.0  0.01 62 3.60
 506  4721 261.2 226 11.5  0.01 60 3.00
 405  5621 255.2 227 13.0  0.01 58 2.40
2020061501009013  986.4 0.00 0   650.0   300.0   291.7    8.00   225.0     3.7   292.7
1008   271 290.9 221  4.1  0.01 69 5.97
 993   406 290.0 221  4.3  0.01 69 5.88
 962   676 288.2 221  4.8  0.01 69 5.70
 912  1125 285.2 222  5.5  0.01 68 5.40
 861  1576 282.2 222  6.2  0.01 67 5.10
 810  2025 279.2 223  7.0  0.01 66 4.80
 709  2926 273.2 224  8.5  0.01 64 4.20
 608  3826 267.2 225 10.0  0.01 62 3.60
 506  4726 261.2 226 11.5  0.01 60 3.00
 405  5626 255.2 227 13.0  0.01 58 2.40
2020061501010013  985.8 0.00 0   650.0   300.0   291.7    8.00   225.0     3.7   292.7
1008   276 290.9 221  4.1  0.01 69 5.97
 993   411 290.0 221  4.3  0.01 69 5.88
 962   681 288.2 221  4.8  0.01 69 5.70
 912  1130 285.2 222  5.5  0.01 68 5.40
 861  1581 282.2 222  6.2  0.01 67 5.10
 810  2030 279.2 223  7.0  0.01 66 4.80
 709  2931 273.2 224  8.5  0.01 64 4.20
 608  3831 267.2 225 10.0  0.01 62 3.60
 506  4731 261.2 226 11.5  0.01 60 3.00
 405  5631 255.2 227 13.0  0.01 58 2.40
2020061501011013  985.2 0.00 0   650.0   300.0   291.7    8.00   225.0     3.7   292.7
1008   281 290.9 221  4.1  0.01 69 5.97
 993   416 290.0 221  4.3  0.01 69 5.88
 962   686 288.2 221  4.8  0.01 69 5.70
 912  1135 285.2 222  5.5  0.01 68 5.40
 861  1586 282.2 222  6.2  0.01 67 5.10
 810  2035 279.2 223  7.0  0.01 66 4.80
 709  2936 273.2 224  8.5  0.01 64 4.20
 608  3836 267.2 225 10.0  0.01 62 3.60
 506  4736 261.2 226 11.5  0.01 60 3.00
 405  5636 255.2 227 13.0  0.01 58 2.40
2020061501012013  984.6 0.00 0   650.0   300.0   291.7    8.00   225.0     3.7   292.7
1008   286 290.9 221  4.1  0.01 69 5.97
 993   421 290.0 221  4.3  0.01 69 5.88
 962   691 288.2 221  4.8  0.01 69 5.70
 912  1140 285.2 222  5.5  0.01 68 5.40
 861  1591 282.2 222  6.2  0.01 67 5.10
 810  2040 279.2 223  7.0  0.01 66 4.80
 709  2941 273.2 224  8.5  0.01 64 4.20
 608  3841 267.2 225 10.0  0.01 62 3.60
 506  4741 261.2 226 11.5  0.01 60 3.00
 405  5641 255.2 227 13.0  0.01 58 2.40
2020061501013013  984.1 0.00 0   650.0   300.0   291.7    8.00   225.0     3.7   292.7
1008   291 290.9 221  4.1  0.01 69 5.97
 993   426 290.0 221  4.3  0.01 69 5.88
 962   696 288.2 221  4.8  0.01 69 5.70
 912  1145 285.2 222  5.5  0.01 68 5.40
 861  1596 282.2 222  6.2  0.01 67 5.10
 810  2045 279.2 223  7.0  0.01 66 4.80
 709  2946 273.2 224  8.5  0.01 64 4.20
 608  3846 267.2 225 10.0  0.01 62 3.60
 506  4746 261.2 226 11.5  0.01 60 3.00
 405  5646 255.2 227 13.0  0.01 58 2.40
2020061501014013  983.5 0.00 0   650.0   300.0   291.8    8.00   225.0     3.7   292.8
1008   296 290.9 221  4.1  0.01 69 5.97
 993   431 290.0 221  4.3  0.01 69 5.88
 962   701 288.2 221  4.8  0.01 69 5.70
 912  1150 285.2 222  5.5  0.01 68 5.40
 861  1601 282.2 222  6.2  0.01 67 5.10
 810  2050 279.2 223  7.0  0.01 66 4.80
 709  2951 273.2 224  8.5  0.01 64 4.20
 608  3851 267.2 225 10.0  0.01 62 3.60
 506  4751 261.2 226 11.5  0.01 60 3.00
 405  5651 255.2 227 13.0  0.01 58 2.40
2020061501001014  990.8 0.00 0   650.0   300.0   291.6    8.00   225.0     3.7   292.6
1008   234 290.9 221  4.1  0.01 69 5.97
 993   369 290.0 221  4.3  0.01 69 5.88
 962   639 288.2 221  4.8  0.01 69 5.70
 912  1088 285.2 222  5.5  0.01 68 5.40
 861  1539 282.2 222  6.2  0.01 67 5.10
 810  1988 279.2 223  7.0  0.01 66 4.80
 709  2889 273.2 224  8.5  0.01 64 4.20
 608  3789 267.2 225 10.0  0.01 62 3.60
 506  4689 261.2 226 11.5  0.01 60 3.00
 405  5589 255.2 227 13.0  0.01 58 2.40
2020061501002014  990.2 0.00 0   650.0   300.0   291.6    8.00   225.0     3.7   292.6
1008   239 290.9 221  4.1  0.01 69 5.97
 993   374 290.0 221  4.3  0.01 69 5.88
 962   644 288.2 221  4.8  0.01 69 5.70
 912  1093 285.2 222  5.5  0.01 68 5.40
 861  1544 282.2 222  6.2  0.01 67 5.10
 810  1993 279.2 223  7.0  0.01 66 4.80
 709  2894 273.2 224  8.5  0.01 64 4.20
 608  3794 267.2 225 10.0  0.01 62 3.60
 506  4694 261.2 226 11.5  0.01 60 3.00
 405  5594 255.2 227 13.0  0.01 58 2.40
2020061501003014  989.6 0.00 0   650.0   300.0   291.6    8.00   225.0     3.7   292.6
1008   244 290.9 221  4.1  0.01 69 5.97
 993   379 290.0 221  4.3  0.01 69 5.88
 962   649 288.2 221  4.8  0.01 69 5.70
 912  1098 285.2 222  5.5  0.01 68 5.40
 861  1549 282.2 222  6.2  0.01 67 5.10
 810  1998 279.2 223  7.0  0.01 66 4.80
 709  2899 273.2 224  8.5  0.01 64 4.20
 608  3799 267.2 225 10.0  0.01 62 3.60
 506  4699 261.2 226 11.5  0.01 60 3.00
 405  5599 255.2 227 13.0  0.01 58 2.40
2020061501004014  989.0 0.00 0   650.0   300.0   291.7    8.00   225.0     3.7   292.7
1008   249 290.9 221  4.1  0.01 69 5.97
 993   384 290.0 221  4.3  0.01 69 5.88
 962   654 288.2 221  4.8  0.01 69 5.70
 912  1103 285.2 222  5.5  0.01 68 5.40
 861  1554 282.2 222  6.2  0.01 67 5.10
 810  2003 279.2 223  7.0  0.01 66 4.80
 709  2904 273.2 224  8.5  0.01 64 4.20
 608  3804 267.2 225 10.0  0.01 62 3.60
 506  4704 261.2 226 11.5  0.01 60 3.00
 405  5604 255.2 227 13.0  0.01 58 2.40
2020061501005014  988.4 0.00 0   650.0   300.0   291.7    8.00   225.0     3.7   292.7
1008   254 290.9 221  4.1  0.01 69 5.97
 993   389 290.0 221  4.3  0.01 69 5.88
 962   659 288.2 221  4.8  0.01 69 5.70
 912  1108 285.2 222  5.5  0.01 68 5.40
 861  1559 282.2 222  6.2  0.01 67 5.10
 810  2008 279.2 223  7.0  0.01 66 4.80
 709  2909 273.2 224  8.5  0.01 64 4.20
 608  3809 267.2 225 10.0  0.01 62 3.60
 506  4709 261.2 226 11.5  0.01 60 3.00
 405  5609 255.2 227 13.0  0.01 58 2.40
2020061501006014  987.8 0.00 0   650.0   300.0   291.7    8.00   225.0     3.7   292.7
1008   259 290.9 221  4.1  0.01 69 5.97
 993   394 290.0 221  4.3  0.01 69 5.88
 962   664 288.2 221  4.8  0.01 69 5.70
 912  1113 285.2 222  5.5  0.01 68 5.40
 861  1564 282.2 222  6.2  0.01 67 5.10
 810  2013 279.2 223  7.0  0.01 66 4.80
 709  2914 273.2 224  8.5  0.01 64 4.20
 608  3814 267.2 225 10.0  0.01 62 3.60
 506  4714 261.2 226 11.5  0.01 60 3.00
 405  5614 255.2 227 13.0  0.01 58 2.40
2020061501007014  987.2 0.00 0   650.0   300.0   291.7    8.00   225.0     3.7   292.7
1008   264 290.9 221  4.1  0.01 69 5.97
 993   399 290.0 221  4.3  0.01 69 5.88
 962   669 288.2 221  4.8  0.01 69 5.70
 912  1118 285.2 222  5.5  0.01 68 5.40
 861  1569 282.2 222  6.2  0.01 67 5.10
 810  2018 279.2 223  7.0  0.01 66 4.80
 709  2919 273.2 224  8.5  0.01 64 4.20
 608  3819 267.2 225 10.0  0.01 62 3.60
 506  4719 261.2 226 11.5  0.01 60 3.00
 405  5619 255.2 227 13.0  0.01 58 2.40
2020061501008014  986.6 0.00 0   650.0   300.0   291.7    8.00   225.0     3.7   292.7
1008   269 290.9 221  4.1  0.01 69 5.97
 993   404 290.0 221  4.3  0.01 69 5.88
 962   674 288.2 221  4.8  0.01 69 5.70
 912  1123 285.2 222  5.5  0.01 68 5.40
 861  1574 282.2 222  6.2  0.01 67 5.10
 810  2023 279.2 223  7.0  0.01 66 4.80
 709  2924 273.2 224  8.5  0.01 64 4.20
 608  3824 267.2 225 10.0  0.01 62 3.60
 506  4724 261.2 226 11.5  0.01 60 3.00
 405  5624 255.2 227 13.0  0.01 58 2.40
2020061501009014  986.1 0.00 0   650.0   300.0   291.7    8.00   225.0     3.7   292.7
1008   274 290.9 221  4.1  0.01 69 5.97
 993   409 290.0 221  4.3  0.01 69 5.88
 962   679 288.2 221  4.8  0.01 69 5.70
 912  1128 285.2 222  5.5  0.01 68 5.40
 861  1579 282.2 222  6.2  0.01 67 5.10
 810  2028 279.2 223  7.0  0.01 66 4.80
 709  2929 273.2 224  8.5  0.01 64 4.20
 608  3829 267.2 225 10.0  0.01 62 3.60
 506  4729 261.2 226 11.5  0.01 60 3.00
 405  5629 255.2 227 13.0  0.01 58 2.40
2020061501010014  985.5 0.00 0   650.0   300.0   291.7    8.00   225.0     3.7   292.7
1008   279 290.9 221  4.1  0.01 69 5.97
 993   414 290.0 221  4.3  0.01 69 5.88
 962   684 288.2 221  4.8  0.01 69 5.70
 912  1133 285.2 222  5.5  0.01 68 5.40
 861  1584 282.2 222  6.2  0.01 67 5.10
 810  2033 279.2 223  7.0  0.01 66 4.80
 709  2934 273.2 224  8.5  0.01 64 4.20
 608  3834 267.2 225 10.0  0.01 62 3.60
 506  4734 261.2 226 11.5  0.01 60 3.00
 405  5634 255.2 227 13.0  0.01 58 2.40
2020061501011014  984.9 0.00 0   650.0   300.0   291.7    8.00   225.0     3.7   292.7
1008   284 290.9 221  4.1  0.01 69 5.97
 993   419 290.0 221  4.3  0.01 69 5.88
 962   689 288.2 221  4.8  0.01 69 5.70
 912  1138 285.2 222  5.5  0.01 68 5.40
 861  1589 282.2 222  6.2  0.01 67 5.10
 810  2038 279.2 223  7.0  0.01 66 4.80
 709  2939 273.2 224  8.5  0.01 64 4.20
 608  3839 267.2 225 10.0  0.01 62 3.60
 506  4739 261.2 226 11.5  0.01 60 3.00
 405  5639 255.2 227 13.0  0.01 58 2.40
2020061501012014  984.3 0.00 0   650.0   300.0   291.7    8.00   225.0     3.7   292.7
1008   289 290.9 221  4.1  0.01 69 5.97
 993   424 290.0 221  4.3  0.01 69 5.88
 962   694 288.2 221  4.8  0.01 69 5.70
 912  1143 285.2 222  5.5  0.01 68 5.40
 861  1594 282.2 222  6.2  0.01 67 5.10
 810  2043 279.2 223  7.0  0.01 66 4.80
 709  2944 273.2 224  8.5  0.01 64 4.20
 608  3844 267.2 225 10.0  0.01 62 3.60
 506  4744 261.2 226 11.5  0.01 60 3.00
 405  5644 255.2 227 13.0  0.01 58 2.40
2020061501013014  983.7 0.00 0   650.0   300.0   291.8    8.00   225.0     3.7   292.8
1008   294 290.9 221  4.1  0.01 69 5.97
 993   429 290.0 221  4.3  0.01 69 5.88
 962   699 288.2 221  4.8  0.01 69 5.70
 912  1148 285.2 222  5.5  0.01 68 5.40
 861  1599 282.2 222  6.2  0.01 67 5.10
 810  2048 279.2 223  7.0  0.01 66 4.80
 709  2949 273.2 224  8.5  0.01 64 4.20
 608  3849 267.2 225 10.0  0.01 62 3.60
 506  4749 261.2 226 11.5  0.01 60 3.00
 405  5649 255.2 227 13.0  0.01 58 2.40
2020061501014014  983.1 0.00 0   650.0   300.0   291.8    8.00   225.0     3.7   292.8
1008   299 290.9 221  4.1  0.01 69 5.97
 993   434 290.0 221  4.3  0.01 69 5.88
 962   704 288.2 221  4.8  0.01 69 5.70
 912  1153 285.2 222  5.5  0.01 68 5.40
 861  1604 282.2 222  6.2  0.01 67 5.10
 810  2053 279.2 223  7.0  0.01 66 4.80
 709  2954 273.2 224  8.5  0.01 64 4.20
 608  3854 267.2 225 10.0  0.01 62 3.60
 506  4754 261.2 226 11.5  0.01 60 3.00
 405  5654 255.2 227 13.0  0.01 58 2.40
2020061502001001  995.4 0.00 0   700.0   300.0   292.0    8.00   230.0     3.9   293.0
1008   195 291.1 222  4.1  0.01 69 5.97
 993   330 290.2 222  4.3  0.01 69 5.88
 962   600 288.4 222  4.8  0.01 69 5.70
 912  1049 285.4 223  5.5  0.01 68 5.40
 861  1500 282.4 223  6.2  0.01 67 5.10
 810  1949 279.4 224  7.0  0.01 66 4.80
 709  2850 273.4 225  8.5  0.01 64 4.20
 608  3750 267.4 226 10.0  0.01 62 3.60
 506  4650 261.4 227 11.5  0.01 60 3.00
 405  5550 255.4 228 13.0  0.01 58 2.40
2020061502002001  994.8 0.00 0   700.0   300.0   292.0    8.00   230.0     3.9   293.0
1008   200 291.1 222  4.1  0.01 69 5.97
 993   335 290.2 222  4.3  0.01 69 5.88
 962   605 288.4 222  4.8  0.01 69 5.70
 912  1054 285.4 223  5.5  0.01 68 5.40
 861  1505 282.4 223  6.2  0.01 67 5.10
 810  1954 279.4 224  7.0  0.01 66 4.80
 709  2855 273.4 225  8.5  0.01 64 4.20
 608  3755 267.4 226 10.0  0.01 62 3.60
 506  4655 261.4 227 11.5  0.01 60 3.00
 405  5555 255.4 228 13.0  0.01 58 2.40
2020061502003001  994.2 0.00 0   700.0   300.0   292.0    8.00   230.0     3.9   293.0
1008   205 291.1 222  4.1  0.01 69 5.97
 993   340 290.2 222  4.3  0.01 69 5.88
 962   610 288.4 222  4.8  0.01 69 5.70
 912  1059 285.4 223  5.5  0.01 68 5.40
 861  1510 282.4 223  6.2  0.01 67 5.10
 810  1959 279.4 224  7.0  0.01 66 4.80
 709  2860 273.4 225  8.5  0.01 64 4.20
 608  3760 267.4 226 10.0  0.01 62 3.60
 506  4660 261.4 227 11.5  0.01 60 3.00
 405  5560 255.4 228 13.0  0.01 58 2.40
2020061502004001  993.6 0.00 0   700.0   300.0   292.0    8.00   230.0     3.9   293.0
1008   210 291.1 222  4.1  0.01 69 5.97
 993   345 290.2 222  4.3  0.01 69 5.88
 962   615 288.4 222  4.8  0.01 69 5.70
 912  1064 285.4 223  5.5  0.01 68 5.40
 861  1515 282.4 223  6.2  0.01 67 5.10
 810  1964 279.4 224  7.0  0.01 66 4.80
 709  2865 273.4 225  8.5  0.01 64 4.20
 608  3765 267.4 226 10.0  0.01 62 3.60
 506  4665 261.4 227 11.5  0.01 60 3.00
 405  5565 255.4 228 13.0  0.01 58 2.40
2020061502005001  993.0 0.00 0   700.0   300.0   292.0    8.00   230.0     3.9   293.0
1008   215 291.1 222  4.1  0.01 69 5.97
 993   350 290.2 222  4.3  0.01 69 5.88
 962   620 288.4 222  4.8  0.01 69 5.70
 912  1069 285.4 223  5.5  0.01 68 5.40
 861  1520 282.4 223  6.2  0.01 67 5.10
 810  1969 279.4 224  7.0  0.01 66 4.80
 709  2870 273.4 225  8.5  0.01 64 4.20
 608  3770 267.4 226 10.0  0.01 62 3.60
 506  4670 261.4 227 11.5  0.01 60 3.00
 405  5570 255.4 228 13.0  0.01 58 2.40
2020061502006001  992.4 0.00 0   700.0   300.0   292.1    8.00   230.0     3.9   293.1
1008   220 291.1 222  4.1  0.01 69 5.97
 993   355 290.2 222  4.3  0.01 69 5.88
 962   625 288.4 222  4.8  0.01 69 5.70
 912  1074 285.4 223  5.5  0.01 68 5.40
 861  1525 282.4 223  6.2  0.01 67 5.10
 810  1974 279.4 224  7.0  0.01 66 4.80
 709  2875 273.4 225  8.5  0.01 64 4.20
 608  3775 267.4 226 10.0  0.01 62 3.60
 506  4675 261.4 227 11.5  0.01 60 3.00
 405  5575 255.4 228 13.0  0.01 58 2.40
2020061502007001  991.8 0.00 0   700.0   300.0   292.1    8.00   230.0     3.9   293.1
1008   225 291.1 222  4.1  0.01 69 5.97
 993   360 290.2 222  4.3  0.01 69 5.88
 962   630 288.4 222  4.8  0.01 69 5.70
 912  1079 285.4 223  5.5  0.01 68 5.40
 861  1530 282.4 223  6.2  0.01 67 5.10
 810  1979 279.4 224  7.0  0.01 66 4.80
 709  2880 273.4 225  8.5  0.01 64 4.20
 608  3780 267.4 226 10.0  0.01 62 3.60
 506  4680 261.4 227 11.5  0.01 60 3.00
 405  5580 255.4 228 13.0  0.01 58 2.40
2020061502008001  991.2 0.00 0   700.0   300.0   292.1    8.00   230.0     3.9   293.1
1008   230 291.1 222  4.1  0.01 69 5.97
 993   365 290.2 222  4.3  0.01 69 5.88
 962   635 288.4 222  4.8  0.01 69 5.70
 912  1084 285.4 223  5.5  0.01 68 5.40
 861  1535 282.4 223  6.2  0.01 67 5.10
 810  1984 279.4 224  7.0  0.01 66 4.80
 709  2885 273.4 225  8.5  0.01 64 4.20
 608  3785 267.4 226 10.0  0.01 62 3.60
 506  4685 261.4 227 11.5  0.01 60 3.00
 405  5585 255.4 228 13.0  0.01 58 2.40
2020061502009001  990.6 0.00 0   700.0   300.0   292.1    8.00   230.0     3.9   293.1
1008   235 291.1 222  4.1  0.01 69 5.97
 993   370 290.2 222  4.3  0.01 69 5.88
 962   640 288.4 222  4.8  0.01 69 5.70
 912  1089 285.4 223  5.5  0.01 68 5.40
 861  1540 282.4 223  6.2  0.01 67 5.10
 810  1989 279.4 224  7.0  0.01 66 4.80
 709  2890 273.4 225  8.5  0.01 64 4.20
 608  3790 267.4 226 10.0  0.01 62 3.60
 506  4690 261.4 227 11.5  0.01 60 3.00
 405  5590 255.4 228 13.0  0.01 58 2.40
2020061502010001  990.1 0.00 0   700.0   300.0   292.1    8.00   230.0     3.9   293.1
1008   240 291.1 222  4.1  0.01 69 5.97
 993   375 290.2 222  4.3  0.01 69 5.88
 962   645 288.4 222  4.8  0.01 69 5.70
 912  1094 285.4 223  5.5  0.01 68 5.40
 861  1545 282.4 223  6.2  0.01 67 5.10
 810  1994 279.4 224  7.0  0.01 66 4.80
 709  2895 273.4 225  8.5  0.01 64 4.20
 608  3795 267.4 226 10.0  0.01 62 3.60
 506  4695 261.4 227 11.5  0.01 60 3.00
 405  5595 255.4 228 13.0  0.01 58 2.40
2020061502011001  989.5 0.00 0   700.0   300.0   292.1    8.00   230.0     3.9   293.1
1008   245 291.1 222  4.1  0.01 69 5.97
 993   380 290.2 222  4.3  0.01 69 5.88
 962   650 288.4 222  4.8  0.01 69 5.70
 912  1099 285.4 223  5.5  0.01 68 5.40
 861  1550 282.4 223  6.2  0.01 67 5.10
 810  1999 279.4 224  7.0  0.01 66 4.80
 709  2900 273.4 225  8.5  0.01 64 4.20
 608  3800 267.4 226 10.0  0.01 62 3.60
 506  4700 261.4 227 11.5  0.01 60 3.00
 405  5600 255.4 228 13.0  0.01 58 2.40
2020061502012001  988.9 0.00 0   700.0   300.0   292.1    8.00   230.0     3.9   293.1
1008   250 291.1 222  4.1  0.01 69 5.97
 993   385 290.2 222  4.3  0.01 69 5.88
 962   655 288.4 222  4.8  0.01 69 5.70
 912  1104 285.4 223  5.5  0.01 68 5.40
 861  1555 282.4 223  6.2  0.01 67 5.10
 810  2004 279.4 224  7.0  0.01 66 4.80
 709  2905 273.4 225  8.5  0.01 64 4.20
 608  3805 267.4 226 10.0  0.01 62 3.60
 506  4705 261.4 227 11.5  0.01 60 3.00
 405  5605 255.4 228 13.0  0.01 58 2.40
2020061502013001  988.3 0.00 0   700.0   300.0   292.1    8.00   230.0     3.9   293.1
1008   255 291.1 222  4.1  0.01 69 5.97
 993   390 290.2 222  4.3  0.01 69 5.88
 962   660 288.4 222  4.8  0.01 69 5.70
 912  1109 285.4 223  5.5  0.01 68 5.40
 861  1560 282.4 223  6.2  0.01 67 5.10
 810  2009 279.4 224  7.0  0.01 66 4.80
 709  2910 273.4 225  8.5  0.01 64 4.20
 608  3810 267.4 226 10.0  0.01 62 3.60
 506  4710 261.4 227 11.5  0.01 60 3.00
 405  5610 255.4 228 13.0  0.01 58 2.40
2020061502014001  987.7 0.00 0   700.0   300.0   292.1    8.00   230.0     3.9   293.1
1008   260 291.1 222  4.1  0.01 69 5.97
 993   395 290.2 222  4.3  0.01 69 5.88
 962   665 288.4 222  4.8  0.01 69 5.70
 912  1114 285.4 223  5.5  0.01 68 5.40
 861  1565 282.4 223  6.2  0.01 67 5.10
 810  2014 279.4 224  7.0  0.01 66 4.80
 709  2915 273.4 225  8.5  0.01 64 4.20
 608  3815 267.4 226 10.0  0.01 62 3.60
 506  4715 261.4 227 11.5  0.01 60 3.00
 405  5615 255.4 228 13.0  0.01 58 2.40
2020061502001002  995.0 0.00 0   700.0   300.0   292.0    8.00   230.0     3.9   293.0
1008   198 291.1 222  4.1  0.01 69 5.97
 993   333 290.2 222  4.3  0.01 69 5.88
 962   603 288.4 222  4.8  0.01 69 5.70
 912  1052 285.4 223  5.5  0.01 68 5.40
 861  1503 282.4 223  6.2  0.01 67 5.10
 810  1952 279.4 224  7.0  0.01 66 4.80
 709  2853 273.4 225  8.5  0.01 64 4.20
 608  3753 267.4 226 10.0  0.01 62 3.60
 506  4653 261.4 227 11.5  0.01 60 3.00
 405  5553 255.4 228 13.0  0.01 58 2.40
2020061502002002  994.4 0.00 0   700.0   300.0   292.0    8.00   230.0     3.9   293.0
1008   203 291.1 222  4.1  0.01 69 5.97
 993   338 290.2 222  4.3  0.01 69 5.88
 962   608 288.4 222  4.8  0.01 69 5.70
 912  1057 285.4 223  5.5  0.01 68 5.40
 861  1508 282.4 223  6.2  0.01 67 5.10
 810  1957 279.4 224  7.0  0.01 66 4.80
 709  2858 273.4 225  8.5  0.01 64 4.20
 608  3758 267.4 226 10.0  0.01 62 3.60
 506  4658 261.4 227 11.5  0.01 60 3.00
 405  5558 255.4 228 13.0  0.01 58 2.40
2020061502003002  993.8 0.00 0   700.0   300.0   292.0    8.00   230.0     3.9   293.0
1008   208 291.1 222  4.1  0.01 69 5.97
 993   343 290.2 222  4.3  0.01 69 5.88
 962   613 288.4 222  4.8  0.01 69 5.70
 912  1062 285.4 223  5.5  0.01 68 5.40
 861  1513 282.4 223  6.2  0.01 67 5.10
 810  1962 279.4 224  7.0  0.01 66 4.80
 709  2863 273.4 225  8.5  0.01 64 4.20
 608  3763 267.4 226 10.0  0.01 62 3.60
 506  4663 261.4 227 11.5  0.01 60 3.00
 405  5563 255.4 228 13.0  0.01 58 2.40
2020061502004002  993.2 0.00 0   700.0   300.0   292.0    8.00   230.0     3.9   293.0
1008   213 291.1 222  4.1  0.01 69 5.97
 993   348 290.2 222  4.3  0.01 69 5.88
 962   618 288.4 222  4.8  0.01 69 5.70
 912  1067 285.4 223  5.5  0.01 68 5.40
 861  1518 282.4 223  6.2  0.01 67 5.10
 810  1967 279.4 224  7.0  0.01 66 4.80
 709  2868 273.4 225  8.5  0.01 64 4.20
 608  3768 267.4 226 10.0  0.01 62 3.60
 506  4668 261.4 227 11.5  0.01 60 3.00
 405  5568 255.4 228 13.0  0.01 58 2.40
2020061502005002  992.6 0.00 0   700.0   300.0   292.1    8.00   230.0     3.9   293.1
1008   218 291.1 222  4.1  0.01 69 5.97
 993   353 290.2 222  4.3  0.01 69 5.88
 962   623 288.4 222  4.8  0.01 69 5.70
 912  1072 285.4 223  5.5  0.01 68 5.40
 861  1523 282.4 223  6.2  0.01 67 5.10
 810  1972 279.4 224  7.0  0.01 66 4.80
 709  2873 273.4 225  8.5  0.01 64 4.20
 608  3773 267.4 226 10.0  0.01 62 3.60
 506  4673 261.4 227 11.5  0.01 60 3.00
 405  5573 255.4 228 13.0  0.01 58 2.40
2020061502006002  992.1 0.00 0   700.0   300.0   292.1    8.00   230.0     3.9   293.1
1008   223 291.1 222  4.1  0.01 69 5.97
 993   358 290.2 222  4.3  0.01 69 5.88
 962   628 288.4 222  4.8  0.01 69 5.70
 912  1077 285.4 223  5.5  0.01 68 5.40
 861  1528 282.4 223  6.2  0.01 67 5.10
 810  1977 279.4 224  7.0  0.01 66 4.80
 709  2878 273.4 225  8.5  0.01 64 4.20
 608  3778 267.4 226 10.0  0.01 62 3.60
 506  4678 261.4 227 11.5  0.01 60 3.00
 405  5578 255.4 228 13.0  0.01 58 2.40
2020061502007002  991.5 0.00 0   700.0   300.0   292.1    8.00   230.0     3.9   293.1
1008   228 291.1 222  4.1  0.01 69 5.97
 993   363 290.2 222  4.3  0.01 69 5.88
 962   633 288.4 222  4.8  0.01 69 5.70
 912  1082 285.4 223  5.5  0.01 68 5.40
 861  1533 282.4 223  6.2  0.01 67 5.10
 810  1982 279.4 224  7.0  0.01 66 4.80
 709  2883 273.4 225  8.5  0.01 64 4.20
 608  3783 267.4 226 10.0  0.01 62 3.60
 506  4683 261.4 227 11.5  0.01 60 3.00
 405  5583 255.4 228 13.0  0.01 58 2.40
2020061502008002  990.9 0.00 0   700.0   300.0   292.1    8.00   230.0     3.9   293.1
1008   233 291.1 222  4.1  0.01 69 5.97
 993   368 290.2 222  4.3  0.01 69 5.88
 962   638 288.4 222  4.8  0.01 69 5.70
 912  1087 285.4 223  5.5  0.01 68 5.40
 861  1538 282.4 223  6.2  0.01 67 5.10
 810  1987 279.4 224  7.0  0.01 66 4.80
 709  2888 273.4 225  8.5  0.01 64 4.20
 608  3788 267.4 226 10.0  0.01 62 3.60
 506  4688 261.4 227 11.5  0.01 60 3.00
 405  5588 255.4 228 13.0  0.01 58 2.40
2020061502009002  990.3 0.00 0   700.0   300.0   292.1    8.00   230.0     3.9   293.1
1008   238 291.1 222  4.1  0.01 69 5.97
 993   373 290.2 222  4.3  0.01 69 5.88
 962   643 288.4 222  4.8  0.01 69 5.70
 912  1092 285.4 223  5.5  0.01 68 5.40
 861  1543 282.4 223  6.2  0.01 67 5.10
 810  1992 279.4 224  7.0  0.01 66 4.80
 709  2893 273.4 225  8.5  0.01 64 4.20
 608  3793 267.4 226 10.0  0.01 62 3.60
 506  4693 261.4 227 11.5  0.01 60 3.00
 405  5593 255.4 228 13.0  0.01 58 2.40
2020061502010002  989.7 0.00 0   700.0   300.0   292.1    8.00   230.0     3.9   293.1
1008   243 291.1 222  4.1  0.01 69 5.97
 993   378 290.2 222  4.3  0.01 69 5.88
 962   648 288.4 222  4.8  0.01 69 5.70
 912  1097 285.4 223  5.5  0.01 68 5.40
 861  1548 282.4 223  6.2  0.01 67 5.10
 810  1997 279.4 224  7.0  0.01 66 4.80
 709  2898 273.4 225  8.5  0.01 64 4.20
 608  3798 267.4 226 10.0  0.01 62 3.60
 506  4698 261.4 227 11.5  0.01 60 3.00
 405  5598 255.4 228 13.0  0.01 58 2.40
2020061502011002  989.1 0.00 0   700.0   300.0   292.1    8.00   230.0     3.9   293.1
1008   248 291.1 222  4.1  0.01 69 5.97
 993   383 290.2 222  4.3  0.01 69 5.88
 962   653 288.4 222  4.8  0.01 69 5.70
 912  1102 285.4 223  5.5  0.01 68 5.40
 861  1553 282.4 223  6.2  0.01 67 5.10
 810  2002 279.4 224  7.0  0.01 66 4.80
 709  2903 273.4 225  8.5  0.01 64 4.20
 608  3803 267.4 226 10.0  0.01 62 3.60
 506  4703 261.4 227 11.5  0.01 60 3.00
 405  5603 255.4 228 13.0  0.01 58 2.40
2020061502012002  988.5 0.00 0   700.0   300.0   292.1    8.00   230.0     3.9   293.1
1008   253 291.1 222  4.1  0.01 69 5.97
 993   388 290.2 222  4.3  0.01 69 5.88
 962   658 288.4 222  4.8  0.01 69 5.70
 912  1107 285.4 223  5.5  0.01 68 5.40
 861  1558 282.4 223  6.2  0.01 67 5.10
 810  2007 279.4 224  7.0  0.01 66 4.80
 709  2908 273.4 225  8.5  0.01 64 4.20
 608  3808 267.4 226 10.0  0.01 62 3.60
 506  4708 261.4 227 11.5  0.01 60 3.00
 405  5608 255.4 228 13.0  0.01 58 2.40
2020061502013002  987.9 0.00 0   700.0   300.0   292.1    8.00   230.0     3.9   293.1
1008   258 291.1 222  4.1  0.01 69 5.97
 993   393 290.2 222  4.3  0.01 69 5.88
 962   663 288.4 222  4.8  0.01 69 5.70
 912  1112 285.4 223  5.5  0.01 68 5.40
 861  1563 282.4 223  6.2  0.01 67 5.10
 810  2012 279.4 224  7.0  0.01 66 4.80
 709  2913 273.4 225  8.5  0.01 64 4.20
 608  3813 267.4 226 10.0  0.01 62 3.60
 506  4713 261.4 227 11.5  0.01 60 3.00
 405  5613 255.4 228 13.0  0.01 58 2.40
2020061502014002  987.4 0.00 0   700.0   300.0   292.1    8.00   230.0     3.9   293.1
1008   263 291.1 222  4.1  0.01 69 5.97
 993   398 290.2 222  4.3  0.01 69 5.88
 962   668 288.4 222  4.8  0.01 69 5.70
 912  1117 285.4 223  5.5  0.01 68 5.40
 861  1568 282.4 223  6.2  0.01 67 5.10
 810  2017 279.4 224  7.0  0.01 66 4.80
 709  2918 273.4 225  8.5  0.01 64 4.20
 608  3818 267.4 226 10.0  0.01 62 3.60
 506  4718 261.4 227 11.5  0.01 60 3.00
 405  5618 255.4 228 13.0  0.01 58 2.40
2020061502001003  994.6 0.00 0   700.0   300.0   292.0    8.00   230.0     3.9   293.0
1008   201 291.1 222  4.1  0.01 69 5.97
 993   336 290.2 222  4.3  0.01 69 5.88
 962   606 288.4 222  4.8  0.01 69 5.70
 912  1055 285.4 223  5.5  0.01 68 5.40
 861  1506 282.4 223  6.2  0.01 67 5.10
 810  1955 279.4 224  7.0  0.01 66 4.80
 709  2856 273.4 225  8.5  0.01 64 4.20
 608  3756 267.4 226 10.0  0.01 62 3.60
 506  4656 261.4 227 11.5  0.01 60 3.00
 405  5556 255.4 228 13.0  0.01 58 2.40
2020061502002003  994.1 0.00 0   700.0   300.0   292.0    8.00   230.0     3.9   293.0
1008   206 291.1 222  4.1  0.01 69 5.97
 993   341 290.2 222  4.3  0.01 69 5.88
 962   611 288.4 222  4.8  0.01 69 5.70
 912  1060 285.4 223  5.5  0.01 68 5.40
 861  1511 282.4 223  6.2  0.01 67 5.10
 810  1960 279.4 224  7.0  0.01 66 4.80
 709  2861 273.4 225  8.5  0.01 64 4.20
 608  3761 267.4 226 10.0  0.01 62 3.60
 506  4661 261.4 227 11.5  0.01 60 3.00
 405  5561 255.4 228 13.0  0.01 58 2.40
2020061502003003  993.5 0.00 0   700.0   300.0   292.0    8.00   230.0     3.9   293.0
1008   211 291.1 222  4.1  0.01 69 5.97
 993   346 290.2 222  4.3  0.01 69 5.88
 962   616 288.4 222  4.8  0.01 69 5.70
 912  1065 285.4 223  5.5  0.01 68 5.40
 861  1516 282.4 223  6.2  0.01 67 5.10
 810  1965 279.4 224  7.0  0.01 66 4.80
 709  2866 273.4 225  8.5  0.01 64 4.20
 608  3766 267.4 226 10.0  0.01 62 3.60
 506  4666 261.4 227 11.5  0.01 60 3.00
 405  5566 255.4 228 13.0  0.01 58 2.40
2020061502004003  992.9 0.00 0   700.0   300.0   292.1    8.00   230.0     3.9   293.1
1008   216 291.1 222  4.1  0.01 69 5.97
 993   351 290.2 222  4.3  0.01 69 5.88
 962   621 288.4 222  4.8  0.01 69 5.70
 912  1070 285.4 223  5.5  0.01 68 5.40
 861  1521 282.4 223  6.2  0.01 67 5.10
 810  1970 279.4 224  7.0  0.01 66 4.80
 709  2871 273.4 225  8.5  0.01 64 4.20
 608  3771 267.4 226 10.0  0.01 62 3.60
 506  4671 261.4 227 11.5  0.01 60 3.00
 405  5571 255.4 228 13.0  0.01 58 2.40
2020061502005003  992.3 0.00 0   700.0   300.0   292.1    8.00   230.0     3.9   293.1
1008   221 291.1 222  4.1  0.01 69 5.97
 993   356 290.2 222  4.3  0.01 69 5.88
 962   626 288.4 222  4.8  0.01 69 5.70
 912  1075 285.4 223  5.5  0.01 68 5.40
 861  1526 282.4 223  6.2  0.01 67 5.10
 810  1975 279.4 224  7.0  0.01 66 4.80
 709  2876 273.4 225  8.5  0.01 64 4.20
 608  3776 267.4 226 10.0  0.01 62 3.60
 506  4676 261.4 227 11.5  0.01 60 3.00
 405  5576 255.4 228 13.0  0.01 58 2.40
2020061502006003  991.7 0.00 0   700.0   300.0   292.1    8.00   230.0     3.9   293.1
1008   226 291.1 222  4.1  0.01 69 5.97
 993   361 290.2 222  4.3  0.01 69 5.88
 962   631 288.4 222  4.8  0.01 69 5.70
 912  1080 285.4 223  5.5  0.01 68 5.40
 861  1531 282.4 223  6.2  0.01 67 5.10
 810  1980 279.4 224  7.0  0.01 66 4.80
 709  2881 273.4 225  8.5  0.01 64 4.20
 608  3781 267.4 226 10.0  0.01 62 3.60
 506  4681 261.4 227 11.5  0.01 60 3.00
 405  5581 255.4 228 13.0  0.01 58 2.40
2020061502007003  991.1 0.00 0   700.0   300.0   292.1    8.00   230.0     3.9   293.1
1008   231 291.1 222  4.1  0.01 69 5.97
 993   366 290.2 222  4.3  0.01 69 5.88
 962   636 288.4 222  4.8  0.01 69 5.70
 912  1085 285.4 223  5.5  0.01 68 5.40
 861  1536 282.4 223  6.2  0.01 67 5.10
 810  1985 279.4 224  7.0  0.01 66 4.80
 709  2886 273.4 225  8.5  0.01 64 4.20
 608  3786 267.4 226 10.0  0.01 62 3.60
 506  4686 261.4 227 11.5  0.01 60 3.00
 405  5586 255.4 228 13.0  0.01 58 2.40
2020061502008003  990.5 0.00 0   700.0   300.0   292.1    8.00   230.0     3.9   293.1
1008   236 291.1 222  4.1  0.01 69 5.97
 993   371 290.2 222  4.3  0.01 69 5.88
 962   641 288.4 222  4.8  0.01 69 5.70
 912  1090 285.4 223  5.5  0.01 68 5.40
 861  1541 282.4 223  6.2  0.01 67 5.10
 810  1990 279.4 224  7.0  0.01 66 4.80
 709  2891 273.4 225  8.5  0.01 64 4.20
 608  3791 267.4 226 10.0  0.01 62 3.60
 506  4691 261.4 227 11.5  0.01 60 3.00
 405  5591 255.4 228 13.0  0.01 58 2.40
2020061502009003  989.9 0.00 0   700.0   300.0   292.1    8.00   230.0     3.9   293.1
1008   241 291.1 222  4.1  0.01 69 5.97
 993   376 290.2 222  4.3  0.01 69 5.88
 962   646 288.4 222  4.8  0.01 69 5.70
 912  1095 285.4 223  5.5  0.01 68 5.40
 861  1546 282.4 223  6.2  0.01 67 5.10
 810  1995 279.4 224  7.0  0.01 66 4.80
 709  2896 273.4 225  8.5  0.01 64 4.20
 608  3796 267.4 226 10.0  0.01 62 3.60
 506  4696 261.4 227 11.5  0.01 60 3.00
 405  5596 255.4 228 13.0  0.01 58 2.40
2020061502010003  989.4 0.00 0   700.0   300.0   292.1    8.00   230.0     3.9   293.1
1008   246 291.1 222  4.1  0.01 69 5.97
 993   381 290.2 222  4.3  0.01 69 5.88
 962   651 288.4 222  4.8  0.01 69 5.70
 912  1100 285.4 223  5.5  0.01 68 5.40
 861  1551 282.4 223  6.2  0.01 67 5.10
 810  2000 279.4 224  7.0  0.01 66 4.80
 709  2901 273.4 225  8.5  0.01 64 4.20
 608  3801 267.4 226 10.0  0.01 62 3.60
 506  4701 261.4 227 11.5  0.01 60 3.00
 405  5601 255.4 228 13.0  0.01 58 2.40
2020061502011003  988.8 0.00 0   700.0   300.0   292.1    8.00   230.0     3.9   293.1
1008   251 291.1 222  4.1  0.01 69 5.97
 993   386 290.2 222  4.3  0.01 69 5.88
 962   656 288.4 222  4.8  0.01 69 5.70
 912  1105 285.4 223  5.5  0.01 68 5.40
 861  1556 282.4 223  6.2  0.01 67 5.10
 810  2005 279.4 224  7.0  0.01 66 4.80
 709  2906 273.4 225  8.5  0.01 64 4.20
 608  3806 267.4 226 10.0  0.01 62 3.60
 506  4706 261.4 227 11.5  0.01 60 3.00
 405  5606 255.4 228 13.0  0.01 58 2.40
2020061502012003  988.2 0.00 0   700.0   300.0   292.1    8.00   230.0     3.9   293.1
1008   256 291.1 222  4.1  0.01 69 5.97
 993   391 290.2 222  4.3  0.01 69 5.88
 962   661 288.4 222  4.8  0.01 69 5.70
 912  1110 285.4 223  5.5  0.01 68 5.40
 861  1561 282.4 223  6.2  0.01 67 5.10
 810  2010 279.4 224  7.0  0.01 66 4.80
 709  2911 273.4 225  8.5  0.01 64 4.20
 608  3811 267.4 226 10.0  0.01 62 3.60
 506  4711 261.4 227 11.5  0.01 60 3.00
 405  5611 255.4 228 13.0  0.01 58 2.40
2020061502013003  987.6 0.00 0   700.0   300.0   292.1    8.00   230.0     3.9   293.1
1008   261 291.1 222  4.1  0.01 69 5.97
 993   396 290.2 222  4.3  0.01 69 5.88
 962   666 288.4 222  4.8  0.01 69 5.70
 912  1115 285.4 223  5.5  0.01 68 5.40
 861  1566 282.4 223  6.2  0.01 67 5.10
 810  2015 279.4 224  7.0  0.01 66 4.80
 709  2916 273.4 225  8.5  0.01 64 4.20
 608  3816 267.4 226 10.0  0.01 62 3.60
 506  4716 261.4 227 11.5  0.01 60 3.00
 405  5616 255.4 228 13.0  0.01 58 2.40
2020061502014003  987.0 0.00 0   700.0   300.0   292.1    8.00   230.0     3.9   293.1
1008   266 291.1 222  4.1  0.01 69 5.97
 993   401 290.2 222  4.3  0.01 69 5.88
 962   671 288.4 222  4.8  0.01 69 5.70
 912  1120 285.4 223  5.5  0.01 68 5.40
 861  1571 282.4 223  6.2  0.01 67 5.10
 810  2020 279.4 224  7.0  0.01 66 4.80
 709  2921 273.4 225  8.5  0.01 64 4.20
 608  3821 267.4 226 10.0  0.01 62 3.60
 506  4721 261.4 227 11.5  0.01 60 3.00
 405  5621 255.4 228 13.0  0.01 58 2.40
2020061502001004  994.3 0.00 0   700.0   300.0   292.0    8.00   230.0     3.9   293.0
1008   204 291.1 222  4.1  0.01 69 5.97
 993   339 290.2 222  4.3  0.01 69 5.88
 962   609 288.4 222  4.8  0.01 69 5.70
 912  1058 285.4 223  5.5  0.01 68 5.40
 861  1509 282.4 223  6.2  0.01 67 5.10
 810  1958 279.4 224  7.0  0.01 66 4.80
 709  2859 273.4 225  8.5  0.01 64 4.20
 608  3759 267.4 226 10.0  0.01 62 3.60
 506  4659 261.4 227 11.5  0.01 60 3.00
 405  5559 255.4 228 13.0  0.01 58 2.40
2020061502002004  993.7 0.00 0   700.0   300.0   292.0    8.00   230.0     3.9   293.0
1008   209 291.1 222  4.1  0.01 69 5.97
 993   344 290.2 222  4.3  0.01 69 5.88
 962   614 288.4 222  4.8  0.01 69 5.70
 912  1063 285.4 223  5.5  0.01 68 5.40
 861  1514 282.4 223  6.2  0.01 67 5.10
 810  1963 279.4 224  7.0  0.01 66 4.80
 709  2864 273.4 225  8.5  0.01 64 4.20
 608  3764 267.4 226 10.0  0.01 62 3.60
 506  4664 261.4 227 11.5  0.01 60 3.00
 405  5564 255.4 228 13.0  0.01 58 2.40
2020061502003004  993.1 0.00 0   700.0   300.0   292.1    8.00   230.0     3.9   293.1
1008   214 291.1 222  4.1  0.01 69 5.97
 993   349 290.2 222  4.3  0.01 69 5.88
 962   619 288.4 222  4.8  0.01 69 5.70
 912  1068 285.4 223  5.5  0.01 68 5.40
 861  1519 282.4 223  6.2  0.01 67 5.10
 810  1968 279.4 224  7.0  0.01 66 4.80
 709  2869 273.4 225  8.5  0.01 64 4.20
 608  3769 267.4 226 10.0  0.01 62 3.60
 506  4669 261.4 227 11.5  0.01 60 3.00
 405  5569 255.4 228 13.0  0.01 58 2.40
2020061502004004  992.5 0.00 0   700.0   300.0   292.1    8.00   230.0     3.9   293.1
1008   219 291.1 222  4.1  0.01 69 5.97
 993   354 290.2 222  4.3  0.01 69 5.88
 962   624 288.4 222  4.8  0.01 69 5.70
 912  1073 285.4 223  5.5  0.01 68 5.40
 861  1524 282.4 223  6.2  0.01 67 5.10
 810  1973 279.4 224  7.0  0.01 66 4.80
 709  2874 273.4 225  8.5  0.01 64 4.20
 608  3774 267.4 226 10.0  0.01 62 3.60
 506  4674 261.4 227 11.5  0.01 60 3.00
 405  5574 255.4 228 13.0  0.01 58 2.40
2020061502005004  991.9 0.00 0   700.0   300.0   292.1    8.00   230.0     3.9   293.1
1008   224 291.1 222  4.1  0.01 69 5.97
 993   359 290.2 222  4.3  0.01 69 5.88
 962   629 288.4 222  4.8  0.01 69 5.70
 912  1078 285.4 223  5.5  0.01 68 5.40
 861  1529 282.4 223  6.2  0.01 67 5.10
 810  1978 279.4 224  7.0  0.01 66 4.80
 709  2879 273.4 225  8.5  0.01 64 4.20
 608  3779 267.4 226 10.0  0.01 62 3.60
 506  4679 261.4 227 11.5  0.01 60 3.00
 405  5579 255.4 228 13.0  0.01 58 2.40
2020061502006004  991.4 0.00 0   700.0   300.0   292.1    8.00   230.0     3.9   293.1
1008   229 291.1 222  4.1  0.01 69 5.97
 993   364 290.2 222  4.3  0.01 69 5.88
 962   634 288.4 222  4.8  0.01 69 5.70
 912  1083 285.4 223  5.5  0.01 68 5.40
 861  1534 282.4 223  6.2  0.01 67 5.10
 810  1983 279.4 224  7.0  0.01 66 4.80
 709  2884 273.4 225  8.5  0.01 64 4.20
 608  3784 267.4 226 10.0  0.01 62 3.60
 506  4684 261.4 227 11.5  0.01 60 3.00
 405  5584 255.4 228 13.0  0.01 58 2.40
2020061502007004  990.8 0.00 0   700.0   300.0   292.1    8.00   230.0     3.9   293.1
1008   234 291.1 222  4.1  0.01 69 5.97
 993   369 290.2 222  4.3  0.01 69 5.88
 962   639 288.4 222  4.8  0.01 69 5.70
 912  1088 285.4 223  5.5  0.01 68 5.40
 861  1539 282.4 223  6.2  0.01 67 5.10
 810  1988 279.4 224  7.0  0.01 66 4.80
 709  2889 273.4 225  8.5  0.01 64 4.20
 608  3789 267.4 226 10.0  0.01 62 3.60
 506  4689 261.4 227 11.5  0.01 60 3.00
 405  5589 255.4 228 13.0  0.01 58 2.40
2020061502008004  990.2 0.00 0   700.0   300.0   292.1    8.00   230.0     3.9   293.1
1008   239 291.1 222  4.1  0.01 69 5.97
 993   374 290.2 222  4.3  0.01 69 5.88
 962   644 288.4 222  4.8  0.01 69 5.70
 912  1093 285.4 223  5.5  0.01 68 5.40
 861  1544 282.4 223  6.2  0.01 67 5.10
 810  1993 279.4 224  7.0  0.01 66 4.80
 709  2894 273.4 225  8.5  0.01 64 4.20
 608  3794 267.4 226 10.0  0.01 62 3.60
 506  4694 261.4 227 11.5  0.01 60 3.00
 405  5594 255.4 228 13.0  0.01 58 2.40
2020061502009004  989.6 0.00 0   700.0   300.0   292.1    8.00   230.0     3.9   293.1
1008   244 291.1 222  4.1  0.01 69 5.97
 993   379 290.2 222  4.3  0.01 69 5.88
 962   649 288.4 222  4.8  0.01 69 5.70
 912  1098 285.4 223  5.5  0.01 68 5.40
 861  1549 282.4 223  6.2  0.01 67 5.10
 810  1998 279.4 224  7.0  0.01 66 4.80
 709  2899 273.4 225  8.5  0.01 64 4.20
 608  3799 267.4 226 10.0  0.01 62 3.60
 506  4699 261.4 227 11.5  0.01 60 3.00
 405  5599 255.4 228 13.0  0.01 58 2.40
2020061502010004  989.0 0.00 0   700.0   300.0   292.1    8.00   230.0     3.9   293.1
1008   249 291.1 222  4.1  0.01 69 5.97
 993   384 290.2 222  4.3  0.01 69 5.88
 962   654 288.4 222  4.8  0.01 69 5.70
 912  1103 285.4 223  5.5  0.01 68 5.40
 861  1554 282.4 223  6.2  0.01 67 5.10
 810  2003 279.4 224  7.0  0.01 66 4.80
 709  2904 273.4 225  8.5  0.01 64 4.20
 608  3804 267.4 226 10.0  0.01 62 3.60
 506  4704 261.4 227 11.5  0.01 60 3.00
 405  5604 255.4 228 13.0  0.01 58 2.40
2020061502011004  988.4 0.00 0   700.0   300.0   292.1    8.00   230.0     3.9   293.1
1008   254 291.1 222  4.1  0.01 69 5.97
 993   389 290.2 222  4.3  0.01 69 5.88
 962   659 288.4 222  4.8  0.01 69 5.70
 912  1108 285.4 223  5.5  0.01 68 5.40
 861  1559 282.4 223  6.2  0.01 67 5.10
 810  2008 279.4 224  7.0  0.01 66 4.80
 709  2909 273.4 225  8.5  0.01 64 4.20
 608  3809 267.4 226 10.0  0.01 62 3.60
 506  4709 261.4 227 11.5  0.01 60 3.00
 405  5609 255.4 228 13.0  0.01 58 2.40
2020061502012004  987.8 0.00 0   700.0   300.0   292.1    8.00   230.0     3.9   293.1
1008   259 291.1 222  4.1  0.01 69 5.97
 993   394 290.2 222  4.3  0.01 69 5.88
 962   664 288.4 222  4.8  0.01 69 5.70
 912  1113 285.4 223  5.5  0.01 68 5.40
 861  1564 282.4 223  6.2  0.01 67 5.10
 810  2013 279.4 224  7.0  0.01 66 4.80
 709  2914 273.4 225  8.5  0.01 64 4.20
 608  3814 267.4 226 10.0  0.01 62 3.60
 506  4714 261.4 227 11.5  0.01 60 3.00
 405  5614 255.4 228 13.0  0.01 58 2.40
2020061502013004  987.2 0.00 0   700.0   300.0   292.1    8.00   230.0     3.9   293.1
1008   264 291.1 222  4.1  0.01 69 5.97
 993   399 290.2 222  4.3  0.01 69 5.88
 962   669 288.4 222  4.8  0.01 69 5.70
 912  1118 285.4 223  5.5  0.01 68 5.40
 861  1569 282.4 223  6.2  0.01 67 5.10
 810  2018 279.4 224  7.0  0.01 66 4.80
 709  2919 273.4 225  8.5  0.01 64 4.20
 608  3819 267.4 226 10.0  0.01 62 3.60
 506  4719 261.4 227 11.5  0.01 60 3.00
 405  5619 255.4 228 13.0  0.01 58 2.40
2020061502014004  986.6 0.00 0   700.0   300.0   292.2    8.00   230.0     3.9   293.2
1008   269 291.1 222  4.1  0.01 69 5.97
 993   404 290.2 222  4.3  0.01 69 5.88
 962   674 288.4 222  4.8  0.01 69 5.70
 912  1123 285.4 223  5.5  0.01 68 5.40
 861  1574 282.4 223  6.2  0.01 67 5.10
 810  2023 279.4 224  7.0  0.01 66 4.80
 709  2924 273.4 225  8.5  0.01 64 4.20
 608  3824 267.4 226 10.0  0.01 62 3.60
 506  4724 261.4 227 11.5  0.01 60 3.00
 405  5624 255.4 228 13.0  0.01 58 2.40
2020061502001005  993.9 0.00 0   700.0   300.0   292.0    8.00   230.0     3.9   293.0
1008   207 291.1 222  4.1  0.01 69 5.97
 993   342 290.2 222  4.3  0.01 69 5.88
 962   612 288.4 222  4.8  0.01 69 5.70
 912  1061 285.4 223  5.5  0.01 68 5.40
 861  1512 282.4 223  6.2  0.01 67 5.10
 810  1961 279.4 224  7.0  0.01 66 4.80
 709  2862 273.4 225  8.5  0.01 64 4.20
 608  3762 267.4 226 10.0  0.01 62 3.60
 506  4662 261.4 227 11.5  0.01 60 3.00
 405  5562 255.4 228 13.0  0.01 58 2.40
2020061502002005  993.4 0.00 0   700.0   300.0   292.1    8.00   230.0     3.9   293.1
1008   212 291.1 222  4.1  0.01 69 5.97
 993   347 290.2 222  4.3  0.01 69 5.88
 962   617 288.4 222  4.8  0.01 69 5.70
 912  1066 285.4 223  5.5  0.01 68 5.40
 861  1517 282.4 223  6.2  0.01 67 5.10
 810  1966 279.4 224  7.0  0.01 66 4.80
 709  2867 273.4 225  8.5  0.01 64 4.20
 608  3767 267.4 226 10.0  0.01 62 3.60
 506  4667 261.4 227 11.5  0.01 60 3.00
 405  5567 255.4 228 13.0  0.01 58 2.40
2020061502003005  992.8 0.00 0   700.0   300.0   292.1    8.00   230.0     3.9   293.1
1008   217 291.1 222  4.1  0.01 69 5.97
 993   352 290.2 222  4.3  0.01 69 5.88
 962   622 288.4 222  4.8  0.01 69 5.70
 912  1071 285.4 223  5.5  0.01 68 5.40
 861  1522 282.4 223  6.2  0.01 67 5.10
 810  1971 279.4 224  7.0  0.01 66 4.80
 709  2872 273.4 225  8.5  0.01 64 4.20
 608  3772 267.4 226 10.0  0.01 62 3.60
 506  4672 261.4 227 11.5  0.01 60 3.00
 405  5572 255.4 228 13.0  0.01 58 2.40
2020061502004005  992.2 0.00 0   700.0   300.0   292.1    8.00   230.0     3.9   293.1
1008   222 291.1 222  4.1  0.01 69 5.97
 993   357 290.2 222  4.3  0.01 69 5.88
 962   627 288.4 222  4.8  0.01 69 5.70
 912  1076 285.4 223  5.5  0.01 68 5.40
 861  1527 282.4 223  6.2  0.01 67 5.10
 810  1976 279.4 224  7.0  0.01 66 4.80
 709  2877 273.4 225  8.5  0.01 64 4.20
 608  3777 267.4 226 10.0  0.01 62 3.60
 506  4677 261.4 227 11.5  0.01 60 3.00
 405  5577 255.4 228 13.0  0.01 58 2.40
2020061502005005  991.6 0.00 0   700.0   300.0   292.1    8.00   230.0     3.9   293.1
1008   227 291.1 222  4.1  0.01 69 5.97
 993   362 290.2 222  4.3  0.01 69 5.88
 962   632 288.4 222  4.8  0.01 69 5.70
 912  1081 285.4 223  5.5  0.01 68 5.40
 861  1532 282.4 223  6.2  0.01 67 5.10
 810  1981 279.4 224  7.0  0.01 66 4.80
 709  2882 273.4 225  8.5  0.01 64 4.20
 608  3782 267.4 226 10.0  0.01 62 3.60
 506  4682 261.4 227 11.5  0.01 60 3.00
 405  5582 255.4 228 13.0  0.01 58 2.40
2020061502006005  991.0 0.00 0   700.0   300.0   292.1    8.00   230.0     3.9   293.1
1008   232 291.1 222  4.1  0.01 69 5.97
 993   367 290.2 222  4.3  0.01 69 5.88
 962   637 288.4 222  4.8  0.01 69 5.70
 912  1086 285.4 223  5.5  0.01 68 5.40
 861  1537 282.4 223  6.2  0.01 67 5.10
 810  1986 279.4 224  7.0  0.01 66 4.80
 709  2887 273.4 225  8.5  0.01 64 4.20
 608  3787 267.4 226 10.0  0.01 62 3.60
 506  4687 261.4 227 11.5  0.01 60 3.00
 405  5587 255.4 228 13.0  0.01 58 2.40
2020061502007005  990.4 0.00 0   700.0   300.0   292.1    8.00   230.0     3.9   293.1
1008   237 291.1 222  4.1  0.01 69 5.97
 993   372 290.2 222  4.3  0.01 69 5.88
 962   642 288.4 222  4.8  0.01 69 5.70
 912  1091 285.4 223  5.5  0.01 68 5.40
 861  1542 282.4 223  6.2  0.01 67 5.10
 810  1991 279.4 224  7.0  0.01 66 4.80
 709  2892 273.4 225  8.5  0.01 64 4.20
 608  3792 267.4 226 10.0  0.01 62 3.60
 506  4692 261.4 227 11.5  0.01 60 3.00
 405  5592 255.4 228 13.0  0.01 58 2.40
2020061502008005  989.8 0.00 0   700.0   300.0   292.1    8.00   230.0     3.9   293.1
1008   242 291.1 222  4.1  0.01 69 5.97
 993   377 290.2 222  4.3  0.01 69 5.88
 962   647 288.4 222  4.8  0.01 69 5.70
 912  1096 285.4 223  5.5  0.01 68 5.40
 861  1547 282.4 223  6.2  0.01 67 5.10
 810  1996 279.4 224  7.0  0.01 66 4.80
 709  2897 273.4 225  8.5  0.01 64 4.20
 608  3797 267.4 226 10.0  0.01 62 3.60
 506  4697 261.4 227 11.5  0.01 60 3.00
 405  5597 255.4 228 13.0  0.01 58 2.40
2020061502009005  989.2 0.00 0   700.0   300.0   292.1    8.00   230.0     3.9   293.1
1008   247 291.1 222  4.1  0.01 69 5.97
 993   382 290.2 222  4.3  0.01 69 5.88
 962   652 288.4 222  4.8  0.01 69 5.70
 912  1101 285.4 223  5.5  0.01 68 5.40
 861  1552 282.4 223  6.2  0.01 67 5.10
 810  2001 279.4 224  7.0  0.01 66 4.80
 709  2902 273.4 225  8.5  0.01 64 4.20
 608  3802 267.4 226 10.0  0.01 62 3.60
 506  4702 261.4 227 11.5  0.01 60 3.00
 405  5602 255.4 228 13.0  0.01 58 2.40
2020061502010005  988.6 0.00 0   700.0   300.0   292.1    8.00   230.0     3.9   293.1
1008   252 291.1 222  4.1  0.01 69 5.97
 993   387 290.2 222  4.3  0.01 69 5.88
 962   657 288.4 222  4.8  0.01 69 5.70
 912  1106 285.4 223  5.5  0.01 68 5.40
 861  1557 282.4 223  6.2  0.01 67 5.10
 810  2006 279.4 224  7.0  0.01 66 4.80
 709  2907 273.4 225  8.5  0.01 64 4.20
 608  3807 267.4 226 10.0  0.01 62 3.60
 506  4707 261.4 227 11.5  0.01 60 3.00
 405  5607 255.4 228 13.0  0.01 58 2.40
2020061502011005  988.1 0.00 0   700.0   300.0   292.1    8.00   230.0     3.9   293.1
1008   257 291.1 222  4.1  0.01 69 5.97
 993   392 290.2 222  4.3  0.01 69 5.88
 962   662 288.4 222  4.8  0.01 69 5.70
 912  1111 285.4 223  5.5  0.01 68 5.40
 861  1562 282.4 223  6.2  0.01 67 5.10
 810  2011 279.4 224  7.0  0.01 66 4.80
 709  2912 273.4 225  8.5  0.01 64 4.20
 608  3812 267.4 226 10.0  0.01 62 3.60
 506  4712 261.4 227 11.5  0.01 60 3.00
 405  5612 255.4 228 13.0  0.01 58 2.40
2020061502012005  987.5 0.00 0   700.0   300.0   292.1    8.00   230.0     3.9   293.1
1008   262 291.1 222  4.1  0.01 69 5.97
 993   397 290.2 222  4.3  0.01 69 5.88
 962   667 288.4 222  4.8  0.01 69 5.70
 912  1116 285.4 223  5.5  0.01 68 5.40
 861  1567 282.4 223  6.2  0.01 67 5.10
 810  2016 279.4 224  7.0  0.01 66 4.80
 709  2917 273.4 225  8.5  0.01 64 4.20
 608  3817 267.4 226 10.0  0.01 62 3.60
 506  4717 261.4 227 11.5  0.01 60 3.00
 405  5617 255.4 228 13.0  0.01 58 2.40
2020061502013005  986.9 0.00 0   700.0   300.0   292.2    8.00   230.0     3.9   293.2
1008   267 291.1 222  4.1  0.01 69 5.97
 993   402 290.2 222  4.3  0.01 69 5.88
 962   672 288.4 222  4.8  0.01 69 5.70
 912  1121 285.4 223  5.5  0.01 68 5.40
 861  1572 282.4 223  6.2  0.01 67 5.10
 810  2021 279.4 224  7.0  0.01 66 4.80
 709  2922 273.4 225  8.5  0.01 64 4.20
 608  3822 267.4 226 10.0  0.01 62 3.60
 506  4722 261.4 227 11.5  0.01 60 3.00
 405  5622 255.4 228 13.0  0.01 58 2.40
2020061502014005  986.3 0.00 0   700.0   300.0   292.2    8.00   230.0     3.9   293.2
1008   272 291.1 222  4.1  0.01 69 5.97
 993   407 290.2 222  4.3  0.01 69 5.88
 962   677 288.4 222  4.8  0.01 69 5.70
 912  1126 285.4 223  5.5  0.01 68 5.40
 861  1577 282.4 223  6.2  0.01 67 5.10
 810  2026 279.4 224  7.0  0.01 66 4.80
 709  2927 273.4 225  8.5  0.01 64 4.20
 608  3827 267.4 226 10.0  0.01 62 3.60
 506  4727 261.4 227 11.5  0.01 60 3.00
 405  5627 255.4 228 13.0  0.01 58 2.40
2020061502001006  993.6 0.00 0   700.0   300.0   292.1    8.00   230.0     3.9   293.1
1008   210 291.1 222  4.1  0.01 69 5.97
 993   345 290.2 222  4.3  0.01 69 5.88
 962   615 288.4 222  4.8  0.01 69 5.70
 912  1064 285.4 223  5.5  0.01 68 5.40
 861  1515 282.4 223  6.2  0.01 67 5.10
 810  1964 279.4 224  7.0  0.01 66 4.80
 709  2865 273.4 225  8.5  0.01 64 4.20
 608  3765 267.4 226 10.0  0.01 62 3.60
 506  4665 261.4 227 11.5  0.01 60 3.00
 405  5565 255.4 228 13.0  0.01 58 2.40
2020061502002006  993.0 0.00 0   700.0   300.0   292.1    8.00   230.0     3.9   293.1
1008   215 291.1 222  4.1  0.01 69 5.97
 993   350 290.2 222  4.3  0.01 69 5.88
 962   620 288.4 222  4.8  0.01 69 5.70
 912  1069 285.4 223  5.5  0.01 68 5.40
 861  1520 282.4 223  6.2  0.01 67 5.10
 810  1969 279.4 224  7.0  0.01 66 4.80
 709  2870 273.4 225  8.5  0.01 64 4.20
 608  3770 267.4 226 10.0  0.01 62 3.60
 506  4670 261.4 227 11.5  0.01 60 3.00
 405  5570 255.4 228 13.0  0.01 58 2.40
2020061502003006  992.4 0.00 0   700.0   300.0   292.1    8.00   230.0     3.9   293.1
1008   220 291.1 222  4.1  0.01 69 5.97
 993   355 290.2 222  4.3  0.01 69 5.88
 962   625 288.4 222  4.8  0.01 69 5.70
 912  1074 285.4 223  5.5  0.01 68 5.40
 861  1525 282.4 223  6.2  0.01 67 5.10
 810  1974 279.4 224  7.0  0.01 66 4.80
 709  2875 273.4 225  8.5  0.01 64 4.20
 608  3775 267.4 226 10.0  0.01 62 3.60
 506  4675 261.4 227 11.5  0.01 60 3.00
 405  5575 255.4 228 13.0  0.01 58 2.40
2020061502004006  991.8 0.00 0   700.0   300.0   292.1    8.00   230.0     3.9   293.1
1008   225 291.1 222  4.1  0.01 69 5.97
 993   360 290.2 222  4.3  0.01 69 5.88
 962   630 288.4 222  4.8  0.01 69 5.70
 912  1079 285.4 223  5.5  0.01 68 5.40
 861  1530 282.4 223  6.2  0.01 67 5.10
 810  1979 279.4 224  7.0  0.01 66 4.80
 709  2880 273.4 225  8.5  0.01 64 4.20
 608  3780 267.4 226 10.0  0.01 62 3.60
 506  4680 261.4 227 11.5  0.01 60 3.00
 405  5580 255.4 228 13.0  0.01 58 2.40
2020061502005006  991.2 0.00 0   700.0   300.0   292.1    8.00   230.0     3.9   293.1
1008   230 291.1 222  4.1  0.01 69 5.97
 993   365 290.2 222  4.3  0.01 69 5.88
 962   635 288.4 222  4.8  0.01 69 5.70
 912  1084 285.4 223  5.5  0.01 68 5.40
 861  1535 282.4 223  6.2  0.01 67 5.10
 810  1984 279.4 224  7.0  0.01 66 4.80
 709  2885 273.4 225  8.5  0.01 64 4.20
 608  3785 267.4 226 10.0  0.01 62 3.60
 506  4685 261.4 227 11.5  0.01 60 3.00
 405  5585 255.4 228 13.0  0.01 58 2.40
2020061502006006  990.6 0.00 0   700.0   300.0   292.1    8.00   230.0     3.9   293.1
1008   235 291.1 222  4.1  0.01 69 5.97
 993   370 290.2 222  4.3  0.01 69 5.88
 962   640 288.4 222  4.8  0.01 69 5.70
 912  1089 285.4 223  5.5  0.01 68 5.40
 861  1540 282.4 223  6.2  0.01 67 5.10
 810  1989 279.4 224  7.0  0.01 66 4.80
 709  2890 273.4 225  8.5  0.01 64 4.20
 608  3790 267.4 226 10.0  0.01 62 3.60
 506  4690 261.4 227 11.5  0.01 60 3.00
 405  5590 255.4 228 13.0  0.01 58 2.40
2020061502007006  990.1 0.00 0   700.0   300.0   292.1    8.00   230.0     3.9   293.1
1008   240 291.1 222  4.1  0.01 69 5.97
 993   375 290.2 222  4.3  0.01 69 5.88
 962   645 288.4 222  4.8  0.01 69 5.70
 912  1094 285.4 223  5.5  0.01 68 5.40
 861  1545 282.4 223  6.2  0.01 67 5.10
 810  1994 279.4 224  7.0  0.01 66 4.80
 709  2895 273.4 225  8.5  0.01 64 4.20
 608  3795 267.4 226 10.0  0.01 62 3.60
 506  4695 261.4 227 11.5  0.01 60 3.00
 405  5595 255.4 228 13.0  0.01 58 2.40
2020061502008006  989.5 0.00 0   700.0   300.0   292.1    8.00   230.0     3.9   293.1
1008   245 291.1 222  4.1  0.01 69 5.97
 993   380 290.2 222  4.3  0.01 69 5.88
 962   650 288.4 222  4.8  0.01 69 5.70
 912  1099 285.4 223  5.5  0.01 68 5.40
 861  1550 282.4 223  6.2  0.01 67 5.10
 810  1999 279.4 224  7.0  0.01 66 4.80
 709  2900 273.4 225  8.5  0.01 64 4.20
 608  3800 267.4 226 10.0  0.01 62 3.60
 506  4700 261.4 227 11.5  0.01 60 3.00
 405  5600 255.4 228 13.0  0.01 58 2.40
2020061502009006  988.9 0.00 0   700.0   300.0   292.1    8.00   230.0     3.9   293.1
1008   250 291.1 222  4.1  0.01 69 5.97
 993   385 290.2 222  4.3  0.01 69 5.88
 962   655 288.4 222  4.8  0.01 69 5.70
 912  1104 285.4 223  5.5  0.01 68 5.40
 861  1555 282.4 223  6.2  0.01 67 5.10
 810  2004 279.4 224  7.0  0.01 66 4.80
 709  2905 273.4 225  8.5  0.01 64 4.20
 608  3805 267.4 226 10.0  0.01 62 3.60
 506  4705 261.4 227 11.5  0.01 60 3.00
 405  5605 255.4 228 13.0  0.01 58 2.40
2020061502010006  988.3 0.00 0   700.0   300.0   292.1    8.00   230.0     3.9   293.1
1008   255 291.1 222  4.1  0.01 69 5.97
 993   390 290.2 222  4.3  0.01 69 5.88
 962   660 288.4 222  4.8  0.01 69 5.70
 912  1109 285.4 223  5.5  0.01 68 5.40
 861  1560 282.4 223  6.2  0.01 67 5.10
 810  2009 279.4 224  7.0  0.01 66 4.80
 709  2910 273.4 225  8.5  0.01 64 4.20
 608  3810 267.4 226 10.0  0.01 62 3.60
 506  4710 261.4 227 11.5  0.01 60 3.00
 405  5610 255.4 228 13.0  0.01 58 2.40
2020061502011006  987.7 0.00 0   700.0   300.0   292.1    8.00   230.0     3.9   293.1
1008   260 291.1 222  4.1  0.01 69 5.97
 993   395 290.2 222  4.3  0.01 69 5.88
 962   665 288.4 222  4.8  0.01 69 5.70
 912  1114 285.4 223  5.5  0.01 68 5.40
 861  1565 282.4 223  6.2  0.01 67 5.10
 810  2014 279.4 224  7.0  0.01 66 4.80
 709  2915 273.4 225  8.5  0.01 64 4.20
 608  3815 267.4 226 10.0  0.01 62 3.60
 506  4715 261.4 227 11.5  0.01 60 3.00
 405  5615 255.4 228 13.0  0.01 58 2.40
2020061502012006  987.1 0.00 0   700.0   300.0   292.2    8.00   230.0     3.9   293.2
1008   265 291.1 222  4.1  0.01 69 5.97
 993   400 290.2 222  4.3  0.01 69 5.88
 962   670 288.4 222  4.8  0.01 69 5.70
 912  1119 285.4 223  5.5  0.01 68 5.40
 861  1570 282.4 223  6.2  0.01 67 5.10
 810  2019 279.4 224  7.0  0.01 66 4.80
 709  2920 273.4 225  8.5  0.01 64 4.20
 608  3820 267.4 226 10.0  0.01 62 3.60
 506  4720 261.4 227 11.5  0.01 60 3.00
 405  5620 255.4 228 13.0  0.01 58 2.40
2020061502013006  986.5 0.00 0   700.0   300.0   292.2    8.00   230.0     3.9   293.2
1008   270 291.1 222  4.1  0.01 69 5.97
 993   405 290.2 222  4.3  0.01 69 5.88
 962   675 288.4 222  4.8  0.01 69 5.70
 912  1124 285.4 223  5.5  0.01 68 5.40
 861  1575 282.4 223  6.2  0.01 67 5.10
 810  2024 279.4 224  7.0  0.01 66 4.80
 709  2925 273.4 225  8.5  0.01 64 4.20
 608  3825 267.4 226 10.0  0.01 62 3.60
 506  4725 261.4 227 11.5  0.01 60 3.00
 405  5625 255.4 228 13.0  0.01 58 2.40
2020061502014006  985.9 0.00 0   700.0   300.0   292.2    8.00   230.0     3.9   293.2
1008   275 291.1 222  4.1  0.01 69 5.97
 993   410 290.2 222  4.3  0.01 69 5.88
 962   680 288.4 222  4.8  0.01 69 5.70
 912  1129 285.4 223  5.5  0.01 68 5.40
 861  1580 282.4 223  6.2  0.01 67 5.10
 810  2029 279.4 224  7.0  0.01 66 4.80
 709  2930 273.4 225  8.5  0.01 64 4.20
 608  3830 267.4 226 10.0  0.01 62 3.60
 506  4730 261.4 227 11.5  0.01 60 3.00
 405  5630 255.4 228 13.0  0.01 58 2.40
2020061502001007  993.2 0.00 0   700.0   300.0   292.1    8.00   230.0     3.9   293.1
1008   213 291.1 222  4.1  0.01 69 5.97
 993   348 290.2 222  4.3  0.01 69 5.88
 962   618 288.4 222  4.8  0.01 69 5.70
 912  1067 285.4 223  5.5  0.01 68 5.40
 861  1518 282.4 223  6.2  0.01 67 5.10
 810  1967 279.4 224  7.0  0.01 66 4.80
 709  2868 273.4 225  8.5  0.01 64 4.20
 608  3768 267.4 226 10.0  0.01 62 3.60
 506  4668 261.4 227 11.5  0.01 60 3.00
 405  5568 255.4 228 13.0  0.01 58 2.40
2020061502002007  992.6 0.00 0   700.0   300.0   292.1    8.00   230.0     3.9   293.1
1008   218 291.1 222  4.1  0.01 69 5.97
 993   353 290.2 222  4.3  0.01 69 5.88
 962   623 288.4 222  4.8  0.01 69 5.70
 912  1072 285.4 223  5.5  0.01 68 5.40
 861  1523 282.4 223  6.2  0.01 67 5.10
 810  1972 279.4 224  7.0  0.01 66 4.80
 709  2873 273.4 225  8.5  0.01 64 4.20
 608  3773 267.4 226 10.0  0.01 62 3.60
 506  4673 261.4 227 11.5  0.01 60 3.00
 405  5573 255.4 228 13.0  0.01 58 2.40
2020061502003007  992.1 0.00 0   700.0   300.0   292.1    8.00   230.0     3.9   293.1
1008   223 291.1 222  4.1  0.01 69 5.97
 993   358 290.2 222  4.3  0.01 69 5.88
 962   628 288.4 222  4.8  0.01 69 5.70
 912  1077 285.4 223  5.5  0.01 68 5.40
 861  1528 282.4 223  6.2  0.01 67 5.10
 810  1977 279.4 224  7.0  0.01 66 4.80
 709  2878 273.4 225  8.5  0.01 64 4.20
 608  3778 267.4 226 10.0  0.01 62 3.60
 506  4678 261.4 227 11.5  0.01 60 3.00
 405  5578 255.4 228 13.0  0.01 58 2.40
2020061502004007  991.5 0.00 0   700.0   300.0   292.1    8.00   230.0     3.9   293.1
1008   228 291.1 222  4.1  0.01 69 5.97
 993   363 290.2 222  4.3  0.01 69 5.88
 962   633 288.4 222  4.8  0.01 69 5.70
 912  1082 285.4 223  5.5  0.01 68 5.40
 861  1533 282.4 223  6.2  0.01 67 5.10
 810  1982 279.4 224  7.0  0.01 66 4.80
 709  2883 273.4 225  8.5  0.01 64 4.20
 608  3783 267.4 226 10.0  0.01 62 3.60
 506  4683 261.4 227 11.5  0.01 60 3.00
 405  5583 255.4 228 13.0  0.01 58 2.40
2020061502005007  990.9 0.00 0   700.0   300.0   292.1    8.00   230.0     3.9   293.1
1008   233 291.1 222  4.1  0.01 69 5.97
 993   368 290.2 222  4.3  0.01 69 5.88
 962   638 288.4 222  4.8  0.01 69 5.70
 912  1087 285.4 223  5.5  0.01 68 5.40
 861  1538 282.4 223  6.2  0.01 67 5.10
 810  1987 279.4 224  7.0  0.01 66 4.80
 709  2888 273.4 225  8.5  0.01 64 4.20
 608  3788 267.4 226 10.0  0.01 62 3.60
 506  4688 261.4 227 11.5  0.01 60 3.00
 405  5588 255.4 228 13.0  0.01 58 2.40
2020061502006007  990.3 0.00 0   700.0   300.0   292.1    8.00   230.0     3.9   293.1
1008   238 291.1 222  4.1  0.01 69 5.97
 993   373 290.2 222  4.3  0.01 69 5.88
 962   643 288.4 222  4.8  0.01 69 5.70
 912  1092 285.4 223  5.5  0.01 68 5.40
 861  1543 282.4 223  6.2  0.01 67 5.10
 810  1992 279.4 224  7.0  0.01 66 4.80
 709  2893 273.4 225  8.5  0.01 64 4.20
 608  3793 267.4 226 10.0  0.01 62 3.60
 506  4693 261.4 227 11.5  0.01 60 3.00
 405  5593 255.4 228 13.0  0.01 58 2.40
2020061502007007  989.7 0.00 0   700.0   300.0   292.1    8.00   230.0     3.9   293.1
1008   243 291.1 222  4.1  0.01 69 5.97
 993   378 290.2 222  4.3  0.01 69 5.88
 962   648 288.4 222  4.8  0.01 69 5.70
 912  1097 285.4 223  5.5  0.01 68 5.40
 861  1548 282.4 223  6.2  0.01 67 5.10
 810  1997 279.4 224  7.0  0.01 66 4.80
 709  2898 273.4 225  8.5  0.01 64 4.20
 608  3798 267.4 226 10.0  0.01 62 3.60
 506  4698 261.4 227 11.5  0.01 60 3.00
 405  5598 255.4 228 13.0  0.01 58 2.40
2020061502008007  989.1 0.00 0   700.0   300.0   292.1    8.00   230.0     3.9   293.1
1008   248 291.1 222  4.1  0.01 69 5.97
 993   383 290.2 222  4.3  0.01 69 5.88
 962   653 288.4 222  4.8  0.01 69 5.70
 912  1102 285.4 223  5.5  0.01 68 5.40
 861  1553 282.4 223  6.2  0.01 67 5.10
 810  2002 279.4 224  7.0  0.01 66 4.80
 709  2903 273.4 225  8.5  0.01 64 4.20
 608  3803 267.4 226 10.0  0.01 62 3.60
 506  4703 261.4 227 11.5  0.01 60 3.00
 405  5603 255.4 228 13.0  0.01 58 2.40
2020061502009007  988.5 0.00 0   700.0   300.0   292.1    8.00   230.0     3.9   293.1
1008   253 291.1 222  4.1  0.01 69 5.97
 993   388 290.2 222  4.3  0.01 69 5.88
 962   658 288.4 222  4.8  0.01 69 5.70
 912  1107 285.4 223  5.5  0.01 68 5.40
 861  1558 282.4 223  6.2  0.01 67 5.10
 810  2007 279.4 224  7.0  0.01 66 4.80
 709  2908 273.4 225  8.5  0.01 64 4.20
 608  3808 267.4 226 10.0  0.01 62 3.60
 506  4708 261.4 227 11.5  0.01 60 3.00
 405  5608 255.4 228 13.0  0.01 58 2.40
2020061502010007  987.9 0.00 0   700.0   300.0   292.1    8.00   230.0     3.9   293.1
1008   258 291.1 222  4.1  0.01 69 5.97
 993   393 290.2 222  4.3  0.01 69 5.88
 962   663 288.4 222  4.8  0.01 69 5.70
 912  1112 285.4 223  5.5  0.01 68 5.40
 861  1563 282.4 223  6.2  0.01 67 5.10
 810  2012 279.4 224  7.0  0.01 66 4.80
 709  2913 273.4 225  8.5  0.01 64 4.20
 608  3813 267.4 226 10.0  0.01 62 3.60
 506  4713 261.4 227 11.5  0.01 60 3.00
 405  5613 255.4 228 13.0  0.01 58 2.40
2020061502011007  987.4 0.00 0   700.0   300.0   292.2    8.00   230.0     3.9   293.2
1008   263 291.1 222  4.1  0.01 69 5.97
 993   398 290.2 222  4.3  0.01 69 5.88
 962   668 288.4 222  4.8  0.01 69 5.70
 912  1117 285.4 223  5.5  0.01 68 5.40
 861  1568 282.4 223  6.2  0.01 67 5.10
 810  2017 279.4 224  7.0  0.01 66 4.80
 709  2918 273.4 225  8.5  0.01 64 4.20
 608  3818 267.4 226 10.0  0.01 62 3.60
 506  4718 261.4 227 11.5  0.01 60 3.00
 405  5618 255.4 228 13.0  0.01 58 2.40
2020061502012007  986.8 0.00 0   700.0   300.0   292.2    8.00   230.0     3.9   293.2
1008   268 291.1 222  4.1  0.01 69 5.97
 993   403 290.2 222  4.3  0.01 69 5.88
 962   673 288.4 222  4.8  0.01 69 5.70
 912  1122 285.4 223  5.5  0.01 68 5.40
 861  1573 282.4 223  6.2  0.01 67 5.10
 810  2022 279.4 224  7.0  0.01 66 4.80
 709  2923 273.4 225  8.5  0.01 64 4.20
 608  3823 267.4 226 10.0  0.01 62 3.60
 506  4723 261.4 227 11.5  0.01 60 3.00
 405  5623 255.4 228 13.0  0.01 58 2.40
2020061502013007  986.2 0.00 0   700.0   300.0   292.2    8.00   230.0     3.9   293.2
1008   273 291.1 222  4.1  0.01 69 5.97
 993   408 290.2 222  4.3  0.01 69 5.88
 962   678 288.4 222  4.8  0.01 69 5.70
 912  1127 285.4 223  5.5  0.01 68 5.40
 861  1578 282.4 223  6.2  0.01 67 5.10
 810  2027 279.4 224  7.0  0.01 66 4.80
 709  2928 273.4 225  8.5  0.01 64 4.20
 608  3828 267.4 226 10.0  0.01 62 3.60
 506  4728 261.4 227 11.5  0.01 60 3.00
 405  5628 255.4 228 13.0  0.01 58 2.40
2020061502014007  985.6 0.00 0   700.0   300.0   292.2    8.00   230.0     3.9   293.2
1008   278 291.1 222  4.1  0.01 69 5.97
 993   413 290.2 222  4.3  0.01 69 5.88
 962   683 288.4 222  4.8  0.01 69 5.70
 912  1132 285.4 223  5.5  0.01 68 5.40
 861  1583 282.4 223  6.2  0.01 67 5.10
 810  2032 279.4 224  7.0  0.01 66 4.80
 709  2933 273.4 225  8.5  0.01 64 4.20
 608  3833 267.4 226 10.0  0.01 62 3.60
 506  4733 261.4 227 11.5  0.01 60 3.00
 405  5633 255.4 228 13.0  0.01 58 2.40
2020061502001008  992.9 0.00 0   700.0   300.0   292.1    8.00   230.0     3.9   293.1
1008   216 291.1 222  4.1  0.01 69 5.97
 993   351 290.2 222  4.3  0.01 69 5.88
 962   621 288.4 222  4.8  0.01 69 5.70
 912  1070 285.4 223  5.5  0.01 68 5.40
 861  1521 282.4 223  6.2  0.01 67 5.10
 810  1970 279.4 224  7.0  0.01 66 4.80
 709  2871 273.4 225  8.5  0.01 64 4.20
 608  3771 267.4 226 10.0  0.01 62 3.60
 506  4671 261.4 227 11.5  0.01 60 3.00
 405  5571 255.4 228 13.0  0.01 58 2.40
2020061502002008  992.3 0.00 0   700.0   300.0   292.1    8.00   230.0     3.9   293.1
1008   221 291.1 222  4.1  0.01 69 5.97
 993   356 290.2 222  4.3  0.01 69 5.88
 962   626 288.4 222  4.8  0.01 69 5.70
 912  1075 285.4 223  5.5  0.01 68 5.40
 861  1526 282.4 223  6.2  0.01 67 5.10
 810  1975 279.4 224  7.0  0.01 66 4.80
 709  2876 273.4 225  8.5  0.01 64 4.20
 608  3776 267.4 226 10.0  0.01 62 3.60
 506  4676 261.4 227 11.5  0.01 60 3.00
 405  5576 255.4 228 13.0  0.01 58 2.40
2020061502003008  991.7 0.00 0   700.0   300.0   292.1    8.00   230.0     3.9   293.1
1008   226 291.1 222  4.1  0.01 69 5.97
 993   361 290.2 222  4.3  0.01 69 5.88
 962   631 288.4 222  4.8  0.01 69 5.70
 912  1080 285.4 223  5.5  0.01 68 5.40
 861  1531 282.4 223  6.2  0.01 67 5.10
 810  1980 279.4 224  7.0  0.01 66 4.80
 709  2881 273.4 225  8.5  0.01 64 4.20
 608  3781 267.4 226 10.0  0.01 62 3.60
 506  4681 261.4 227 11.5  0.01 60 3.00
 405  5581 255.4 228 13.0  0.01 58 2.40
2020061502004008  991.1 0.00 0   700.0   300.0   292.1    8.00   230.0     3.9   293.1
1008   231 291.1 222  4.1  0.01 69 5.97
 993   366 290.2 222  4.3  0.01 69 5.88
 962   636 288.4 222  4.8  0.01 69 5.70
 912  1085 285.4 223  5.5  0.01 68 5.40
 861  1536 282.4 223  6.2  0.01 67 5.10
 810  1985 279.4 224  7.0  0.01 66 4.80
 709  2886 273.4 225  8.5  0.01 64 4.20
 608  3786 267.4 226 10.0  0.01 62 3.60
 506  4686 261.4 227 11.5  0.01 60 3.00
 405  5586 255.4 228 13.0  0.01 58 2.40
2020061502005008  990.5 0.00 0   700.0   300.0   292.1    8.00   230.0     3.9   293.1
1008   236 291.1 222  4.1  0.01 69 5.97
 993   371 290.2 222  4.3  0.01 69 5.88
 962   641 288.4 222  4.8  0.01 69 5.70
 912  1090 285.4 223  5.5  0.01 68 5.40
 861  1541 282.4 223  6.2  0.01 67 5.10
 810  1990 279.4 224  7.0  0.01 66 4.80
 709  2891 273.4 225  8.5  0.01 64 4.20
 608  3791 267.4 226 10.0  0.01 62 3.60
 506  4691 261.4 227 11.5  0.01 60 3.00
 405  5591 255.4 228 13.0  0.01 58 2.40
2020061502006008  989.9 0.00 0   700.0   300.0   292.1    8.00   230.0     3.9   293.1
1008   241 291.1 222  4.1  0.01 69 5.97
 993   376 290.2 222  4.3  0.01 69 5.88
 962   646 288.4 222  4.8  0.01 69 5.70
 912  1095 285.4 223  5.5  0.01 68 5.40
 861  1546 282.4 223  6.2  0.01 67 5.10
 810  1995 279.4 224  7.0  0.01 66 4.80
 709  2896 273.4 225  8.5  0.01 64 4.20
 608  3796 267.4 226 10.0  0.01 62 3.60
 506  4696 261.4 227 11.5  0.01 60 3.00
 405  5596 255.4 228 13.0  0.01 58 2.40
2020061502007008  989.4 0.00 0   700.0   300.0   292.1    8.00   230.0     3.9   293.1
1008   246 291.1 222  4.1  0.01 69 5.97
 993   381 290.2 222  4.3  0.01 69 5.88
 962   651 288.4 222  4.8  0.01 69 5.70
 912  1100 285.4 223  5.5  0.01 68 5.40
 861  1551 282.4 223  6.2  0.01 67 5.10
 810  2000 279.4 224  7.0  0.01 66 4.80
 709  2901 273.4 225  8.5  0.01 64 4.20
 608  3801 267.4 226 10.0  0.01 62 3.60
 506  4701 261.4 227 11.5  0.01 60 3.00
 405  5601 255.4 228 13.0  0.01 58 2.40
2020061502008008  988.8 0.00 0   700.0   300.0   292.1    8.00   230.0     3.9   293.1
1008   251 291.1 222  4.1  0.01 69 5.97
 993   386 290.2 222  4.3  0.01 69 5.88
 962   656 288.4 222  4.8  0.01 69 5.70
 912  1105 285.4 223  5.5  0.01 68 5.40
 861  1556 282.4 223  6.2  0.01 67 5.10
 810  2005 279.4 224  7.0  0.01 66 4.80
 709  2906 273.4 225  8.5  0.01 64 4.20
 608  3806 267.4 226 10.0  0.01 62 3.60
 506  4706 261.4 227 11.5  0.01 60 3.00
 405  5606 255.4 228 13.0  0.01 58 2.40
2020061502009008  988.2 0.00 0   700.0   300.0   292.1    8.00   230.0     3.9   293.1
1008   256 291.1 222  4.1  0.01 69 5.97
 993   391 290.2 222  4.3  0.01 69 5.88
 962   661 288.4 222  4.8  0.01 69 5.70
 912  1110 285.4 223  5.5  0.01 68 5.40
 861  1561 282.4 223  6.2  0.01 67 5.10
 810  2010 279.4 224  7.0  0.01 66 4.80
 709  2911 273.4 225  8.5  0.01 64 4.20
 608  3811 267.4 226 10.0  0.01 62 3.60
 506  4711 261.4 227 11.5  0.01 60 3.00
 405  5611 255.4 228 13.0  0.01 58 2.40
2020061502010008  987.6 0.00 0   700.0   300.0   292.2    8.00   230.0     3.9   293.2
1008   261 291.1 222  4.1  0.01 69 5.97
 993   396 290.2 222  4.3  0.01 69 5.88
 962   666 288.4 222  4.8  0.01 69 5.70
 912  1115 285.4 223  5.5  0.01 68 5.40
 861  1566 282.4 223  6.2  0.01 67 5.10
 810  2015 279.4 224  7.0  0.01 66 4.80
 709  2916 273.4 225  8.5  0.01 64 4.20
 608  3816 267.4 226 10.0  0.01 62 3.60
 506  4716 261.4 227 11.5  0.01 60 3.00
 405  5616 255.4 228 13.0  0.01 58 2.40
2020061502011008  987.0 0.00 0   700.0   300.0   292.2    8.00   230.0     3.9   293.2
1008   266 291.1 222  4.1  0.01 69 5.97
 993   401 290.2 222  4.3  0.01 69 5.88
 962   671 288.4 222  4.8  0.01 69 5.70
 912  1120 285.4 223  5.5  0.01 68 5.40
 861  1571 282.4 223  6.2  0.01 67 5.10
 810  2020 279.4 224  7.0  0.01 66 4.80
 709  2921 273.4 225  8.5  0.01 64 4.20
 608  3821 267.4 226 10.0  0.01 62 3.60
 506  4721 261.4 227 11.5  0.01 60 3.00
 405  5621 255.4 228 13.0  0.01 58 2.40
2020061502012008  986.4 0.00 0   700.0   300.0   292.2    8.00   230.0     3.9   293.2
1008   271 291.1 222  4.1  0.01 69 5.97
 993   406 290.2 222  4.3  0.01 69 5.88
 962   676 288.4 222  4.8  0.01 69 5.70
 912  1125 285.4 223  5.5  0.01 68 5.40
 861  1576 282.4 223  6.2  0.01 67 5.10
 810  2025 279.4 224  7.0  0.01 66 4.80
 709  2926 273.4 225  8.5  0.01 64 4.20
 608  3826 267.4 226 10.0  0.01 62 3.60
 506  4726 261.4 227 11.5  0.01 60 3.00
 405  5626 255.4 228 13.0  0.01 58 2.40
2020061502013008  985.8 0.00 0   700.0   300.0   292.2    8.00   230.0     3.9   293.2
1008   276 291.1 222  4.1  0.01 69 5.97
 993   411 290.2 222  4.3  0.01 69 5.88
 962   681 288.4 222  4.8  0.01 69 5.70
 912  1130 285.4 223  5.5  0.01 68 5.40
 861  1581 282.4 223  6.2  0.01 67 5.10
 810  2030 279.4 224  7.0  0.01 66 4.80
 709  2931 273.4 225  8.5  0.01 64 4.20
 608  3831 267.4 226 10.0  0.01 62 3.60
 506  4731 261.4 227 11.5  0.01 60 3.00
 405  5631 255.4 228 13.0  0.01 58 2.40
2020061502014008  985.2 0.00 0   700.0   300.0   292.2    8.00   230.0     3.9   293.2
1008   281 291.1 222  4.1  0.01 69 5.97
 993   416 290.2 222  4.3  0.01 69 5.88
 962   686 288.4 222  4.8  0.01 69 5.70
 912  1135 285.4 223  5.5  0.01 68 5.40
 861  1586 282.4 223  6.2  0.01 67 5.10
 810  2035 279.4 224  7.0  0.01 66 4.80
 709  2936 273.4 225  8.5  0.01 64 4.20
 608  3836 267.4 226 10.0  0.01 62 3.60
 506  4736 261.4 227 11.5  0.01 60 3.00
 405  5636 255.4 228 13.0  0.01 58 2.40
2020061502001009  992.5 0.00 0   700.0   300.0   292.1    8.00   230.0     3.9   293.1
1008   219 291.1 222  4.1  0.01 69 5.97
 993   354 290.2 222  4.3  0.01 69 5.88
 962   624 288.4 222  4.8  0.01 69 5.70
 912  1073 285.4 223  5.5  0.01 68 5.40
 861  1524 282.4 223  6.2  0.01 67 5.10
 810  1973 279.4 224  7.0  0.01 66 4.80
 709  2874 273.4 225  8.5  0.01 64 4.20
 608  3774 267.4 226 10.0  0.01 62 3.60
 506  4674 261.4 227 11.5  0.01 60 3.00
 405  5574 255.4 228 13.0  0.01 58 2.40
2020061502002009  991.9 0.00 0   700.0   300.0   292.1    8.00   230.0     3.9   293.1
1008   224 291.1 222  4.1  0.01 69 5.97
 993   359 290.2 222  4.3  0.01 69 5.88
 962   629 288.4 222  4.8  0.01 69 5.70
 912  1078 285.4 223  5.5  0.01 68 5.40
 861  1529 282.4 223  6.2  0.01 67 5.10
 810  1978 279.4 224  7.0  0.01 66 4.80
 709  2879 273.4 225  8.5  0.01 64 4.20
 608  3779 267.4 226 10.0  0.01 62 3.60
 506  4679 261.4 227 11.5  0.01 60 3.00
 405  5579 255.4 228 13.0  0.01 58 2.40
2020061502003009  991.4 0.00 0   700.0   300.0   292.1    8.00   230.0     3.9   293.1
1008   229 291.1 222  4.1  0.01 69 5.97
 993   364 290.2 222  4.3  0.01 69 5.88
 962   634 288.4 222  4.8  0.01 69 5.70
 912  1083 285.4 223  5.5  0.01 68 5.40
 861  1534 282.4 223  6.2  0.01 67 5.10
 810  1983 279.4 224  7.0  0.01 66 4.80
 709  2884 273.4 225  8.5  0.01 64 4.20
 608  3784 267.4 226 10.0  0.01 62 3.60
 506  4684 261.4 227 11.5  0.01 60 3.00
 405  5584 255.4 228 13.0  0.01 58 2.40
2020061502004009  990.8 0.00 0   700.0   300.0   292.1    8.00   230.0     3.9   293.1
1008   234 291.1 222  4.1  0.01 69 5.97
 993   369 290.2 222  4.3  0.01 69 5.88
 962   639 288.4 222  4.8  0.01 69 5.70
 912  1088 285.4 223  5.5  0.01 68 5.40
 861  1539 282.4 223  6.2  0.01 67 5.10
 810  1988 279.4 224  7.0  0.01 66 4.80
 709  2889 273.4 225  8.5  0.01 64 4.20
 608  3789 267.4 226 10.0  0.01 62 3.60
 506  4689 261.4 227 11.5  0.01 60 3.00
 405  5589 255.4 228 13.0  0.01 58 2.40
2020061502005009  990.2 0.00 0   700.0   300.0   292.1    8.00   230.0     3.9   293.1
1008   239 291.1 222  4.1  0.01 69 5.97
 993   374 290.2 222  4.3  0.01 69 5.88
 962   644 288.4 222  4.8  0.01 69 5.70
 912  1093 285.4 223  5.5  0.01 68 5.40
 861  1544 282.4 223  6.2  0.01 67 5.10
 810  1993 279.4 224  7.0  0.01 66 4.80
 709  2894 273.4 225  8.5  0.01 64 4.20
 608  3794 267.4 226 10.0  0.01 62 3.60
 506  4694 261.4 227 11.5  0.01 60 3.00
 405  5594 255.4 228 13.0  0.01 58 2.40
2020061502006009  989.6 0.00 0   700.0   300.0   292.1    8.00   230.0     3.9   293.1
1008   244 291.1 222  4.1  0.01 69 5.97
 993   379 290.2 222  4.3  0.01 69 5.88
 962   649 288.4 222  4.8  0.01 69 5.70
 912  1098 285.4 223  5.5  0.01 68 5.40
 861  1549 282.4 223  6.2  0.01 67 5.10
 810  1998 279.4 224  7.0  0.01 66 4.80
 709  2899 273.4 225  8.5  0.01 64 4.20
 608  3799 267.4 226 10.0  0.01 62 3.60
 506  4699 261.4 227 11.5  0.01 60 3.00
 405  5599 255.4 228 13.0  0.01 58 2.40
2020061502007009  989.0 0.00 0   700.0   300.0   292.1    8.00   230.0     3.9   293.1
1008   249 291.1 222  4.1  0.01 69 5.97
 993   384 290.2 222  4.3  0.01 69 5.88
 962   654 288.4 222  4.8  0.01 69 5.70
 912  1103 285.4 223  5.5  0.01 68 5.40
 861  1554 282.4 223  6.2  0.01 67 5.10
 810  2003 279.4 224  7.0  0.01 66 4.80
 709  2904 273.4 225  8.5  0.01 64 4.20
 608  3804 267.4 226 10.0  0.01 62 3.60
 506  4704 261.4 227 11.5  0.01 60 3.00
 405  5604 255.4 228 13.0  0.01 58 2.40
2020061502008009  988.4 0.00 0   700.0   300.0   292.1    8.00   230.0     3.9   293.1
1008   254 291.1 222  4.1  0.01 69 5.97
 993   389 290.2 222  4.3  0.01 69 5.88
 962   659 288.4 222  4.8  0.01 69 5.70
 912  1108 285.4 223  5.5  0.01 68 5.40
 861  1559 282.4 223  6.2  0.01 67 5.10
 810  2008 279.4 224  7.0  0.01 66 4.80
 709  2909 273.4 225  8.5  0.01 64 4.20
 608  3809 267.4 226 10.0  0.01 62 3.60
 506  4709 261.4 227 11.5  0.01 60 3.00
 405  5609 255.4 228 13.0  0.01 58 2.40
2020061502009009  987.8 0.00 0   700.0   300.0   292.2    8.00   230.0     3.9   293.2
1008   259 291.1 222  4.1  0.01 69 5.97
 993   394 290.2 222  4.3  0.01 69 5.88
 962   664 288.4 222  4.8  0.01 69 5.70
 912  1113 285.4 223  5.5  0.01 68 5.40
 861  1564 282.4 223  6.2  0.01 67 5.10
 810  2013 279.4 224  7.0  0.01 66 4.80
 709  2914 273.4 225  8.5  0.01 64 4.20
 608  3814 267.4 226 10.0  0.01 62 3.60
 506  4714 261.4 227 11.5  0.01 60 3.00
 405  5614 255.4 228 13.0  0.01 58 2.40
2020061502010009  987.2 0.00 0   700.0   300.0   292.2    8.00   230.0     3.9   293.2
1008   264 291.1 222  4.1  0.01 69 5.97
 993   399 290.2 222  4.3  0.01 69 5.88
 962   669 288.4 222  4.8  0.01 69 5.70
 912  1118 285.4 223  5.5  0.01 68 5.40
 861  1569 282.4 223  6.2  0.01 67 5.10
 810  2018 279.4 224  7.0  0.01 66 4.80
 709  2919 273.4 225  8.5  0.01 64 4.20
 608  3819 267.4 226 10.0  0.01 62 3.60
 506  4719 261.4 227 11.5  0.01 60 3.00
 405  5619 255.4 228 13.0  0.01 58 2.40
2020061502011009  986.6 0.00 0   700.0   300.0   292.2    8.00   230.0     3.9   293.2
1008   269 291.1 222  4.1  0.01 69 5.97
 993   404 290.2 222  4.3  0.01 69 5.88
 962   674 288.4 222  4.8  0.01 69 5.70
 912  1123 285.4 223  5.5  0.01 68 5.40
 861  1574 282.4 223  6.2  0.01 67 5.10
 810  2023 279.4 224  7.0  0.01 66 4.80
 709  2924 273.4 225  8.5  0.01 64 4.20
 608  3824 267.4 226 10.0  0.01 62 3.60
 506  4724 261.4 227 11.5  0.01 60 3.00
 405  5624 255.4 228 13.0  0.01 58 2.40
2020061502012009  986.1 0.00 0   700.0   300.0   292.2    8.00   230.0     3.9   293.2
1008   274 291.1 222  4.1  0.01 69 5.97
 993   409 290.2 222  4.3  0.01 69 5.88
 962   679 288.4 222  4.8  0.01 69 5.70
 912  1128 285.4 223  5.5  0.01 68 5.40
 861  1579 282.4 223  6.2  0.01 67 5.10
 810  2028 279.4 224  7.0  0.01 66 4.80
 709  2929 273.4 225  8.5  0.01 64 4.20
 608  3829 267.4 226 10.0  0.01 62 3.60
 506  4729 261.4 227 11.5  0.01 60 3.00
 405  5629 255.4 228 13.0  0.01 58 2.40
2020061502013009  985.5 0.00 0   700.0   300.0   292.2    8.00   230.0     3.9   293.2
1008   279 291.1 222  4.1  0.01 69 5.97
 993   414 290.2 222  4.3  0.01 69 5.88
 962   684 288.4 222  4.8  0.01 69 5.70
 912  1133 285.4 223  5.5  0.01 68 5.40
 861  1584 282.4 223  6.2  0.01 67 5.10
 810  2033 279.4 224  7.0  0.01 66 4.80
 709  2934 273.4 225  8.5  0.01 64 4.20
 608  3834 267.4 226 10.0  0.01 62 3.60
 506  4734 261.4 227 11.5  0.01 60 3.00
 405  5634 255.4 228 13.0  0.01 58 2.40
2020061502014009  984.9 0.00 0   700.0   300.0   292.2    8.00   230.0     3.9   293.2
1008   284 291.1 222  4.1  0.01 69 5.97
 993   419 290.2 222  4.3  0.01 69 5.88
 962   689 288.4 222  4.8  0.01 69 5.70
 912  1138 285.4 223  5.5  0.01 68 5.40
 861  1589 282.4 223  6.2  0.01 67 5.10
 810  2038 279.4 224  7.0  0.01 66 4.80
 709  2939 273.4 225  8.5  0.01 64 4.20
 608  3839 267.4 226 10.0  0.01 62 3.60
 506  4739 261.4 227 11.5  0.01 60 3.00
 405  5639 255.4 228 13.0  0.01 58 2.40
2020061502001010  992.2 0.00 0   700.0   300.0   292.1    8.00   230.0     3.9   293.1
1008   222 291.1 222  4.1  0.01 69 5.97
 993   357 290.2 222  4.3  0.01 69 5.88
 962   627 288.4 222  4.8  0.01 69 5.70
 912  1076 285.4 223  5.5  0.01 68 5.40
 861  1527 282.4 223  6.2  0.01 67 5.10
 810  1976 279.4 224  7.0  0.01 66 4.80
 709  2877 273.4 225  8.5  0.01 64 4.20
 608  3777 267.4 226 10.0  0.01 62 3.60
 506  4677 261.4 227 11.5  0.01 60 3.00
 405  5577 255.4 228 13.0  0.01 58 2.40
2020061502002010  991.6 0.00 0   700.0   300.0   292.1    8.00   230.0     3.9   293.1
1008   227 291.1 222  4.1  0.01 69 5.97
 993   362 290.2 222  4.3  0.01 69 5.88
 962   632 288.4 222  4.8  0.01 69 5.70
 912  1081 285.4 223  5.5  0.01 68 5.40
 861  1532 282.4 223  6.2  0.01 67 5.10
 810  1981 279.4 224  7.0  0.01 66 4.80
 709  2882 273.4 225  8.5  0.01 64 4.20
 608  3782 267.4 226 10.0  0.01 62 3.60
 506  4682 261.4 227 11.5  0.01 60 3.00
 405  5582 255.4 228 13.0  0.01 58 2.40
2020061502003010  991.0 0.00 0   700.0   300.0   292.1    8.00   230.0     3.9   293.1
1008   232 291.1 222  4.1  0.01 69 5.97
 993   367 290.2 222  4.3  0.01 69 5.88
 962   637 288.4 222  4.8  0.01 69 5.70
 912  1086 285.4 223  5.5  0.01 68 5.40
 861  1537 282.4 223  6.2  0.01 67 5.10
 810  1986 279.4 224  7.0  0.01 66 4.80
 709  2887 273.4 225  8.5  0.01 64 4.20
 608  3787 267.4 226 10.0  0.01 62 3.60
 506  4687 261.4 227 11.5  0.01 60 3.00
 405  5587 255.4 228 13.0  0.01 58 2.40
2020061502004010  990.4 0.00 0   700.0   300.0   292.1    8.00   230.0     3.9   293.1
1008   237 291.1 222  4.1  0.01 69 5.97
 993   372 290.2 222  4.3  0.01 69 5.88
 962   642 288.4 222  4.8  0.01 69 5.70
 912  1091 285.4 223  5.5  0.01 68 5.40
 861  1542 282.4 223  6.2  0.01 67 5.10
 810  1991 279.4 224  7.0  0.01 66 4.80
 709  2892 273.4 225  8.5  0.01 64 4.20
 608  3792 267.4 226 10.0  0.01 62 3.60
 506  4692 261.4 227 11.5  0.01 60 3.00
 405  5592 255.4 228 13.0  0.01 58 2.40
2020061502005010  989.8 0.00 0   700.0   300.0   292.1    8.00   230.0     3.9   293.1
1008   242 291.1 222  4.1  0.01 69 5.97
 993   377 290.2 222  4.3  0.01 69 5.88
 962   647 288.4 222  4.8  0.01 69 5.70
 912  1096 285.4 223  5.5  0.01 68 5.40
 861  1547 282.4 223  6.2  0.01 67 5.10
 810  1996 279.4 224  7.0  0.01 66 4.80
 709  2897 273.4 225  8.5  0.01 64 4.20
 608  3797 267.4 226 10.0  0.01 62 3.60
 506  4697 261.4 227 11.5  0.01 60 3.00
 405  5597 255.4 228 13.0  0.01 58 2.40
2020061502006010  989.2 0.00 0   700.0   300.0   292.1    8.00   230.0     3.9   293.1
1008   247 291.1 222  4.1  0.01 69 5.97
 993   382 290.2 222  4.3  0.01 69 5.88
 962   652 288.4 222  4.8  0.01 69 5.70
 912  1101 285.4 223  5.5  0.01 68 5.40
 861  1552 282.4 223  6.2  0.01 67 5.10
 810  2001 279.4 224  7.0  0.01 66 4.80
 709  2902 273.4 225  8.5  0.01 64 4.20
 608  3802 267.4 226 10.0  0.01 62 3.60
 506  4702 261.4 227 11.5  0.01 60 3.00
 405  5602 255.4 228 13.0  0.01 58 2.40
2020061502007010  988.6 0.00 0   700.0   300.0   292.1    8.00   230.0     3.9   293.1
1008   252 291.1 222  4.1  0.01 69 5.97
 993   387 290.2 222  4.3  0.01 69 5.88
 962   657 288.4 222  4.8  0.01 69 5.70
 912  1106 285.4 223  5.5  0.01 68 5.40
 861  1557 282.4 223  6.2  0.01 67 5.10
 810  2006 279.4 224  7.0  0.01 66 4.80
 709  2907 273.4 225  8.5  0.01 64 4.20
 608  3807 267.4 226 10.0  0.01 62 3.60
 506  4707 261.4 227 11.5  0.01 60 3.00
 405  5607 255.4 228 13.0  0.01 58 2.40
2020061502008010  988.1 0.00 0   700.0   300.0   292.2    8.00   230.0     3.9   293.2
1008   257 291.1 222  4.1  0.01 69 5.97
 993   392 290.2 222  4.3  0.01 69 5.88
 962   662 288.4 222  4.8  0.01 69 5.70
 912  1111 285.4 223  5.5  0.01 68 5.40
 861  1562 282.4 223  6.2  0.01 67 5.10
 810  2011 279.4 224  7.0  0.01 66 4.80
 709  2912 273.4 225  8.5  0.01 64 4.20
 608  3812 267.4 226 10.0  0.01 62 3.60
 506  4712 261.4 227 11.5  0.01 60 3.00
 405  5612 255.4 228 13.0  0.01 58 2.40
2020061502009010  987.5 0.00 0   700.0   300.0   292.2    8.00   230.0     3.9   293.2
1008   262 291.1 222  4.1  0.01 69 5.97
 993   397 290.2 222  4.3  0.01 69 5.88
 962   667 288.4 222  4.8  0.01 69 5.70
 912  1116 285.4 223  5.5  0.01 68 5.40
 861  1567 282.4 223  6.2  0.01 67 5.10
 810  2016 279.4 224  7.0  0.01 66 4.80
 709  2917 273.4 225  8.5  0.01 64 4.20
 608  3817 267.4 226 10.0  0.01 62 3.60
 506  4717 261.4 227 11.5  0.01 60 3.00
 405  5617 255.4 228 13.0  0.01 58 2.40
2020061502010010  986.9 0.00 0   700.0   300.0   292.2    8.00   230.0     3.9   293.2
1008   267 291.1 222  4.1  0.01 69 5.97
 993   402 290.2 222  4.3  0.01 69 5.88
 962   672 288.4 222  4.8  0.01 69 5.70
 912  1121 285.4 223  5.5  0.01 68 5.40
 861  1572 282.4 223  6.2  0.01 67 5.10
 810  2021 279.4 224  7.0  0.01 66 4.80
 709  2922 273.4 225  8.5  0.01 64 4.20
 608  3822 267.4 226 10.0  0.01 62 3.60
 506  4722 261.4 227 11.5  0.01 60 3.00
 405  5622 255.4 228 13.0  0.01 58 2.40
2020061502011010  986.3 0.00 0   700.0   300.0   292.2    8.00   230.0     3.9   293.2
1008   272 291.1 222  4.1  0.01 69 5.97
 993   407 290.2 222  4.3  0.01 69 5.88
 962   677 288.4 222  4.8  0.01 69 5.70
 912  1126 285.4 223  5.5  0.01 68 5.40
 861  1577 282.4 223  6.2  0.01 67 5.10
 810  2026 279.4 224  7.0  0.01 66 4.80
 709  2927 273.4 225  8.5  0.01 64 4.20
 608  3827 267.4 226 10.0  0.01 62 3.60
 506  4727 261.4 227 11.5  0.01 60 3.00
 405  5627 255.4 228 13.0  0.01 58 2.40
2020061502012010  985.7 0.00 0   700.0   300.0   292.2    8.00   230.0     3.9   293.2
1008   277 291.1 222  4.1  0.01 69 5.97
 993   412 290.2 222  4.3  0.01 69 5.88
 962   682 288.4 222  4.8  0.01 69 5.70
 912  1131 285.4 223  5.5  0.01 68 5.40
 861  1582 282.4 223  6.2  0.01 67 5.10
 810  2031 279.4 224  7.0  0.01 66 4.80
 709  2932 273.4 225  8.5  0.01 64 4.20
 608  3832 267.4 226 10.0  0.01 62 3.60
 506  4732 261.4 227 11.5  0.01 60 3.00
 405  5632 255.4 228 13.0  0.01 58 2.40
2020061502013010  985.1 0.00 0   700.0   300.0   292.2    8.00   230.0     3.9   293.2
1008   282 291.1 222  4.1  0.01 69 5.97
 993   417 290.2 222  4.3  0.01 69 5.88
 962   687 288.4 222  4.8  0.01 69 5.70
 912  1136 285.4 223  5.5  0.01 68 5.40
 861  1587 282.4 223  6.2  0.01 67 5.10
 810  2036 279.4 224  7.0  0.01 66 4.80
 709  2937 273.4 225  8.5  0.01 64 4.20
 608  3837 267.4 226 10.0  0.01 62 3.60
 506  4737 261.4 227 11.5  0.01 60 3.00
 405  5637 255.4 228 13.0  0.01 58 2.40
2020061502014010  984.5 0.00 0   700.0   300.0   292.2    8.00   230.0     3.9   293.2
1008   287 291.1 222  4.1  0.01 69 5.97
 993   422 290.2 222  4.3  0.01 69 5.88
 962   692 288.4 222  4.8  0.01 69 5.70
 912  1141 285.4 223  5.5  0.01 68 5.40
 861  1592 282.4 223  6.2  0.01 67 5.10
 810  2041 279.4 224  7.0  0.01 66 4.80
 709  2942 273.4 225  8.5  0.01 64 4.20
 608  3842 267.4 226 10.0  0.01 62 3.60
 506  4742 261.4 227 11.5  0.01 60 3.00
 405  5642 255.4 228 13.0  0.01 58 2.40
2020061502001011  991.8 0.00 0   700.0   300.0   292.1    8.00   230.0     3.9   293.1
1008   225 291.1 222  4.1  0.01 69 5.97
 993   360 290.2 222  4.3  0.01 69 5.88
 962   630 288.4 222  4.8  0.01 69 5.70
 912  1079 285.4 223  5.5  0.01 68 5.40
 861  1530 282.4 223  6.2  0.01 67 5.10
 810  1979 279.4 224  7.0  0.01 66 4.80
 709  2880 273.4 225  8.5  0.01 64 4.20
 608  3780 267.4 226 10.0  0.01 62 3.60
 506  4680 261.4 227 11.5  0.01 60 3.00
 405  5580 255.4 228 13.0  0.01 58 2.40
2020061502002011  991.2 0.00 0   700.0   300.0   292.1    8.00   230.0     3.9   293.1
1008   230 291.1 222  4.1  0.01 69 5.97
 993   365 290.2 222  4.3  0.01 69 5.88
 962   635 288.4 222  4.8  0.01 69 5.70
 912  1084 285.4 223  5.5  0.01 68 5.40
 861  1535 282.4 223  6.2  0.01 67 5.10
 810  1984 279.4 224  7.0  0.01 66 4.80
 709  2885 273.4 225  8.5  0.01 64 4.20
 608  3785 267.4 226 10.0  0.01 62 3.60
 506  4685 261.4 227 11.5  0.01 60 3.00
 405  5585 255.4 228 13.0  0.01 58 2.40
2020061502003011  990.6 0.00 0   700.0   300.0   292.1    8.00   230.0     3.9   293.1
1008   235 291.1 222  4.1  0.01 69 5.97
 993   370 290.2 222  4.3  0.01 69 5.88
 962   640 288.4 222  4.8  0.01 69 5.70
 912  1089 285.4 223  5.5  0.01 68 5.40
 861  1540 282.4 223  6.2  0.01 67 5.10
 810  1989 279.4 224  7.0  0.01 66 4.80
 709  2890 273.4 225  8.5  0.01 64 4.20
 608  3790 267.4 226 10.0  0.01 62 3.60
 506  4690 261.4 227 11.5  0.01 60 3.00
 405  5590 255.4 228 13.0  0.01 58 2.40
2020061502004011  990.1 0.00 0   700.0   300.0   292.1    8.00   230.0     3.9   293.1
1008   240 291.1 222  4.1  0.01 69 5.97
 993   375 290.2 222  4.3  0.01 69 5.88
 962   645 288.4 222  4.8  0.01 69 5.70
 912  1094 285.4 223  5.5  0.01 68 5.40
 861  1545 282.4 223  6.2  0.01 67 5.10
 810  1994 279.4 224  7.0  0.01 66 4.80
 709  2895 273.4 225  8.5  0.01 64 4.20
 608  3795 267.4 226 10.0  0.01 62 3.60
 506  4695 261.4 227 11.5  0.01 60 3.00
 405  5595 255.4 228 13.0  0.01 58 2.40
2020061502005011  989.5 0.00 0   700.0   300.0   292.1    8.00   230.0     3.9   293.1
1008   245 291.1 222  4.1  0.01 69 5.97
 993   380 290.2 222  4.3  0.01 69 5.88
 962   650 288.4 222  4.8  0.01 69 5.70
 912  1099 285.4 223  5.5  0.01 68 5.40
 861  1550 282.4 223  6.2  0.01 67 5.10
 810  1999 279.4 224  7.0  0.01 66 4.80
 709  2900 273.4 225  8.5  0.01 64 4.20
 608  3800 267.4 226 10.0  0.01 62 3.60
 506  4700 261.4 227 11.5  0.01 60 3.00
 405  5600 255.4 228 13.0  0.01 58 2.40
2020061502006011  988.9 0.00 0   700.0   300.0   292.1    8.00   230.0     3.9   293.1
1008   250 291.1 222  4.1  0.01 69 5.97
 993   385 290.2 222  4.3  0.01 69 5.88
 962   655 288.4 222  4.8  0.01 69 5.70
 912  1104 285.4 223  5.5  0.01 68 5.40
 861  1555 282.4 223  6.2  0.01 67 5.10
 810  2004 279.4 224  7.0  0.01 66 4.80
 709  2905 273.4 225  8.5  0.01 64 4.20
 608  3805 267.4 226 10.0  0.01 62 3.60
 506  4705 261.4 227 11.5  0.01 60 3.00
 405  5605 255.4 228 13.0  0.01 58 2.40
2020061502007011  988.3 0.00 0   700.0   300.0   292.2    8.00   230.0     3.9   293.2
1008   255 291.1 222  4.1  0.01 69 5.97
 993   390 290.2 222  4.3  0.01 69 5.88
 962   660 288.4 222  4.8  0.01 69 5.70
 912  1109 285.4 223  5.5  0.01 68 5.40
 861  1560 282.4 223  6.2  0.01 67 5.10
 810  2009 279.4 224  7.0  0.01 66 4.80
 709  2910 273.4 225  8.5  0.01 64 4.20
 608  3810 267.4 226 10.0  0.01 62 3.60
 506  4710 261.4 227 11.5  0.01 60 3.00
 405  5610 255.4 228 13.0  0.01 58 2.40
2020061502008011  987.7 0.00 0   700.0   300.0   292.2    8.00   230.0     3.9   293.2
1008   260 291.1 222  4.1  0.01 69 5.97
 993   395 290.2 222  4.3  0.01 69 5.88
 962   665 288.4 222  4.8  0.01 69 5.70
 912  1114 285.4 223  5.5  0.01 68 5.40
 861  1565 282.4 223  6.2  0.01 67 5.10
 810  2014 279.4 224  7.0  0.01 66 4.80
 709  2915 273.4 225  8.5  0.01 64 4.20
 608  3815 267.4 226 10.0  0.01 62 3.60
 506  4715 261.4 227 11.5  0.01 60 3.00
 405  5615 255.4 228 13.0  0.01 58 2.40
2020061502009011  987.1 0.00 0   700.0   300.0   292.2    8.00   230.0     3.9   293.2
1008   265 291.1 222  4.1  0.01 69 5.97
 993   400 290.2 222  4.3  0.01 69 5.88
 962   670 288.4 222  4.8  0.01 69 5.70
 912  1119 285.4 223  5.5  0.01 68 5.40
 861  1570 282.4 223  6.2  0.01 67 5.10
 810  2019 279.4 224  7.0  0.01 66 4.80
 709  2920 273.4 225  8.5  0.01 64 4.20
 608  3820 267.4 226 10.0  0.01 62 3.60
 506  4720 261.4 227 11.5  0.01 60 3.00
 405  5620 255.4 228 13.0  0.01 58 2.40
2020061502010011  986.5 0.00 0   700.0   300.0   292.2    8.00   230.0     3.9   293.2
1008   270 291.1 222  4.1  0.01 69 5.97
 993   405 290.2 222  4.3  0.01 69 5.88
 962   675 288.4 222  4.8  0.01 69 5.70
 912  1124 285.4 223  5.5  0.01 68 5.40
 861  1575 282.4 223  6.2  0.01 67 5.10
 810  2024 279.4 224  7.0  0.01 66 4.80
 709  2925 273.4 225  8.5  0.01 64 4.20
 608  3825 267.4 226 10.0  0.01 62 3.60
 506  4725 261.4 227 11.5  0.01 60 3.00
 405  5625 255.4 228 13.0  0.01 58 2.40
2020061502011011  985.9 0.00 0   700.0   300.0   292.2    8.00   230.0     3.9   293.2
1008   275 291.1 222  4.1  0.01 69 5.97
 993   410 290.2 222  4.3  0.01 69 5.88
 962   680 288.4 222  4.8  0.01 69 5.70
 912  1129 285.4 223  5.5  0.01 68 5.40
 861  1580 282.4 223  6.2  0.01 67 5.10
 810  2029 279.4 224  7.0  0.01 66 4.80
 709  2930 273.4 225  8.5  0.01 64 4.20
 608  3830 267.4 226 10.0  0.01 62 3.60
 506  4730 261.4 227 11.5  0.01 60 3.00
 405  5630 255.4 228 13.0  0.01 58 2.40
2020061502012011  985.4 0.00 0   700.0   300.0   292.2    8.00   230.0     3.9   293.2
1008   280 291.1 222  4.1  0.01 69 5.97
 993   415 290.2 222  4.3  0.01 69 5.88
 962   685 288.4 222  4.8  0.01 69 5.70
 912  1134 285.4 223  5.5  0.01 68 5.40
 861  1585 282.4 223  6.2  0.01 67 5.10
 810  2034 279.4 224  7.0  0.01 66 4.80
 709  2935 273.4 225  8.5  0.01 64 4.20
 608  3835 267.4 226 10.0  0.01 62 3.60
 506  4735 261.4 227 11.5  0.01 60 3.00
 405  5635 255.4 228 13.0  0.01 58 2.40
2020061502013011  984.8 0.00 0   700.0   300.0   292.2    8.00   230.0     3.9   293.2
1008   285 291.1 222  4.1  0.01 69 5.97
 993   420 290.2 222  4.3  0.01 69 5.88
 962   690 288.4 222  4.8  0.01 69 5.70
 912  1139 285.4 223  5.5  0.01 68 5.40
 861  1590 282.4 223  6.2  0.01 67 5.10
 810  2039 279.4 224  7.0  0.01 66 4.80
 709  2940 273.4 225  8.5  0.01 64 4.20
 608  3840 267.4 226 10.0  0.01 62 3.60
 506  4740 261.4 227 11.5  0.01 60 3.00
 405  5640 255.4 228 13.0  0.01 58 2.40
2020061502014011  984.2 0.00 0   700.0   300.0   292.2    8.00   230.0     3.9   293.2
1008   290 291.1 222  4.1  0.01 69 5.97
 993   425 290.2 222  4.3  0.01 69 5.88
 962   695 288.4 222  4.8  0.01 69 5.70
 912  1144 285.4 223  5.5  0.01 68 5.40
 861  1595 282.4 223  6.2  0.01 67 5.10
 810  2044 279.4 224  7.0  0.01 66 4.80
 709  2945 273.4 225  8.5  0.01 64 4.20
 608  3845 267.4 226 10.0  0.01 62 3.60
 506  4745 261.4 227 11.5  0.01 60 3.00
 405  5645 255.4 228 13.0  0.01 58 2.40
2020061502001012  991.5 0.00 0   700.0   300.0   292.1    8.00   230.0     3.9   293.1
1008   228 291.1 222  4.1  0.01 69 5.97
 993   363 290.2 222  4.3  0.01 69 5.88
 962   633 288.4 222  4.8  0.01 69 5.70
 912  1082 285.4 223  5.5  0.01 68 5.40
 861  1533 282.4 223  6.2  0.01 67 5.10
 810  1982 279.4 224  7.0  0.01 66 4.80
 709  2883 273.4 225  8.5  0.01 64 4.20
 608  3783 267.4 226 10.0  0.01 62 3.60
 506  4683 261.4 227 11.5  0.01 60 3.00
 405  5583 255.4 228 13.0  0.01 58 2.40
2020061502002012  990.9 0.00 0   700.0   300.0   292.1    8.00   230.0     3.9   293.1
1008   233 291.1 222  4.1  0.01 69 5.97
 993   368 290.2 222  4.3  0.01 69 5.88
 962   638 288.4 222  4.8  0.01 69 5.70
 912  1087 285.4 223  5.5  0.01 68 5.40
 861  1538 282.4 223  6.2  0.01 67 5.10
 810  1987 279.4 224  7.0  0.01 66 4.80
 709  2888 273.4 225  8.5  0.01 64 4.20
 608  3788 267.4 226 10.0  0.01 62 3.60
 506  4688 261.4 227 11.5  0.01 60 3.00
 405  5588 255.4 228 13.0  0.01 58 2.40
2020061502003012  990.3 0.00 0   700.0   300.0   292.1    8.00   230.0     3.9   293.1
1008   238 291.1 222  4.1  0.01 69 5.97
 993   373 290.2 222  4.3  0.01 69 5.88
 962   643 288.4 222  4.8  0.01 69 5.70
 912  1092 285.4 223  5.5  0.01 68 5.40
 861  1543 282.4 223  6.2  0.01 67 5.10
 810  1992 279.4 224  7.0  0.01 66 4.80
 709  2893 273.4 225  8.5  0.01 64 4.20
 608  3793 267.4 226 10.0  0.01 62 3.60
 506  4693 261.4 227 11.5  0.01 60 3.00
 405  5593 255.4 228 13.0  0.01 58 2.40
2020061502004012  989.7 0.00 0   700.0   300.0   292.1    8.00   230.0     3.9   293.1
1008   243 291.1 222  4.1  0.01 69 5.97
 993   378 290.2 222  4.3  0.01 69 5.88
 962   648 288.4 222  4.8  0.01 69 5.70
 912  1097 285.4 223  5.5  0.01 68 5.40
 861  1548 282.4 223  6.2  0.01 67 5.10
 810  1997 279.4 224  7.0  0.01 66 4.80
 709  2898 273.4 225  8.5  0.01 64 4.20
 608  3798 267.4 226 10.0  0.01 62 3.60
 506  4698 261.4 227 11.5  0.01 60 3.00
 405  5598 255.4 228 13.0  0.01 58 2.40
2020061502005012  989.1 0.00 0   700.0   300.0   292.1    8.00   230.0     3.9   293.1
1008   248 291.1 222  4.1  0.01 69 5.97
 993   383 290.2 222  4.3  0.01 69 5.88
 962   653 288.4 222  4.8  0.01 69 5.70
 912  1102 285.4 223  5.5  0.01 68 5.40
 861  1553 282.4 223  6.2  0.01 67 5.10
 810  2002 279.4 224  7.0  0.01 66 4.80
 709  2903 273.4 225  8.5  0.01 64 4.20
 608  3803 267.4 226 10.0  0.01 62 3.60
 506  4703 261.4 227 11.5  0.01 60 3.00
 405  5603 255.4 228 13.0  0.01 58 2.40
2020061502006012  988.5 0.00 0   700.0   300.0   292.2    8.00   230.0     3.9   293.2
1008   253 291.1 222  4.1  0.01 69 5.97
 993   388 290.2 222  4.3  0.01 69 5.88
 962   658 288.4 222  4.8  0.01 69 5.70
 912  1107 285.4 223  5.5  0.01 68 5.40
 861  1558 282.4 223  6.2  0.01 67 5.10
 810  2007 279.4 224  7.0  0.01 66 4.80
 709  2908 273.4 225  8.5  0.01 64 4.20
 608  3808 267.4 226 10.0  0.01 62 3.60
 506  4708 261.4 227 11.5  0.01 60 3.00
 405  5608 255.4 228 13.0  0.01 58 2.40
2020061502007012  987.9 0.00 0   700.0   300.0   292.2    8.00   230.0     3.9   293.2
1008   258 291.1 222  4.1  0.01 69 5.97
 993   393 290.2 222  4.3  0.01 69 5.88
 962   663 288.4 222  4.8  0.01 69 5.70
 912  1112 285.4 223  5.5  0.01 68 5.40
 861  1563 282.4 223  6.2  0.01 67 5.10
 810  2012 279.4 224  7.0  0.01 66 4.80
 709  2913 273.4 225  8.5  0.01 64 4.20
 608  3813 267.4 226 10.0  0.01 62 3.60
 506  4713 261.4 227 11.5  0.01 60 3.00
 405  5613 255.4 228 13.0  0.01 58 2.40
2020061502008012  987.4 0.00 0   700.0   300.0   292.2    8.00   230.0     3.9   293.2
1008   263 291.1 222  4.1  0.01 69 5.97
 993   398 290.2 222  4.3  0.01 69 5.88
 962   668 288.4 222  4.8  0.01 69 5.70
 912  1117 285.4 223  5.5  0.01 68 5.40
 861  1568 282.4 223  6.2  0.01 67 5.10
 810  2017 279.4 224  7.0  0.01 66 4.80
 709  2918 273.4 225  8.5  0.01 64 4.20
 608  3818 267.4 226 10.0  0.01 62 3.60
 506  4718 261.4 227 11.5  0.01 60 3.00
 405  5618 255.4 228 13.0  0.01 58 2.40
2020061502009012  986.8 0.00 0   700.0   300.0   292.2    8.00   230.0     3.9   293.2
1008   268 291.1 222  4.1  0.01 69 5.97
 993   403 290.2 222  4.3  0.01 69 5.88
 962   673 288.4 222  4.8  0.01 69 5.70
 912  1122 285.4 223  5.5  0.01 68 5.40
 861  1573 282.4 223  6.2  0.01 67 5.10
 810  2022 279.4 224  7.0  0.01 66 4.80
 709  2923 273.4 225  8.5  0.01 64 4.20
 608  3823 267.4 226 10.0  0.01 62 3.60
 506  4723 261.4 227 11.5  0.01 60 3.00
 405  5623 255.4 228 13.0  0.01 58 2.40
2020061502010012  986.2 0.00 0   700.0   300.0   292.2    8.00   230.0     3.9   293.2
1008   273 291.1 222  4.1  0.01 69 5.97
 993   408 290.2 222  4.3  0.01 69 5.88
 962   678 288.4 222  4.8  0.01 69 5.70
 912  1127 285.4 223  5.5  0.01 68 5.40
 861  1578 282.4 223  6.2  0.01 67 5.10
 810  2027 279.4 224  7.0  0.01 66 4.80
 709  2928 273.4 225  8.5  0.01 64 4.20
 608  3828 267.4 226 10.0  0.01 62 3.60
 506  4728 261.4 227 11.5  0.01 60 3.00
 405  5628 255.4 228 13.0  0.01 58 2.40
2020061502011012  985.6 0.00 0   700.0   300.0   292.2    8.00   230.0     3.9   293.2
1008   278 291.1 222  4.1  0.01 69 5.97
 993   413 290.2 222  4.3  0.01 69 5.88
 962   683 288.4 222  4.8  0.01 69 5.70
 912  1132 285.4 223  5.5  0.01 68 5.40
 861  1583 282.4 223  6.2  0.01 67 5.10
 810  2032 279.4 224  7.0  0.01 66 4.80
 709  2933 273.4 225  8.5  0.01 64 4.20
 608  3833 267.4 226 10.0  0.01 62 3.60
 506  4733 261.4 227 11.5  0.01 60 3.00
 405  5633 255.4 228 13.0  0.01 58 2.40
2020061502012012  985.0 0.00 0   700.0   300.0   292.2    8.00   230.0     3.9   293.2
1008   283 291.1 222  4.1  0.01 69 5.97
 993   418 290.2 222  4.3  0.01 69 5.88
 962   688 288.4 222  4.8  0.01 69 5.70
 912  1137 285.4 223  5.5  0.01 68 5.40
 861  1588 282.4 223  6.2  0.01 67 5.10
 810  2037 279.4 224  7.0  0.01 66 4.80
 709  2938 273.4 225  8.5  0.01 64 4.20
 608  3838 267.4 226 10.0  0.01 62 3.60
 506  4738 261.4 227 11.5  0.01 60 3.00
 405  5638 255.4 228 13.0  0.01 58 2.40
2020061502013012  984.4 0.00 0   700.0   300.0   292.2    8.00   230.0     3.9   293.2
1008   288 291.1 222  4.1  0.01 69 5.97
 993   423 290.2 222  4.3  0.01 69 5.88
 962   693 288.4 222  4.8  0.01 69 5.70
 912  1142 285.4 223  5.5  0.01 68 5.40
 861  1593 282.4 223  6.2  0.01 67 5.10
 810  2042 279.4 224  7.0  0.01 66 4.80
 709  2943 273.4 225  8.5  0.01 64 4.20
 608  3843 267.4 226 10.0  0.01 62 3.60
 506  4743 261.4 227 11.5  0.01 60 3.00
 405  5643 255.4 228 13.0  0.01 58 2.40
2020061502014012  983.8 0.00 0   700.0   300.0   292.2    8.00   230.0     3.9   293.2
1008   293 291.1 222  4.1  0.01 69 5.97
 993   428 290.2 222  4.3  0.01 69 5.88
 962   698 288.4 222  4.8  0.01 69 5.70
 912  1147 285.4 223  5.5  0.01 68 5.40
 861  1598 282.4 223  6.2  0.01 67 5.10
 810  2047 279.4 224  7.0  0.01 66 4.80
 709  2948 273.4 225  8.5  0.01 64 4.20
 608  3848 267.4 226 10.0  0.01 62 3.60
 506  4748 261.4 227 11.5  0.01 60 3.00
 405  5648 255.4 228 13.0  0.01 58 2.40
2020061502001013  991.1 0.00 0   700.0   300.0   292.1    8.00   230.0     3.9   293.1
1008   231 291.1 222  4.1  0.01 69 5.97
 993   366 290.2 222  4.3  0.01 69 5.88
 962   636 288.4 222  4.8  0.01 69 5.70
 912  1085 285.4 223  5.5  0.01 68 5.40
 861  1536 282.4 223  6.2  0.01 67 5.10
 810  1985 279.4 224  7.0  0.01 66 4.80
 709  2886 273.4 225  8.5  0.01 64 4.20
 608  3786 267.4 226 10.0  0.01 62 3.60
 506  4686 261.4 227 11.5  0.01 60 3.00
 405  5586 255.4 228 13.0  0.01 58 2.40
2020061502002013  990.5 0.00 0   700.0   300.0   292.1    8.00   230.0     3.9   293.1
1008   236 291.1 222  4.1  0.01 69 5.97
 993   371 290.2 222  4.3  0.01 69 5.88
 962   641 288.4 222  4.8  0.01 69 5.70
 912  1090 285.4 223  5.5  0.01 68 5.40
 861  1541 282.4 223  6.2  0.01 67 5.10
 810  1990 279.4 224  7.0  0.01 66 4.80
 709  2891 273.4 225  8.5  0.01 64 4.20
 608  3791 267.4 226 10.0  0.01 62 3.60
 506  4691 261.4 227 11.5  0.01 60 3.00
 405  5591 255.4 228 13.0  0.01 58 2.40
2020061502003013  989.9 0.00 0   700.0   300.0   292.1    8.00   230.0     3.9   293.1
1008   241 291.1 222  4.1  0.01 69 5.97
 993   376 290.2 222  4.3  0.01 69 5.88
 962   646 288.4 222  4.8  0.01 69 5.70
 912  1095 285.4 223  5.5  0.01 68 5.40
 861  1546 282.4 223  6.2  0.01 67 5.10
 810  1995 279.4 224  7.0  0.01 66 4.80
 709  2896 273.4 225  8.5  0.01 64 4.20
 608  3796 267.4 226 10.0  0.01 62 3.60
 506  4696 261.4 227 11.5  0.01 60 3.00
 405  5596 255.4 228 13.0  0.01 58 2.40
2020061502004013  989.4 0.00 0   700.0   300.0   292.1    8.00   230.0     3.9   293.1
1008   246 291.1 222  4.1  0.01 69 5.97
 993   381 290.2 222  4.3  0.01 69 5.88
 962   651 288.4 222  4.8  0.01 69 5.70
 912  1100 285.4 223  5.5  0.01 68 5.40
 861  1551 282.4 223  6.2  0.01 67 5.10
 810  2000 279.4 224  7.0  0.01 66 4.80
 709  2901 273.4 225  8.5  0.01 64 4.20
 608  3801 267.4 226 10.0  0.01 62 3.60
 506  4701 261.4 227 11.5  0.01 60 3.00
 405  5601 255.4 228 13.0  0.01 58 2.40
2020061502005013  988.8 0.00 0   700.0   300.0   292.2    8.00   230.0     3.9   293.2
1008   251 291.1 222  4.1  0.01 69 5.97
 993   386 290.2 222  4.3  0.01 69 5.88
 962   656 288.4 222  4.8  0.01 69 5.70
 912  1105 285.4 223  5.5  0.01 68 5.40
 861  1556 282.4 223  6.2  0.01 67 5.10
 810  2005 279.4 224  7.0  0.01 66 4.80
 709  2906 273.4 225  8.5  0.01 64 4.20
 608  3806 267.4 226 10.0  0.01 62 3.60
 506  4706 261.4 227 11.5  0.01 60 3.00
 405  5606 255.4 228 13.0  0.01 58 2.40
2020061502006013  988.2 0.00 0   700.0   300.0   292.2    8.00   230.0     3.9   293.2
1008   256 291.1 222  4.1  0.01 69 5.97
 993   391 290.2 222  4.3  0.01 69 5.88
 962   661 288.4 222  4.8  0.01 69 5.70
 912  1110 285.4 223  5.5  0.01 68 5.40
 861  1561 282.4 223  6.2  0.01 67 5.10
 810  2010 279.4 224  7.0  0.01 66 4.80
 709  2911 273.4 225  8.5  0.01 64 4.20
 608  3811 267.4 226 10.0  0.01 62 3.60
 506  4711 261.4 227 11.5  0.01 60 3.00
 405  5611 255.4 228 13.0  0.01 58 2.40
2020061502007013  987.6 0.00 0   700.0   300.0   292.2    8.00   230.0     3.9   293.2
1008   261 291.1 222  4.1  0.01 69 5.97
 993   396 290.2 222  4.3  0.01 69 5.88
 962   666 288.4 222  4.8  0.01 69 5.70
 912  1115 285.4 223  5.5  0.01 68 5.40
 861  1566 282.4 223  6.2  0.01 67 5.10
 810  2015 279.4 224  7.0  0.01 66 4.80
 709  2916 273.4 225  8.5  0.01 64 4.20
 608  3816 267.4 226 10.0  0.01 62 3.60
 506  4716 261.4 227 11.5  0.01 60 3.00
 405  5616 255.4 228 13.0  0.01 58 2.40
2020061502008013  987.0 0.00 0   700.0   300.0   292.2    8.00   230.0     3.9   293.2
1008   266 291.1 222  4.1  0.01 69 5.97
 993   401 290.2 222  4.3  0.01 69 5.88
 962   671 288.4 222  4.8  0.01 69 5.70
 912  1120 285.4 223  5.5  0.01 68 5.40
 861  1571 282.4 223  6.2  0.01 67 5.10
 810  2020 279.4 224  7.0  0.01 66 4.80
 709  2921 273.4 225  8.5  0.01 64 4.20
 608  3821 267.4 226 10.0  0.01 62 3.60
 506  4721 261.4 227 11.5  0.01 60 3.00
 405  5621 255.4 228 13.0  0.01 58 2.40
2020061502009013  986.4 0.00 0   700.0   300.0   292.2    8.00   230.0     3.9   293.2
1008   271 291.1 222  4.1  0.01 69 5.97
 993   406 290.2 222  4.3  0.01 69 5.88
 962   676 288.4 222  4.8  0.01 69 5.70
 912  1125 285.4 223  5.5  0.01 68 5.40
 861  1576 282.4 223  6.2  0.01 67 5.10
 810  2025 279.4 224  7.0  0.01 66 4.80
 709  2926 273.4 225  8.5  0.01 64 4.20
 608  3826 267.4 226 10.0  0.01 62 3.60
 506  4726 261.4 227 11.5  0.01 60 3.00
 405  5626 255.4 228 13.0  0.01 58 2.40
2020061502010013  985.8 0.00 0   700.0   300.0   292.2    8.00   230.0     3.9   293.2
1008   276 291.1 222  4.1  0.01 69 5.97
 993   411 290.2 222  4.3  0.01 69 5.88
 962   681 288.4 222  4.8  0.01 69 5.70
 912  1130 285.4 223  5.5  0.01 68 5.40
 861  1581 282.4 223  6.2  0.01 67 5.10
 810  2030 279.4 224  7.0  0.01 66 4.80
 709  2931 273.4 225  8.5  0.01 64 4.20
 608  3831 267.4 226 10.0  0.01 62 3.60
 506  4731 261.4 227 11.5  0.01 60 3.00
 405  5631 255.4 228 13.0  0.01 58 2.40
2020061502011013  985.2 0.00 0   700.0   300.0   292.2    8.00   230.0     3.9   293.2
1008   281 291.1 222  4.1  0.01 69 5.97
 993   416 290.2 222  4.3  0.01 69 5.88
 962   686 288.4 222  4.8  0.01 69 5.70
 912  1135 285.4 223  5.5  0.01 68 5.40
 861  1586 282.4 223  6.2  0.01 67 5.10
 810  2035 279.4 224  7.0  0.01 66 4.80
 709  2936 273.4 225  8.5  0.01 64 4.20
 608  3836 267.4 226 10.0  0.01 62 3.60
 506  4736 261.4 227 11.5  0.01 60 3.00
 405  5636 255.4 228 13.0  0.01 58 2.40
2020061502012013  984.6 0.00 0   700.0   300.0   292.2    8.00   230.0     3.9   293.2
1008   286 291.1 222  4.1  0.01 69 5.97
 993   421 290.2 222  4.3  0.01 69 5.88
 962   691 288.4 222  4.8  0.01 69 5.70
 912  1140 285.4 223  5.5  0.01 68 5.40
 861  1591 282.4 223  6.2  0.01 67 5.10
 810  2040 279.4 224  7.0  0.01 66 4.80
 709  2941 273.4 225  8.5  0.01 64 4.20
 608  3841 267.4 226 10.0  0.01 62 3.60
 506  4741 261.4 227 11.5  0.01 60 3.00
 405  5641 255.4 228 13.0  0.01 58 2.40
2020061502013013  984.1 0.00 0   700.0   300.0   292.2    8.00   230.0     3.9   293.2
1008   291 291.1 222  4.1  0.01 69 5.97
 993   426 290.2 222  4.3  0.01 69 5.88
 962   696 288.4 222  4.8  0.01 69 5.70
 912  1145 285.4 223  5.5  0.01 68 5.40
 861  1596 282.4 223  6.2  0.01 67 5.10
 810  2045 279.4 224  7.0  0.01 66 4.80
 709  2946 273.4 225  8.5  0.01 64 4.20
 608  3846 267.4 226 10.0  0.01 62 3.60
 506  4746 261.4 227 11.5  0.01 60 3.00
 405  5646 255.4 228 13.0  0.01 58 2.40
2020061502014013  983.5 0.00 0   700.0   300.0   292.2    8.00   230.0     3.9   293.2
1008   296 291.1 222  4.1  0.01 69 5.97
 993   431 290.2 222  4.3  0.01 69 5.88
 962   701 288.4 222  4.8  0.01 69 5.70
 912  1150 285.4 223  5.5  0.01 68 5.40
 861  1601 282.4 223  6.2  0.01 67 5.10
 810  2050 279.4 224  7.0  0.01 66 4.80
 709  2951 273.4 225  8.5  0.01 64 4.20
 608  3851 267.4 226 10.0  0.01 62 3.60
 506  4751 261.4 227 11.5  0.01 60 3.00
 405  5651 255.4 228 13.0  0.01 58 2.40
2020061502001014  990.8 0.00 0   700.0   300.0   292.1    8.00   230.0     3.9   293.1
1008   234 291.1 222  4.1  0.01 69 5.97
 993   369 290.2 222  4.3  0.01 69 5.88
 962   639 288.4 222  4.8  0.01 69 5.70
 912  1088 285.4 223  5.5  0.01 68 5.40
 861  1539 282.4 223  6.2  0.01 67 5.10
 810  1988 279.4 224  7.0  0.01 66 4.80
 709  2889 273.4 225  8.5  0.01 64 4.20
 608  3789 267.4 226 10.0  0.01 62 3.60
 506  4689 261.4 227 11.5  0.01 60 3.00
 405  5589 255.4 228 13.0  0.01 58 2.40
2020061502002014  990.2 0.00 0   700.0   300.0   292.1    8.00   230.0     3.9   293.1
1008   239 291.1 222  4.1  0.01 69 5.97
 993   374 290.2 222  4.3  0.01 69 5.88
 962   644 288.4 222  4.8  0.01 69 5.70
 912  1093 285.4 223  5.5  0.01 68 5.40
 861  1544 282.4 223  6.2  0.01 67 5.10
 810  1993 279.4 224  7.0  0.01 66 4.80
 709  2894 273.4 225  8.5  0.01 64 4.20
 608  3794 267.4 226 10.0  0.01 62 3.60
 506  4694 261.4 227 11.5  0.01 60 3.00
 405  5594 255.4 228 13.0  0.01 58 2.40
2020061502003014  989.6 0.00 0   700.0   300.0   292.1    8.00   230.0     3.9   293.1
1008   244 291.1 222  4.1  0.01 69 5.97
 993   379 290.2 222  4.3  0.01 69 5.88
 962   649 288.4 222  4.8  0.01 69 5.70
 912  1098 285.4 223  5.5  0.01 68 5.40
 861  1549 282.4 223  6.2  0.01 67 5.10
 810  1998 279.4 224  7.0  0.01 66 4.80
 709  2899 273.4 225  8.5  0.01 64 4.20
 608  3799 267.4 226 10.0  0.01 62 3.60
 506  4699 261.4 227 11.5  0.01 60 3.00
 405  5599 255.4 228 13.0  0.01 58 2.40
2020061502004014  989.0 0.00 0   700.0   300.0   292.2    8.00   230.0     3.9   293.2
1008   249 291.1 222  4.1  0.01 69 5.97
 993   384 290.2 222  4.3  0.01 69 5.88
 962   654 288.4 222  4.8  0.01 69 5.70
 912  1103 285.4 223  5.5  0.01 68 5.40
 861  1554 282.4 223  6.2  0.01 67 5.10
 810  2003 279.4 224  7.0  0.01 66 4.80
 709  2904 273.4 225  8.5  0.01 64 4.20
 608  3804 267.4 226 10.0  0.01 62 3.60
 506  4704 261.4 227 11.5  0.01 60 3.00
 405  5604 255.4 228 13.0  0.01 58 2.40
2020061502005014  988.4 0.00 0   700.0   300.0   292.2    8.00   230.0     3.9   293.2
1008   254 291.1 222  4.1  0.01 69 5.97
 993   389 290.2 222  4.3  0.01 69 5.88
 962   659 288.4 222  4.8  0.01 69 5.70
 912  1108 285.4 223  5.5  0.01 68 5.40
 861  1559 282.4 223  6.2  0.01 67 5.10
 810  2008 279.4 224  7.0  0.01 66 4.80
 709  2909 273.4 225  8.5  0.01 64 4.20
 608  3809 267.4 226 10.0  0.01 62 3.60
 506  4709 261.4 227 11.5  0.01 60 3.00
 405  5609 255.4 228 13.0  0.01 58 2.40
2020061502006014  987.8 0.00 0   700.0   300.0   292.2    8.00   230.0     3.9   293.2
1008   259 291.1 222  4.1  0.01 69 5.97
 993   394 290.2 222  4.3  0.01 69 5.88
 962   664 288.4 222  4.8  0.01 69 5.70
 912  1113 285.4 223  5.5  0.01 68 5.40
 861  1564 282.4 223  6.2  0.01 67 5.10
 810  2013 279.4 224  7.0  0.01 66 4.80
 709  2914 273.4 225  8.5  0.01 64 4.20
 608  3814 267.4 226 10.0  0.01 62 3.60
 506  4714 261.4 227 11.5  0.01 60 3.00
 405  5614 255.4 228 13.0  0.01 58 2.40
2020061502007014  987.2 0.00 0   700.0   300.0   292.2    8.00   230.0     3.9   293.2
1008   264 291.1 222  4.1  0.01 69 5.97
 993   399 290.2 222  4.3  0.01 69 5.88
 962   669 288.4 222  4.8  0.01 69 5.70
 912  1118 285.4 223  5.5  0.01 68 5.40
 861  1569 282.4 223  6.2  0.01 67 5.10
 810  2018 279.4 224  7.0  0.01 66 4.80
 709  2919 273.4 225  8.5  0.01 64 4.20
 608  3819 267.4 226 10.0  0.01 62 3.60
 506  4719 261.4 227 11.5  0.01 60 3.00
 405  5619 255.4 228 13.0  0.01 58 2.40
2020061502008014  986.6 0.00 0   700.0   300.0   292.2    8.00   230.0     3.9   293.2
1008   269 291.1 222  4.1  0.01 69 5.97
 993   404 290.2 222  4.3  0.01 69 5.88
 962   674 288.4 222  4.8  0.01 69 5.70
 912  1123 285.4 223  5.5  0.01 68 5.40
 861  1574 282.4 223  6.2  0.01 67 5.10
 810  2023 279.4 224  7.0  0.01 66 4.80
 709  2924 273.4 225  8.5  0.01 64 4.20
 608  3824 267.4 226 10.0  0.01 62 3.60
 506  4724 261.4 227 11.5  0.01 60 3.00
 405  5624 255.4 228 13.0  0.01 58 2.40
2020061502009014  986.1 0.00 0   700.0   300.0   292.2    8.00   230.0     3.9   293.2
1008   274 291.1 222  4.1  0.01 69 5.97
 993   409 290.2 222  4.3  0.01 69 5.88
 962   679 288.4 222  4.8  0.01 69 5.70
 912  1128 285.4 223  5.5  0.01 68 5.40
 861  1579 282.4 223  6.2  0.01 67 5.10
 810  2028 279.4 224  7.0  0.01 66 4.80
 709  2929 273.4 225  8.5  0.01 64 4.20
 608  3829 267.4 226 10.0  0.01 62 3.60
 506  4729 261.4 227 11.5  0.01 60 3.00
 405  5629 255.4 228 13.0  0.01 58 2.40
2020061502010014  985.5 0.00 0   700.0   300.0   292.2    8.00   230.0     3.9   293.2
1008   279 291.1 222  4.1  0.01 69 5.97
 993   414 290.2 222  4.3  0.01 69 5.88
 962   684 288.4 222  4.8  0.01 69 5.70
 912  1133 285.4 223  5.5  0.01 68 5.40
 861  1584 282.4 223  6.2  0.01 67 5.10
 810  2033 279.4 224  7.0  0.01 66 4.80
 709  2934 273.4 225  8.5  0.01 64 4.20
 608  3834 267.4 226 10.0  0.01 62 3.60
 506  4734 261.4 227 11.5  0.01 60 3.00
 405  5634 255.4 228 13.0  0.01 58 2.40
2020061502011014  984.9 0.00 0   700.0   300.0   292.2    8.00   230.0     3.9   293.2
1008   284 291.1 222  4.1  0.01 69 5.97
 993   419 290.2 222  4.3  0.01 69 5.88
 962   689 288.4 222  4.8  0.01 69 5.70
 912  1138 285.4 223  5.5  0.01 68 5.40
 861  1589 282.4 223  6.2  0.01 67 5.10
 810  2038 279.4 224  7.0  0.01 66 4.80
 709  2939 273.4 225  8.5  0.01 64 4.20
 608  3839 267.4 226 10.0  0.01 62 3.60
 506  4739 261.4 227 11.5  0.01 60 3.00
 405  5639 255.4 228 13.0  0.01 58 2.40
2020061502012014  984.3 0.00 0   700.0   300.0   292.2    8.00   230.0     3.9   293.2
1008   289 291.1 222  4.1  0.01 69 5.97
 993   424 290.2 222  4.3  0.01 69 5.88
 962   694 288.4 222  4.8  0.01 69 5.70
 912  1143 285.4 223  5.5  0.01 68 5.40
 861  1594 282.4 223  6.2  0.01 67 5.10
 810  2043 279.4 224  7.0  0.01 66 4.80
 709  2944 273.4 225  8.5  0.01 64 4.20
 608  3844 267.4 226 10.0  0.01 62 3.60
 506  4744 261.4 227 11.5  0.01 60 3.00
 405  5644 255.4 228 13.0  0.01 58 2.40
2020061502013014  983.7 0.00 0   700.0   300.0   292.2    8.00   230.0     3.9   293.2
1008   294 291.1 222  4.1  0.01 69 5.97
 993   429 290.2 222  4.3  0.01 69 5.88
 962   699 288.4 222  4.8  0.01 69 5.70
 912  1148 285.4 223  5.5  0.01 68 5.40
 861  1599 282.4 223  6.2  0.01 67 5.10
 810  2048 279.4 224  7.0  0.01 66 4.80
 709  2949 273.4 225  8.5  0.01 64 4.20
 608  3849 267.4 226 10.0  0.01 62 3.60
 506  4749 261.4 227 11.5  0.01 60 3.00
 405  5649 255.4 228 13.0  0.01 58 2.40
2020061502014014  983.1 0.00 0   700.0   300.0   292.3    8.00   230.0     3.9   293.3
1008   299 291.1 222  4.1  0.01 69 5.97
 993   434 290.2 222  4.3  0.01 69 5.88
 962   704 288.4 222  4.8  0.01 69 5.70
 912  1153 285.4 223  5.5  0.01 68 5.40
 861  1604 282.4 223  6.2  0.01 67 5.10
 810  2053 279.4 224  7.0  0.01 66 4.80
 709  2954 273.4 225  8.5  0.01 64 4.20
 608  3854 267.4 226 10.0  0.01 62 3.60
 506  4754 261.4 227 11.5  0.01 60 3.00
 405  5654 255.4 228 13.0  0.01 58 2.40
2020061503001001  995.4 0.00 0   750.0   300.0   292.5    8.00   235.0     4.1   293.5
1008   195 291.3 223  4.1  0.01 69 5.97
 993   330 290.4 223  4.3  0.01 69 5.88
 962   600 288.6 223  4.8  0.01 69 5.70
 912  1049 285.6 224  5.5  0.01 68 5.40
 861  1500 282.6 224  6.2  0.01 67 5.10
 810  1949 279.6 225  7.0  0.01 66 4.80
 709  2850 273.6 226  8.5  0.01 64 4.20
 608  3750 267.6 227 10.0  0.01 62 3.60
 506  4650 261.6 228 11.5  0.01 60 3.00
 405  5550 255.6 229 13.0  0.01 58 2.40
2020061503002001  994.8 0.00 0   750.0   300.0   292.5    8.00   235.0     4.1   293.5
1008   200 291.3 223  4.1  0.01 69 5.97
 993   335 290.4 223  4.3  0.01 69 5.88
 962   605 288.6 223  4.8  0.01 69 5.70
 912  1054 285.6 224  5.5  0.01 68 5.40
 861  1505 282.6 224  6.2  0.01 67 5.10
 810  1954 279.6 225  7.0  0.01 66 4.80
 709  2855 273.6 226  8.5  0.01 64 4.20
 608  3755 267.6 227 10.0  0.01 62 3.60
 506  4655 261.6 228 11.5  0.01 60 3.00
 405  5555 255.6 229 13.0  0.01 58 2.40
2020061503003001  994.2 0.00 0   750.0   300.0   292.5    8.00   235.0     4.1   293.5
1008   205 291.3 223  4.1  0.01 69 5.97
 993   340 290.4 223  4.3  0.01 69 5.88
 962   610 288.6 223  4.8  0.01 69 5.70
 912  1059 285.6 224  5.5  0.01 68 5.40
 861  1510 282.6 224  6.2  0.01 67 5.10
 810  1959 279.6 225  7.0  0.01 66 4.80
 709  2860 273.6 226  8.5  0.01 64 4.20
 608  3760 267.6 227 10.0  0.01 62 3.60
 506  4660 261.6 228 11.5  0.01 60 3.00
 405  5560 255.6 229 13.0  0.01 58 2.40
2020061503004001  993.6 0.00 0   750.0   300.0   292.5    8.00   235.0     4.1   293.5
1008   210 291.3 223  4.1  0.01 69 5.97
 993   345 290.4 223  4.3  0.01 69 5.88
 962   615 288.6 223  4.8  0.01 69 5.70
 912  1064 285.6 224  5.5  0.01 68 5.40
 861  1515 282.6 224  6.2  0.01 67 5.10
 810  1964 279.6 225  7.0  0.01 66 4.80
 709  2865 273.6 226  8.5  0.01 64 4.20
 608  3765 267.6 227 10.0  0.01 62 3.60
 506  4665 261.6 228 11.5  0.01 60 3.00
 405  5565 255.6 229 13.0  0.01 58 2.40
2020061503005001  993.0 0.00 0   750.0   300.0   292.5    8.00   235.0     4.1   293.5
1008   215 291.3 223  4.1  0.01 69 5.97
 993   350 290.4 223  4.3  0.01 69 5.88
 962   620 288.6 223  4.8  0.01 69 5.70
 912  1069 285.6 224  5.5  0.01 68 5.40
 861  1520 282.6 224  6.2  0.01 67 5.10
 810  1969 279.6 225  7.0  0.01 66 4.80
 709  2870 273.6 226  8.5  0.01 64 4.20
 608  3770 267.6 227 10.0  0.01 62 3.60
 506  4670 261.6 228 11.5  0.01 60 3.00
 405  5570 255.6 229 13.0  0.01 58 2.40
2020061503006001  992.4 0.00 0   750.0   300.0   292.6    8.00   235.0     4.1   293.6
1008   220 291.3 223  4.1  0.01 69 5.97
 993   355 290.4 223  4.3  0.01 69 5.88
 962   625 288.6 223  4.8  0.01 69 5.70
 912  1074 285.6 224  5.5  0.01 68 5.40
 861  1525 282.6 224  6.2  0.01 67 5.10
 810  1974 279.6 225  7.0  0.01 66 4.80
 709  2875 273.6 226  8.5  0.01 64 4.20
 608  3775 267.6 227 10.0  0.01 62 3.60
 506  4675 261.6 228 11.5  0.01 60 3.00
 405  5575 255.6 229 13.0  0.01 58 2.40
2020061503007001  991.8 0.00 0   750.0   300.0   292.6    8.00   235.0     4.1   293.6
1008   225 291.3 223  4.1  0.01 69 5.97
 993   360 290.4 223  4.3  0.01 69 5.88
 962   630 288.6 223  4.8  0.01 69 5.70
 912  1079 285.6 224  5.5  0.01 68 5.40
 861  1530 282.6 224  6.2  0.01 67 5.10
 810  1979 279.6 225  7.0  0.01 66 4.80
 709  2880 273.6 226  8.5  0.01 64 4.20
 608  3780 267.6 227 10.0  0.01 62 3.60
 506  4680 261.6 228 11.5  0.01 60 3.00
 405  5580 255.6 229 13.0  0.01 58 2.40
2020061503008001  991.2 0.00 0   750.0   300.0   292.6    8.00   235.0     4.1   293.6
1008   230 291.3 223  4.1  0.01 69 5.97
 993   365 290.4 223  4.3  0.01 69 5.88
 962   635 288.6 223  4.8  0.01 69 5.70
 912  1084 285.6 224  5.5  0.01 68 5.40
 861  1535 282.6 224  6.2  0.01 67 5.10
 810  1984 279.6 225  7.0  0.01 66 4.80
 709  2885 273.6 226  8.5  0.01 64 4.20
 608  3785 267.6 227 10.0  0.01 62 3.60
 506  4685 261.6 228 11.5  0.01 60 3.00
 405  5585 255.6 229 13.0  0.01 58 2.40
2020061503009001  990.6 0.00 0   750.0   300.0   292.6    8.00   235.0     4.1   293.6
1008   235 291.3 223  4.1  0.01 69 5.97
 993   370 290.4 223  4.3  0.01 69 5.88
 962   640 288.6 223  4.8  0.01 69 5.70
 912  1089 285.6 224  5.5  0.01 68 5.40
 861  1540 282.6 224  6.2  0.01 67 5.10
 810  1989 279.6 225  7.0  0.01 66 4.80
 709  2890 273.6 226  8.5  0.01 64 4.20
 608  3790 267.6 227 10.0  0.01 62 3.60
 506  4690 261.6 228 11.5  0.01 60 3.00
 405  5590 255.6 229 13.0  0.01 58 2.40
2020061503010001  990.1 0.00 0   750.0   300.0   292.6    8.00   235.0     4.1   293.6
1008   240 291.3 223  4.1  0.01 69 5.97
 993   375 290.4 223  4.3  0.01 69 5.88
 962   645 288.6 223  4.8  0.01 69 5.70
 912  1094 285.6 224  5.5  0.01 68 5.40
 861  1545 282.6 224  6.2  0.01 67 5.10
 810  1994 279.6 225  7.0  0.01 66 4.80
 709  2895 273.6 226  8.5  0.01 64 4.20
 608  3795 267.6 227 10.0  0.01 62 3.60
 506  4695 261.6 228 11.5  0.01 60 3.00
 405  5595 255.6 229 13.0  0.01 58 2.40
2020061503011001  989.5 0.00 0   750.0   300.0   292.6    8.00   235.0     4.1   293.6
1008   245 291.3 223  4.1  0.01 69 5.97
 993   380 290.4 223  4.3  0.01 69 5.88
 962   650 288.6 223  4.8  0.01 69 5.70
 912  1099 285.6 224  5.5  0.01 68 5.40
 861  1550 282.6 224  6.2  0.01 67 5.10
 810  1999 279.6 225  7.0  0.01 66 4.80
 709  2900 273.6 226  8.5  0.01 64 4.20
 608  3800 267.6 227 10.0  0.01 62 3.60
 506  4700 261.6 228 11.5  0.01 60 3.00
 405  5600 255.6 229 13.0  0.01 58 2.40
2020061503012001  988.9 0.00 0   750.0   300.0   292.6    8.00   235.0     4.1   293.6
1008   250 291.3 223  4.1  0.01 69 5.97
 993   385 290.4 223  4.3  0.01 69 5.88
 962   655 288.6 223  4.8  0.01 69 5.70
 912  1104 285.6 224  5.5  0.01 68 5.40
 861  1555 282.6 224  6.2  0.01 67 5.10
 810  2004 279.6 225  7.0  0.01 66 4.80
 709  2905 273.6 226  8.5  0.01 64 4.20
 608  3805 267.6 227 10.0  0.01 62 3.60
 506  4705 261.6 228 11.5  0.01 60 3.00
 405  5605 255.6 229 13.0  0.01 58 2.40
2020061503013001  988.3 0.00 0   750.0   300.0   292.6    8.00   235.0     4.1   293.6
1008   255 291.3 223  4.1  0.01 69 5.97
 993   390 290.4 223  4.3  0.01 69 5.88
 962   660 288.6 223  4.8  0.01 69 5.70
 912  1109 285.6 224  5.5  0.01 68 5.40
 861  1560 282.6 224  6.2  0.01 67 5.10
 810  2009 279.6 225  7.0  0.01 66 4.80
 709  2910 273.6 226  8.5  0.01 64 4.20
 608  3810 267.6 227 10.0  0.01 62 3.60
 506  4710 261.6 228 11.5  0.01 60 3.00
 405  5610 255.6 229 13.0  0.01 58 2.40
2020061503014001  987.7 0.00 0   750.0   300.0   292.6    8.00   235.0     4.1   293.6
1008   260 291.3 223  4.1  0.01 69 5.97
 993   395 290.4 223  4.3  0.01 69 5.88
 962   665 288.6 223  4.8  0.01 69 5.70
 912  1114 285.6 224  5.5  0.01 68 5.40
 861  1565 282.6 224  6.2  0.01 67 5.10
 810  2014 279.6 225  7.0  0.01 66 4.80
 709  2915 273.6 226  8.5  0.01 64 4.20
 608  3815 267.6 227 10.0  0.01 62 3.60
 506  4715 261.6 228 11.5  0.01 60 3.00
 405  5615 255.6 229 13.0  0.01 58 2.40
2020061503001002  995.0 0.00 0   750.0   300.0   292.5    8.00   235.0     4.1   293.5
1008   198 291.3 223  4.1  0.01 69 5.97
 993   333 290.4 223  4.3  0.01 69 5.88
 962   603 288.6 223  4.8  0.01 69 5.70
 912  1052 285.6 224  5.5  0.01 68 5.40
 861  1503 282.6 224  6.2  0.01 67 5.10
 810  1952 279.6 225  7.0  0.01 66 4.80
 709  2853 273.6 226  8.5  0.01 64 4.20
 608  3753 267.6 227 10.0  0.01 62 3.60
 506  4653 261.6 228 11.5  0.01 60 3.00
 405  5553 255.6 229 13.0  0.01 58 2.40
2020061503002002  994.4 0.00 0   750.0   300.0   292.5    8.00   235.0     4.1   293.5
1008   203 291.3 223  4.1  0.01 69 5.97
 993   338 290.4 223  4.3  0.01 69 5.88
 962   608 288.6 223  4.8  0.01 69 5.70
 912  1057 285.6 224  5.5  0.01 68 5.40
 861  1508 282.6 224  6.2  0.01 67 5.10
 810  1957 279.6 225  7.0  0.01 66 4.80
 709  2858 273.6 226  8.5  0.01 64 4.20
 608  3758 267.6 227 10.0  0.01 62 3.60
 506  4658 261.6 228 11.5  0.01 60 3.00
 405  5558 255.6 229 13.0  0.01 58 2.40
2020061503003002  993.8 0.00 0   750.0   300.0   292.5    8.00   235.0     4.1   293.5
1008   208 291.3 223  4.1  0.01 69 5.97
 993   343 290.4 223  4.3  0.01 69 5.88
 962   613 288.6 223  4.8  0.01 69 5.70
 912  1062 285.6 224  5.5  0.01 68 5.40
 861  1513 282.6 224  6.2  0.01 67 5.10
 810  1962 279.6 225  7.0  0.01 66 4.80
 709  2863 273.6 226  8.5  0.01 64 4.20
 608  3763 267.6 227 10.0  0.01 62 3.60
 506  4663 261.6 228 11.5  0.01 60 3.00
 405  5563 255.6 229 13.0  0.01 58 2.40
2020061503004002  993.2 0.00 0   750.0   300.0   292.5    8.00   235.0     4.1   293.5
1008   213 291.3 223  4.1  0.01 69 5.97
 993   348 290.4 223  4.3  0.01 69 5.88
 962   618 288.6 223  4.8  0.01 69 5.70
 912  1067 285.6 224  5.5  0.01 68 5.40
 861  1518 282.6 224  6.2  0.01 67 5.10
 810  1967 279.6 225  7.0  0.01 66 4.80
 709  2868 273.6 226  8.5  0.01 64 4.20
 608  3768 267.6 227 10.0  0.01 62 3.60
 506  4668 261.6 228 11.5  0.01 60 3.00
 405  5568 255.6 229 13.0  0.01 58 2.40
2020061503005002  992.6 0.00 0   750.0   300.0   292.6    8.00   235.0     4.1   293.6
1008   218 291.3 223  4.1  0.01 69 5.97
 993   353 290.4 223  4.3  0.01 69 5.88
 962   623 288.6 223  4.8  0.01 69 5.70
 912  1072 285.6 224  5.5  0.01 68 5.40
 861  1523 282.6 224  6.2  0.01 67 5.10
 810  1972 279.6 225  7.0  0.01 66 4.80
 709  2873 273.6 226  8.5  0.01 64 4.20
 608  3773 267.6 227 10.0  0.01 62 3.60
 506  4673 261.6 228 11.5  0.01 60 3.00
 405  5573 255.6 229 13.0  0.01 58 2.40
2020061503006002  992.1 0.00 0   750.0   300.0   292.6    8.00   235.0     4.1   293.6
1008   223 291.3 223  4.1  0.01 69 5.97
 993   358 290.4 223  4.3  0.01 69 5.88
 962   628 288.6 223  4.8  0.01 69 5.70
 912  1077 285.6 224  5.5  0.01 68 5.40
 861  1528 282.6 224  6.2  0.01 67 5.10
 810  1977 279.6 225  7.0  0.01 66 4.80
 709  2878 273.6 226  8.5  0.01 64 4.20
 608  3778 267.6 227 10.0  0.01 62 3.60
 506  4678 261.6 228 11.5  0.01 60 3.00
 405  5578 255.6 229 13.0  0.01 58 2.40
2020061503007002  991.5 0.00 0   750.0   300.0   292.6    8.00   235.0     4.1   293.6
1008   228 291.3 223  4.1  0.01 69 5.97
 993   363 290.4 223  4.3  0.01 69 5.88
 962   633 288.6 223  4.8  0.01 69 5.70
 912  1082 285.6 224  5.5  0.01 68 5.40
 861  1533 282.6 224  6.2  0.01 67 5.10
 810  1982 279.6 225  7.0  0.01 66 4.80
 709  2883 273.6 226  8.5  0.01 64 4.20
 608  3783 267.6 227 10.0  0.01 62 3.60
 506  4683 261.6 228 11.5  0.01 60 3.00
 405  5583 255.6 229 13.0  0.01 58 2.40
2020061503008002  990.9 0.00 0   750.0   300.0   292.6    8.00   235.0     4.1   293.6
1008   233 291.3 223  4.1  0.01 69 5.97
 993   368 290.4 223  4.3  0.01 69 5.88
 962   638 288.6 223  4.8  0.01 69 5.70
 912  1087 285.6 224  5.5  0.01 68 5.40
 861  1538 282.6 224  6.2  0.01 67 5.10
 810  1987 279.6 225  7.0  0.01 66 4.80
 709  2888 273.6 226  8.5  0.01 64 4.20
 608  3788 267.6 227 10.0  0.01 62 3.60
 506  4688 261.6 228 11.5  0.01 60 3.00
 405  5588 255.6 229 13.0  0.01 58 2.40
2020061503009002  990.3 0.00 0   750.0   300.0   292.6    8.00   235.0     4.1   293.6
1008   238 291.3 223  4.1  0.01 69 5.97
 993   373 290.4 223  4.3  0.01 69 5.88
 962   643 288.6 223  4.8  0.01 69 5.70
 912  1092 285.6 224  5.5  0.01 68 5.40
 861  1543 282.6 224  6.2  0.01 67 5.10
 810  1992 279.6 225  7.0  0.01 66 4.80
 709  2893 273.6 226  8.5  0.01 64 4.20
 608  3793 267.6 227 10.0  0.01 62 3.60
 506  4693 261.6 228 11.5  0.01 60 3.00
 405  5593 255.6 229 13.0  0.01 58 2.40
2020061503010002  989.7 0.00 0   750.0   300.0   292.6    8.00   235.0     4.1   293.6
1008   243 291.3 223  4.1  0.01 69 5.97
 993   378 290.4 223  4.3  0.01 69 5.88
 962   648 288.6 223  4.8  0.01 69 5.70
 912  1097 285.6 224  5.5  0.01 68 5.40
 861  1548 282.6 224  6.2  0.01 67 5.10
 810  1997 279.6 225  7.0  0.01 66 4.80
 709  2898 273.6 226  8.5  0.01 64 4.20
 608  3798 267.6 227 10.0  0.01 62 3.60
 506  4698 261.6 228 11.5  0.01 60 3.00
 405  5598 255.6 229 13.0  0.01 58 2.40
2020061503011002  989.1 0.00 0   750.0   300.0   292.6    8.00   235.0     4.1   293.6
1008   248 291.3 223  4.1  0.01 69 5.97
 993   383 290.4 223  4.3  0.01 69 5.88
 962   653 288.6 223  4.8  0.01 69 5.70
 912  1102 285.6 224  5.5  0.01 68 5.40
 861  1553 282.6 224  6.2  0.01 67 5.10
 810  2002 279.6 225  7.0  0.01 66 4.80
 709  2903 273.6 226  8.5  0.01 64 4.20
 608  3803 267.6 227 10.0  0.01 62 3.60
 506  4703 261.6 228 11.5  0.01 60 3.00
 405  5603 255.6 229 13.0  0.01 58 2.40
2020061503012002  988.5 0.00 0   750.0   300.0   292.6    8.00   235.0     4.1   293.6
1008   253 291.3 223  4.1  0.01 69 5.97
 993   388 290.4 223  4.3  0.01 69 5.88
 962   658 288.6 223  4.8  0.01 69 5.70
 912  1107 285.6 224  5.5  0.01 68 5.40
 861  1558 282.6 224  6.2  0.01 67 5.10
 810  2007 279.6 225  7.0  0.01 66 4.80
 709  2908 273.6 226  8.5  0.01 64 4.20
 608  3808 267.6 227 10.0  0.01 62 3.60
 506  4708 261.6 228 11.5  0.01 60 3.00
 405  5608 255.6 229 13.0  0.01 58 2.40
2020061503013002  987.9 0.00 0   750.0   300.0   292.6    8.00   235.0     4.1   293.6
1008   258 291.3 223  4.1  0.01 69 5.97
 993   393 290.4 223  4.3  0.01 69 5.88
 962   663 288.6 223  4.8  0.01 69 5.70
 912  1112 285.6 224  5.5  0.01 68 5.40
 861  1563 282.6 224  6.2  0.01 67 5.10
 810  2012 279.6 225  7.0  0.01 66 4.80
 709  2913 273.6 226  8.5  0.01 64 4.20
 608  3813 267.6 227 10.0  0.01 62 3.60
 506  4713 261.6 228 11.5  0.01 60 3.00
 405  5613 255.6 229 13.0  0.01 58 2.40
2020061503014002  987.4 0.00 0   750.0   300.0   292.6    8.00   235.0     4.1   293.6
1008   263 291.3 223  4.1  0.01 69 5.97
 993   398 290.4 223  4.3  0.01 69 5.88
 962   668 288.6 223  4.8  0.01 69 5.70
 912  1117 285.6 224  5.5  0.01 68 5.40
 861  1568 282.6 224  6.2  0.01 67 5.10
 810  2017 279.6 225  7.0  0.01 66 4.80
 709  2918 273.6 226  8.5  0.01 64 4.20
 608  3818 267.6 227 10.0  0.01 62 3.60
 506  4718 261.6 228 11.5  0.01 60 3.00
 405  5618 255.6 229 13.0  0.01 58 2.40
2020061503001003  994.6 0.00 0   750.0   300.0   292.5    8.00   235.0     4.1   293.5
1008   201 291.3 223  4.1  0.01 69 5.97
 993   336 290.4 223  4.3  0.01 69 5.88
 962   606 288.6 223  4.8  0.01 69 5.70
 912  1055 285.6 224  5.5  0.01 68 5.40
 861  1506 282.6 224  6.2  0.01 67 5.10
 810  1955 279.6 225  7.0  0.01 66 4.80
 709  2856 273.6 226  8.5  0.01 64 4.20
 608  3756 267.6 227 10.0  0.01 62 3.60
 506  4656 261.6 228 11.5  0.01 60 3.00
 405  5556 255.6 229 13.0  0.01 58 2.40
2020061503002003  994.1 0.00 0   750.0   300.0   292.5    8.00   235.0     4.1   293.5
1008   206 291.3 223  4.1  0.01 69 5.97
 993   341 290.4 223  4.3  0.01 69 5.88
 962   611 288.6 223  4.8  0.01 69 5.70
 912  1060 285.6 224  5.5  0.01 68 5.40
 861  1511 282.6 224  6.2  0.01 67 5.10
 810  1960 279.6 225  7.0  0.01 66 4.80
 709  2861 273.6 226  8.5  0.01 64 4.20
 608  3761 267.6 227 10.0  0.01 62 3.60
 506  4661 261.6 228 11.5  0.01 60 3.00
 405  5561 255.6 229 13.0  0.01 58 2.40
2020061503003003  993.5 0.00 0   750.0   300.0   292.5    8.00   235.0     4.1   293.5
1008   211 291.3 223  4.1  0.01 69 5.97
 993   346 290.4 223  4.3  0.01 69 5.88
 962   616 288.6 223  4.8  0.01 69 5.70
 912  1065 285.6 224  5.5  0.01 68 5.40
 861  1516 282.6 224  6.2  0.01 67 5.10
 810  1965 279.6 225  7.0  0.01 66 4.80
 709  2866 273.6 226  8.5  0.01 64 4.20
 608  3766 267.6 227 10.0  0.01 62 3.60
 506  4666 261.6 228 11.5  0.01 60 3.00
 405  5566 255.6 229 13.0  0.01 58 2.40
2020061503004003  992.9 0.00 0   750.0   300.0   292.6    8.00   235.0     4.1   293.6
1008   216 291.3 223  4.1  0.01 69 5.97
 993   351 290.4 223  4.3  0.01 69 5.88
 962   621 288.6 223  4.8  0.01 69 5.70
 912  1070 285.6 224  5.5  0.01 68 5.40
 861  1521 282.6 224  6.2  0.01 67 5.10
 810  1970 279.6 225  7.0  0.01 66 4.80
 709  2871 273.6 226  8.5  0.01 64 4.20
 608  3771 267.6 227 10.0  0.01 62 3.60
 506  4671 261.6 228 11.5  0.01 60 3.00
 405  5571 255.6 229 13.0  0.01 58 2.40
2020061503005003  992.3 0.00 0   750.0   300.0   292.6    8.00   235.0     4.1   293.6
1008   221 291.3 223  4.1  0.01 69 5.97
 993   356 290.4 223  4.3  0.01 69 5.88
 962   626 288.6 223  4.8  0.01 69 5.70
 912  1075 285.6 224  5.5  0.01 68 5.40
 861  1526 282.6 224  6.2  0.01 67 5.10
 810  1975 279.6 225  7.0  0.01 66 4.80
 709  2876 273.6 226  8.5  0.01 64 4.20
 608  3776 267.6 227 10.0  0.01 62 3.60
 506  4676 261.6 228 11.5  0.01 60 3.00
 405  5576 255.6 229 13.0  0.01 58 2.40
2020061503006003  991.7 0.00 0   750.0   300.0   292.6    8.00   235.0     4.1   293.6
1008   226 291.3 223  4.1  0.01 69 5.97
 993   361 290.4 223  4.3  0.01 69 5.88
 962   631 288.6 223  4.8  0.01 69 5.70
 912  1080 285.6 224  5.5  0.01 68 5.40
 861  1531 282.6 224  6.2  0.01 67 5.10
 810  1980 279.6 225  7.0  0.01 66 4.80
 709  2881 273.6 226  8.5  0.01 64 4.20
 608  3781 267.6 227 10.0  0.01 62 3.60
 506  4681 261.6 228 11.5  0.01 60 3.00
 405  5581 255.6 229 13.0  0.01 58 2.40
2020061503007003  991.1 0.00 0   750.0   300.0   292.6    8.00   235.0     4.1   293.6
1008   231 291.3 223  4.1  0.01 69 5.97
 993   366 290.4 223  4.3  0.01 69 5.88
 962   636 288.6 223  4.8  0.01 69 5.70
 912  1085 285.6 224  5.5  0.01 68 5.40
 861  1536 282.6 224  6.2  0.01 67 5.10
 810  1985 279.6 225  7.0  0.01 66 4.80
 709  2886 273.6 226  8.5  0.01 64 4.20
 608  3786 267.6 227 10.0  0.01 62 3.60
 506  4686 261.6 228 11.5  0.01 60 3.00
 405  5586 255.6 229 13.0  0.01 58 2.40
2020061503008003  990.5 0.00 0   750.0   300.0   292.6    8.00   235.0     4.1   293.6
1008   236 291.3 223  4.1  0.01 69 5.97
 993   371 290.4 223  4.3  0.01 69 5.88
 962   641 288.6 223  4.8  0.01 69 5.70
 912  1090 285.6 224  5.5  0.01 68 5.40
 861  1541 282.6 224  6.2  0.01 67 5.10
 810  1990 279.6 225  7.0  0.01 66 4.80
 709  2891 273.6 226  8.5  0.01 64 4.20
 608  3791 267.6 227 10.0  0.01 62 3.60
 506  4691 261.6 228 11.5  0.01 60 3.00
 405  5591 255.6 229 13.0  0.01 58 2.40
2020061503009003  989.9 0.00 0   750.0   300.0   292.6    8.00   235.0     4.1   293.6
1008   241 291.3 223  4.1  0.01 69 5.97
 993   376 290.4 223  4.3  0.01 69 5.88
 962   646 288.6 223  4.8  0.01 69 5.70
 912  1095 285.6 224  5.5  0.01 68 5.40
 861  1546 282.6 224  6.2  0.01 67 5.10
 810  1995 279.6 225  7.0  0.01 66 4.80
 709  2896 273.6 226  8.5  0.01 64 4.20
 608  3796 267.6 227 10.0  0.01 62 3.60
 506  4696 261.6 228 11.5  0.01 60 3.00
 405  5596 255.6 229 13.0  0.01 58 2.40
2020061503010003  989.4 0.00 0   750.0   300.0   292.6    8.00   235.0     4.1   293.6
1008   246 291.3 223  4.1  0.01 69 5.97
 993   381 290.4 223  4.3  0.01 69 5.88
 962   651 288.6 223  4.8  0.01 69 5.70
 912  1100 285.6 224  5.5  0.01 68 5.40
 861  1551 282.6 224  6.2  0.01 67 5.10
 810  2000 279.6 225  7.0  0.01 66 4.80
 709  2901 273.6 226  8.5  0.01 64 4.20
 608  3801 267.6 227 10.0  0.01 62 3.60
 506  4701 261.6 228 11.5  0.01 60 3.00
 405  5601 255.6 229 13.0  0.01 58 2.40
2020061503011003  988.8 0.00 0   750.0   300.0   292.6    8.00   235.0     4.1   293.6
1008   251 291.3 223  4.1  0.01 69 5.97
 993   386 290.4 223  4.3  0.01 69 5.88
 962   656 288.6 223  4.8  0.01 69 5.70
 912  1105 285.6 224  5.5  0.01 68 5.40
 861  1556 282.6 224  6.2  0.01 67 5.10
 810  2005 279.6 225  7.0  0.01 66 4.80
 709  2906 273.6 226  8.5  0.01 64 4.20
 608  3806 267.6 227 10.0  0.01 62 3.60
 506  4706 261.6 228 11.5  0.01 60 3.00
 405  5606 255.6 229 13.0  0.01 58 2.40
2020061503012003  988.2 0.00 0   750.0   300.0   292.6    8.00   235.0     4.1   293.6
1008   256 291.3 223  4.1  0.01 69 5.97
 993   391 290.4 223  4.3  0.01 69 5.88
 962   661 288.6 223  4.8  0.01 69 5.70
 912  1110 285.6 224  5.5  0.01 68 5.40
 861  1561 282.6 224  6.2  0.01 67 5.10
 810  2010 279.6 225  7.0  0.01 66 4.80
 709  2911 273.6 226  8.5  0.01 64 4.20
 608  3811 267.6 227 10.0  0.01 62 3.60
 506  4711 261.6 228 11.5  0.01 60 3.00
 405  5611 255.6 229 13.0  0.01 58 2.40
2020061503013003  987.6 0.00 0   750.0   300.0   292.6    8.00   235.0     4.1   293.6
1008   261 291.3 223  4.1  0.01 69 5.97
 993   396 290.4 223  4.3  0.01 69 5.88
 962   666 288.6 223  4.8  0.01 69 5.70
 912  1115 285.6 224  5.5  0.01 68 5.40
 861  1566 282.6 224  6.2  0.01 67 5.10
 810  2015 279.6 225  7.0  0.01 66 4.80
 709  2916 273.6 226  8.5  0.01 64 4.20
 608  3816 267.6 227 10.0  0.01 62 3.60
 506  4716 261.6 228 11.5  0.01 60 3.00
 405  5616 255.6 229 13.0  0.01 58 2.40
2020061503014003  987.0 0.00 0   750.0   300.0   292.6    8.00   235.0     4.1   293.6
1008   266 291.3 223  4.1  0.01 69 5.97
 993   401 290.4 223  4.3  0.01 69 5.88
 962   671 288.6 223  4.8  0.01 69 5.70
 912  1120 285.6 224  5.5  0.01 68 5.40
 861  1571 282.6 224  6.2  0.01 67 5.10
 810  2020 279.6 225  7.0  0.01 66 4.80
 709  2921 273.6 226  8.5  0.01 64 4.20
 608  3821 267.6 227 10.0  0.01 62 3.60
 506  4721 261.6 228 11.5  0.01 60 3.00
 405  5621 255.6 229 13.0  0.01 58 2.40
2020061503001004  994.3 0.00 0   750.0   300.0   292.5    8.00   235.0     4.1   293.5
1008   204 291.3 223  4.1  0.01 69 5.97
 993   339 290.4 223  4.3  0.01 69 5.88
 962   609 288.6 223  4.8  0.01 69 5.70
 912  1058 285.6 224  5.5  0.01 68 5.40
 861  1509 282.6 224  6.2  0.01 67 5.10
 810  1958 279.6 225  7.0  0.01 66 4.80
 709  2859 273.6 226  8.5  0.01 64 4.20
 608  3759 267.6 227 10.0  0.01 62 3.60
 506  4659 261.6 228 11.5  0.01 60 3.00
 405  5559 255.6 229 13.0  0.01 58 2.40
2020061503002004  993.7 0.00 0   750.0   300.0   292.5    8.00   235.0     4.1   293.5
1008   209 291.3 223  4.1  0.01 69 5.97
 993   344 290.4 223  4.3  0.01 69 5.88
 962   614 288.6 223  4.8  0.01 69 5.70
 912  1063 285.6 224  5.5  0.01 68 5.40
 861  1514 282.6 224  6.2  0.01 67 5.10
 810  1963 279.6 225  7.0  0.01 66 4.80
 709  2864 273.6 226  8.5  0.01 64 4.20
 608  3764 267.6 227 10.0  0.01 62 3.60
 506  4664 261.6 228 11.5  0.01 60 3.00
 405  5564 255.6 229 13.0  0.01 58 2.40
2020061503003004  993.1 0.00 0   750.0   300.0   292.6    8.00   235.0     4.1   293.6
1008   214 291.3 223  4.1  0.01 69 5.97
 993   349 290.4 223  4.3  0.01 69 5.88
 962   619 288.6 223  4.8  0.01 69 5.70
 912  1068 285.6 224  5.5  0.01 68 5.40
 861  1519 282.6 224  6.2  0.01 67 5.10
 810  1968 279.6 225  7.0  0.01 66 4.80
 709  2869 273.6 226  8.5  0.01 64 4.20
 608  3769 267.6 227 10.0  0.01 62 3.60
 506  4669 261.6 228 11.5  0.01 60 3.00
 405  5569 255.6 229 13.0  0.01 58 2.40
2020061503004004  992.5 0.00 0   750.0   300.0   292.6    8.00   235.0     4.1   293.6
1008   219 291.3 223  4.1  0.01 69 5.97
 993   354 290.4 223  4.3  0.01 69 5.88
 962   624 288.6 223  4.8  0.01 69 5.70
 912  1073 285.6 224  5.5  0.01 68 5.40
 861  1524 282.6 224  6.2  0.01 67 5.10
 810  1973 279.6 225  7.0  0.01 66 4.80
 709  2874 273.6 226  8.5  0.01 64 4.20
 608  3774 267.6 227 10.0  0.01 62 3.60
 506  4674 261.6 228 11.5  0.01 60 3.00
 405  5574 255.6 229 13.0  0.01 58 2.40
2020061503005004  991.9 0.00 0   750.0   300.0   292.6    8.00   235.0     4.1   293.6
1008   224 291.3 223  4.1  0.01 69 5.97
 993   359 290.4 223  4.3  0.01 69 5.88
 962   629 288.6 223  4.8  0.01 69 5.70
 912  1078 285.6 224  5.5  0.01 68 5.40
 861  1529 282.6 224  6.2  0.01 67 5.10
 810  1978 279.6 225  7.0  0.01 66 4.80
 709  2879 273.6 226  8.5  0.01 64 4.20
 608  3779 267.6 227 10.0  0.01 62 3.60
 506  4679 261.6 228 11.5  0.01 60 3.00
 405  5579 255.6 229 13.0  0.01 58 2.40
2020061503006004  991.4 0.00 0   750.0   300.0   292.6    8.00   235.0     4.1   293.6
1008   229 291.3 223  4.1  0.01 69 5.97
 993   364 290.4 223  4.3  0.01 69 5.88
 962   634 288.6 223  4.8  0.01 69 5.70
 912  1083 285.6 224  5.5  0.01 68 5.40
 861  1534 282.6 224  6.2  0.01 67 5.10
 810  1983 279.6 225  7.0  0.01 66 4.80
 709  2884 273.6 226  8.5  0.01 64 4.20
 608  3784 267.6 227 10.0  0.01 62 3.60
 506  4684 261.6 228 11.5  0.01 60 3.00
 405  5584 255.6 229 13.0  0.01 58 2.40
2020061503007004  990.8 0.00 0   750.0   300.0   292.6    8.00   235.0     4.1   293.6
1008   234 291.3 223  4.1  0.01 69 5.97
 993   369 290.4 223  4.3  0.01 69 5.88
 962   639 288.6 223  4.8  0.01 69 5.70
 912  1088 285.6 224  5.5  0.01 68 5.40
 861  1539 282.6 224  6.2  0.01 67 5.10
 810  1988 279.6 225  7.0  0.01 66 4.80
 709  2889 273.6 226  8.5  0.01 64 4.20
 608  3789 267.6 227 10.0  0.01 62 3.60
 506  4689 261.6 228 11.5  0.01 60 3.00
 405  5589 255.6 229 13.0  0.01 58 2.40
2020061503008004  990.2 0.00 0   750.0   300.0   292.6    8.00   235.0     4.1   293.6
1008   239 291.3 223  4.1  0.01 69 5.97
 993   374 290.4 223  4.3  0.01 69 5.88
 962   644 288.6 223  4.8  0.01 69 5.70
 912  1093 285.6 224  5.5  0.01 68 5.40
 861  1544 282.6 224  6.2  0.01 67 5.10
 810  1993 279.6 225  7.0  0.01 66 4.80
 709  2894 273.6 226  8.5  0.01 64 4.20
 608  3794 267.6 227 10.0  0.01 62 3.60
 506  4694 261.6 228 11.5  0.01 60 3.00
 405  5594 255.6 229 13.0  0.01 58 2.40
2020061503009004  989.6 0.00 0   750.0   300.0   292.6    8.00   235.0     4.1   293.6
1008   244 291.3 223  4.1  0.01 69 5.97
 993   379 290.4 223  4.3  0.01 69 5.88
 962   649 288.6 223  4.8  0.01 69 5.70
 912  1098 285.6 224  5.5  0.01 68 5.40
 861  1549 282.6 224  6.2  0.01 67 5.10
 810  1998 279.6 225  7.0  0.01 66 4.80
 709  2899 273.6 226  8.5  0.01 64 4.20
 608  3799 267.6 227 10.0  0.01 62 3.60
 506  4699 261.6 228 11.5  0.01 60 3.00
 405  5599 255.6 229 13.0  0.01 58 2.40
2020061503010004  989.0 0.00 0   750.0   300.0   292.6    8.00   235.0     4.1   293.6
1008   249 291.3 223  4.1  0.01 69 5.97
 993   384 290.4 223  4.3  0.01 69 5.88
 962   654 288.6 223  4.8  0.01 69 5.70
 912  1103 285.6 224  5.5  0.01 68 5.40
 861  1554 282.6 224  6.2  0.01 67 5.10
 810  2003 279.6 225  7.0  0.01 66 4.80
 709  2904 273.6 226  8.5  0.01 64 4.20
 608  3804 267.6 227 10.0  0.01 62 3.60
 506  4704 261.6 228 11.5  0.01 60 3.00
 405  5604 255.6 229 13.0  0.01 58 2.40
2020061503011004  988.4 0.00 0   750.0   300.0   292.6    8.00   235.0     4.1   293.6
1008   254 291.3 223  4.1  0.01 69 5.97
 993   389 290.4 223  4.3  0.01 69 5.88
 962   659 288.6 223  4.8  0.01 69 5.70
 912  1108 285.6 224  5.5  0.01 68 5.40
 861  1559 282.6 224  6.2  0.01 67 5.10
 810  2008 279.6 225  7.0  0.01 66 4.80
 709  2909 273.6 226  8.5  0.01 64 4.20
 608  3809 267.6 227 10.0  0.01 62 3.60
 506  4709 261.6 228 11.5  0.01 60 3.00
 405  5609 255.6 229 13.0  0.01 58 2.40
2020061503012004  987.8 0.00 0   750.0   300.0   292.6    8.00   235.0     4.1   293.6
1008   259 291.3 223  4.1  0.01 69 5.97
 993   394 290.4 223  4.3  0.01 69 5.88
 962   664 288.6 223  4.8  0.01 69 5.70
 912  1113 285.6 224  5.5  0.01 68 5.40
 861  1564 282.6 224  6.2  0.01 67 5.10
 810  2013 279.6 225  7.0  0.01 66 4.80
 709  2914 273.6 226  8.5  0.01 64 4.20
 608  3814 267.6 227 10.0  0.01 62 3.60
 506  4714 261.6 228 11.5  0.01 60 3.00
 405  5614 255.6 229 13.0  0.01 58 2.40
2020061503013004  987.2 0.00 0   750.0   300.0   292.6    8.00   235.0     4.1   293.6
1008   264 291.3 223  4.1  0.01 69 5.97
 993   399 290.4 223  4.3  0.01 69 5.88
 962   669 288.6 223  4.8  0.01 69 5.70
 912  1118 285.6 224  5.5  0.01 68 5.40
 861  1569 282.6 224  6.2  0.01 67 5.10
 810  2018 279.6 225  7.0  0.01 66 4.80
 709  2919 273.6 226  8.5  0.01 64 4.20
 608  3819 267.6 227 10.0  0.01 62 3.60
 506  4719 261.6 228 11.5  0.01 60 3.00
 405  5619 255.6 229 13.0  0.01 58 2.40
2020061503014004  986.6 0.00 0   750.0   300.0   292.7    8.00   235.0     4.1   293.7
1008   269 291.3 223  4.1  0.01 69 5.97
 993   404 290.4 223  4.3  0.01 69 5.88
 962   674 288.6 223  4.8  0.01 69 5.70
 912  1123 285.6 224  5.5  0.01 68 5.40
 861  1574 282.6 224  6.2  0.01 67 5.10
 810  2023 279.6 225  7.0  0.01 66 4.80
 709  2924 273.6 226  8.5  0.01 64 4.20
 608  3824 267.6 227 10.0  0.01 62 3.60
 506  4724 261.6 228 11.5  0.01 60 3.00
 405  5624 255.6 229 13.0  0.01 58 2.40
2020061503001005  993.9 0.00 0   750.0   300.0   292.5    8.00   235.0     4.1   293.5
1008   207 291.3 223  4.1  0.01 69 5.97
 993   342 290.4 223  4.3  0.01 69 5.88
 962   612 288.6 223  4.8  0.01 69 5.70
 912  1061 285.6 224  5.5  0.01 68 5.40
 861  1512 282.6 224  6.2  0.01 67 5.10
 810  1961 279.6 225  7.0  0.01 66 4.80
 709  2862 273.6 226  8.5  0.01 64 4.20
 608  3762 267.6 227 10.0  0.01 62 3.60
 506  4662 261.6 228 11.5  0.01 60 3.00
 405  5562 255.6 229 13.0  0.01 58 2.40
2020061503002005  993.4 0.00 0   750.0   300.0   292.6    8.00   235.0     4.1   293.6
1008   212 291.3 223  4.1  0.01 69 5.97
 993   347 290.4 223  4.3  0.01 69 5.88
 962   617 288.6 223  4.8  0.01 69 5.70
 912  1066 285.6 224  5.5  0.01 68 5.40
 861  1517 282.6 224  6.2  0.01 67 5.10
 810  1966 279.6 225  7.0  0.01 66 4.80
 709  2867 273.6 226  8.5  0.01 64 4.20
 608  3767 267.6 227 10.0  0.01 62 3.60
 506  4667 261.6 228 11.5  0.01 60 3.00
 405  5567 255.6 229 13.0  0.01 58 2.40
2020061503003005  992.8 0.00 0   750.0   300.0   292.6    8.00   235.0     4.1   293.6
1008   217 291.3 223  4.1  0.01 69 5.97
 993   352 290.4 223  4.3  0.01 69 5.88
 962   622 288.6 223  4.8  0.01 69 5.70
 912  1071 285.6 224  5.5  0.01 68 5.40
 861  1522 282.6 224  6.2  0.01 67 5.10
 810  1971 279.6 225  7.0  0.01 66 4.80
 709  2872 273.6 226  8.5  0.01 64 4.20
 608  3772 267.6 227 10.0  0.01 62 3.60
 506  4672 261.6 228 11.5  0.01 60 3.00
 405  5572 255.6 229 13.0  0.01 58 2.40
2020061503004005  992.2 0.00 0   750.0   300.0   292.6    8.00   235.0     4.1   293.6
1008   222 291.3 223  4.1  0.01 69 5.97
 993   357 290.4 223  4.3  0.01 69 5.88
 962   627 288.6 223  4.8  0.01 69 5.70
 912  1076 285.6 224  5.5  0.01 68 5.40
 861  1527 282.6 224  6.2  0.01 67 5.10
 810  1976 279.6 225  7.0  0.01 66 4.80
 709  2877 273.6 226  8.5  0.01 64 4.20
 608  3777 267.6 227 10.0  0.01 62 3.60
 506  4677 261.6 228 11.5  0.01 60 3.00
 405  5577 255.6 229 13.0  0.01 58 2.40
2020061503005005  991.6 0.00 0   750.0   300.0   292.6    8.00   235.0     4.1   293.6
1008   227 291.3 223  4.1  0.01 69 5.97
 993   362 290.4 223  4.3  0.01 69 5.88
 962   632 288.6 223  4.8  0.01 69 5.70
 912  1081 285.6 224  5.5  0.01 68 5.40
 861  1532 282.6 224  6.2  0.01 67 5.10
 810  1981 279.6 225  7.0  0.01 66 4.80
 709  2882 273.6 226  8.5  0.01 64 4.20
 608  3782 267.6 227 10.0  0.01 62 3.60
 506  4682 261.6 228 11.5  0.01 60 3.00
 405  5582 255.6 229 13.0  0.01 58 2.40
2020061503006005  991.0 0.00 0   750.0   300.0   292.6    8.00   235.0     4.1   293.6
1008   232 291.3 223  4.1  0.01 69 5.97
 993   367 290.4 223  4.3  0.01 69 5.88
 962   637 288.6 223  4.8  0.01 69 5.70
 912  1086 285.6 224  5.5  0.01 68 5.40
 861  1537 282.6 224  6.2  0.01 67 5.10
 810  1986 279.6 225  7.0  0.01 66 4.80
 709  2887 273.6 226  8.5  0.01 64 4.20
 608  3787 267.6 227 10.0  0.01 62 3.60
 506  4687 261.6 228 11.5  0.01 60 3.00
 405  5587 255.6 229 13.0  0.01 58 2.40
2020061503007005  990.4 0.00 0   750.0   300.0   292.6    8.00   235.0     4.1   293.6
1008   237 291.3 223  4.1  0.01 69 5.97
 993   372 290.4 223  4.3  0.01 69 5.88
 962   642 288.6 223  4.8  0.01 69 5.70
 912  1091 285.6 224  5.5  0.01 68 5.40
 861  1542 282.6 224  6.2  0.01 67 5.10
 810  1991 279.6 225  7.0  0.01 66 4.80
 709  2892 273.6 226  8.5  0.01 64 4.20
 608  3792 267.6 227 10.0  0.01 62 3.60
 506  4692 261.6 228 11.5  0.01 60 3.00
 405  5592 255.6 229 13.0  0.01 58 2.40
2020061503008005  989.8 0.00 0   750.0   300.0   292.6    8.00   235.0     4.1   293.6
1008   242 291.3 223  4.1  0.01 69 5.97
 993   377 290.4 223  4.3  0.01 69 5.88
 962   647 288.6 223  4.8  0.01 69 5.70
 912  1096 285.6 224  5.5  0.01 68 5.40
 861  1547 282.6 224  6.2  0.01 67 5.10
 810  1996 279.6 225  7.0  0.01 66 4.80
 709  2897 273.6 226  8.5  0.01 64 4.20
 608  3797 267.6 227 10.0  0.01 62 3.60
 506  4697 261.6 228 11.5  0.01 60 3.00
 405  5597 255.6 229 13.0  0.01 58 2.40
2020061503009005  989.2 0.00 0   750.0   300.0   292.6    8.00   235.0     4.1   293.6
1008   247 291.3 223  4.1  0.01 69 5.97
 993   382 290.4 223  4.3  0.01 69 5.88
 962   652 288.6 223  4.8  0.01 69 5.70
 912  1101 285.6 224  5.5  0.01 68 5.40
 861  1552 282.6 224  6.2  0.01 67 5.10
 810  2001 279.6 225  7.0  0.01 66 4.80
 709  2902 273.6 226  8.5  0.01 64 4.20
 608  3802 267.6 227 10.0  0.01 62 3.60
 506  4702 261.6 228 11.5  0.01 60 3.00
 405  5602 255.6 229 13.0  0.01 58 2.40
2020061503010005  988.6 0.00 0   750.0   300.0   292.6    8.00   235.0     4.1   293.6
1008   252 291.3 223  4.1  0.01 69 5.97
 993   387 290.4 223  4.3  0.01 69 5.88
 962   657 288.6 223  4.8  0.01 69 5.70
 912  1106 285.6 224  5.5  0.01 68 5.40
 861  1557 282.6 224  6.2  0.01 67 5.10
 810  2006 279.6 225  7.0  0.01 66 4.80
 709  2907 273.6 226  8.5  0.01 64 4.20
 608  3807 267.6 227 10.0  0.01 62 3.60
 506  4707 261.6 228 11.5  0.01 60 3.00
 405  5607 255.6 229 13.0  0.01 58 2.40
2020061503011005  988.1 0.00 0   750.0   300.0   292.6    8.00   235.0     4.1   293.6
1008   257 291.3 223  4.1  0.01 69 5.97
 993   392 290.4 223  4.3  0.01 69 5.88
 962   662 288.6 223  4.8  0.01 69 5.70
 912  1111 285.6 224  5.5  0.01 68 5.40
 861  1562 282.6 224  6.2  0.01 67 5.10
 810  2011 279.6 225  7.0  0.01 66 4.80
 709  2912 273.6 226  8.5  0.01 64 4.20
 608  3812 267.6 227 10.0  0.01 62 3.60
 506  4712 261.6 228 11.5  0.01 60 3.00
 405  5612 255.6 229 13.0  0.01 58 2.40
2020061503012005  987.5 0.00 0   750.0   300.0   292.6    8.00   235.0     4.1   293.6
1008   262 291.3 223  4.1  0.01 69 5.97
 993   397 290.4 223  4.3  0.01 69 5.88
 962   667 288.6 223  4.8  0.01 69 5.70
 912  1116 285.6 224  5.5  0.01 68 5.40
 861  1567 282.6 224  6.2  0.01 67 5.10
 810  2016 279.6 225  7.0  0.01 66 4.80
 709  2917 273.6 226  8.5  0.01 64 4.20
 608  3817 267.6 227 10.0  0.01 62 3.60
 506  4717 261.6 228 11.5  0.01 60 3.00
 405  5617 255.6 229 13.0  0.01 58 2.40
2020061503013005  986.9 0.00 0   750.0   300.0   292.7    8.00   235.0     4.1   293.7
1008   267 291.3 223  4.1  0.01 69 5.97
 993   402 290.4 223  4.3  0.01 69 5.88
 962   672 288.6 223  4.8  0.01 69 5.70
 912  1121 285.6 224  5.5  0.01 68 5.40
 861  1572 282.6 224  6.2  0.01 67 5.10
 810  2021 279.6 225  7.0  0.01 66 4.80
 709  2922 273.6 226  8.5  0.01 64 4.20
 608  3822 267.6 227 10.0  0.01 62 3.60
 506  4722 261.6 228 11.5  0.01 60 3.00
 405  5622 255.6 229 13.0  0.01 58 2.40
2020061503014005  986.3 0.00 0   750.0   300.0   292.7    8.00   235.0     4.1   293.7
1008   272 291.3 223  4.1  0.01 69 5.97
 993   407 290.4 223  4.3  0.01 69 5.88
 962   677 288.6 223  4.8  0.01 69 5.70
 912  1126 285.6 224  5.5  0.01 68 5.40
 861  1577 282.6 224  6.2  0.01 67 5.10
 810  2026 279.6 225  7.0  0.01 66 4.80
 709  2927 273.6 226  8.5  0.01 64 4.20
 608  3827 267.6 227 10.0  0.01 62 3.60
 506  4727 261.6 228 11.5  0.01 60 3.00
 405  5627 255.6 229 13.0  0.01 58 2.40
2020061503001006  993.6 0.00 0   750.0   300.0   292.6    8.00   235.0     4.1   293.6
1008   210 291.3 223  4.1  0.01 69 5.97
 993   345 290.4 223  4.3  0.01 69 5.88
 962   615 288.6 223  4.8  0.01 69 5.70
 912  1064 285.6 224  5.5  0.01 68 5.40
 861  1515 282.6 224  6.2  0.01 67 5.10
 810  1964 279.6 225  7.0  0.01 66 4.80
 709  2865 273.6 226  8.5  0.01 64 4.20
 608  3765 267.6 227 10.0  0.01 62 3.60
 506  4665 261.6 228 11.5  0.01 60 3.00
 405  5565 255.6 229 13.0  0.01 58 2.40
2020061503002006  993.0 0.00 0   750.0   300.0   292.6    8.00   235.0     4.1   293.6
1008   215 291.3 223  4.1  0.01 69 5.97
 993   350 290.4 223  4.3  0.01 69 5.88
 962   620 288.6 223  4.8  0.01 69 5.70
 912  1069 285.6 224  5.5  0.01 68 5.40
 861  1520 282.6 224  6.2  0.01 67 5.10
 810  1969 279.6 225  7.0  0.01 66 4.80
 709  2870 273.6 226  8.5  0.01 64 4.20
 608  3770 267.6 227 10.0  0.01 62 3.60
 506  4670 261.6 228 11.5  0.01 60 3.00
 405  5570 255.6 229 13.0  0.01 58 2.40
2020061503003006  992.4 0.00 0   750.0   300.0   292.6    8.00   235.0     4.1   293.6
1008   220 291.3 223  4.1  0.01 69 5.97
 993   355 290.4 223  4.3  0.01 69 5.88
 962   625 288.6 223  4.8  0.01 69 5.70
 912  1074 285.6 224  5.5  0.01 68 5.40
 861  1525 282.6 224  6.2  0.01 67 5.10
 810  1974 279.6 225  7.0  0.01 66 4.80
 709  2875 273.6 226  8.5  0.01 64 4.20
 608  3775 267.6 227 10.0  0.01 62 3.60
 506  4675 261.6 228 11.5  0.01 60 3.00
 405  5575 255.6 229 13.0  0.01 58 2.40
2020061503004006  991.8 0.00 0   750.0   300.0   292.6    8.00   235.0     4.1   293.6
1008   225 291.3 223  4.1  0.01 69 5.97
 993   360 290.4 223  4.3  0.01 69 5.88
 962   630 288.6 223  4.8  0.01 69 5.70
 912  1079 285.6 224  5.5  0.01 68 5.40
 861  1530 282.6 224  6.2  0.01 67 5.10
 810  1979 279.6 225  7.0  0.01 66 4.80
 709  2880 273.6 226  8.5  0.01 64 4.20
 608  3780 267.6 227 10.0  0.01 62 3.60
 506  4680 261.6 228 11.5  0.01 60 3.00
 405  5580 255.6 229 13.0  0.01 58 2.40
2020061503005006  991.2 0.00 0   750.0   300.0   292.6    8.00   235.0     4.1   293.6
1008   230 291.3 223  4.1  0.01 69 5.97
 993   365 290.4 223  4.3  0.01 69 5.88
 962   635 288.6 223  4.8  0.01 69 5.70
 912  1084 285.6 224  5.5  0.01 68 5.40
 861  1535 282.6 224  6.2  0.01 67 5.10
 810  1984 279.6 225  7.0  0.01 66 4.80
 709  2885 273.6 226  8.5  0.01 64 4.20
 608  3785 267.6 227 10.0  0.01 62 3.60
 506  4685 261.6 228 11.5  0.01 60 3.00
 405  5585 255.6 229 13.0  0.01 58 2.40
2020061503006006  990.6 0.00 0   750.0   300.0   292.6    8.00   235.0     4.1   293.6
1008   235 291.3 223  4.1  0.01 69 5.97
 993   370 290.4 223  4.3  0.01 69 5.88
 962   640 288.6 223  4.8  0.01 69 5.70
 912  1089 285.6 224  5.5  0.01 68 5.40
 861  1540 282.6 224  6.2  0.01 67 5.10
 810  1989 279.6 225  7.0  0.01 66 4.80
 709  2890 273.6 226  8.5  0.01 64 4.20
 608  3790 267.6 227 10.0  0.01 62 3.60
 506  4690 261.6 228 11.5  0.01 60 3.00
 405  5590 255.6 229 13.0  0.01 58 2.40
2020061503007006  990.1 0.00 0   750.0   300.0   292.6    8.00   235.0     4.1   293.6
1008   240 291.3 223  4.1  0.01 69 5.97
 993   375 290.4 223  4.3  0.01 69 5.88
 962   645 288.6 223  4.8  0.01 69 5.70
 912  1094 285.6 224  5.5  0.01 68 5.40
 861  1545 282.6 224  6.2  0.01 67 5.10
 810  1994 279.6 225  7.0  0.01 66 4.80
 709  2895 273.6 226  8.5  0.01 64 4.20
 608  3795 267.6 227 10.0  0.01 62 3.60
 506  4695 261.6 228 11.5  0.01 60 3.00
 405  5595 255.6 229 13.0  0.01 58 2.40
2020061503008006  989.5 0.00 0   750.0   300.0   292.6    8.00   235.0     4.1   293.6
1008   245 291.3 223  4.1  0.01 69 5.97
 993   380 290.4 223  4.3  0.01 69 5.88
 962   650 288.6 223  4.8  0.01 69 5.70
 912  1099 285.6 224  5.5  0.01 68 5.40
 861  1550 282.6 224  6.2  0.01 67 5.10
 810  1999 279.6 225  7.0  0.01 66 4.80
 709  2900 273.6 226  8.5  0.01 64 4.20
 608  3800 267.6 227 10.0  0.01 62 3.60
 506  4700 261.6 228 11.5  0.01 60 3.00
 405  5600 255.6 229 13.0  0.01 58 2.40
2020061503009006  988.9 0.00 0   750.0   300.0   292.6    8.00   235.0     4.1   293.6
1008   250 291.3 223  4.1  0.01 69 5.97
 993   385 290.4 223  4.3  0.01 69 5.88
 962   655 288.6 223  4.8  0.01 69 5.70
 912  1104 285.6 224  5.5  0.01 68 5.40
 861  1555 282.6 224  6.2  0.01 67 5.10
 810  2004 279.6 225  7.0  0.01 66 4.80
 709  2905 273.6 226  8.5  0.01 64 4.20
 608  3805 267.6 227 10.0  0.01 62 3.60
 506  4705 261.6 228 11.5  0.01 60 3.00
 405  5605 255.6 229 13.0  0.01 58 2.40
2020061503010006  988.3 0.00 0   750.0   300.0   292.6    8.00   235.0     4.1   293.6
1008   255 291.3 223  4.1  0.01 69 5.97
 993   390 290.4 223  4.3  0.01 69 5.88
 962   660 288.6 223  4.8  0.01 69 5.70
 912  1109 285.6 224  5.5  0.01 68 5.40
 861  1560 282.6 224  6.2  0.01 67 5.10
 810  2009 279.6 225  7.0  0.01 66 4.80
 709  2910 273.6 226  8.5  0.01 64 4.20
 608  3810 267.6 227 10.0  0.01 62 3.60
 506  4710 261.6 228 11.5  0.01 60 3.00
 405  5610 255.6 229 13.0  0.01 58 2.40
2020061503011006  987.7 0.00 0   750.0   300.0   292.6    8.00   235.0     4.1   293.6
1008   260 291.3 223  4.1  0.01 69 5.97
 993   395 290.4 223  4.3  0.01 69 5.88
 962   665 288.6 223  4.8  0.01 69 5.70
 912  1114 285.6 224  5.5  0.01 68 5.40
 861  1565 282.6 224  6.2  0.01 67 5.10
 810  2014 279.6 225  7.0  0.01 66 4.80
 709  2915 273.6 226  8.5  0.01 64 4.20
 608  3815 267.6 227 10.0  0.01 62 3.60
 506  4715 261.6 228 11.5  0.01 60 3.00
 405  5615 255.6 229 13.0  0.01 58 2.40
2020061503012006  987.1 0.00 0   750.0   300.0   292.7    8.00   235.0     4.1   293.7
1008   265 291.3 223  4.1  0.01 69 5.97
 993   400 290.4 223  4.3  0.01 69 5.88
 962   670 288.6 223  4.8  0.01 69 5.70
 912  1119 285.6 224  5.5  0.01 68 5.40
 861  1570 282.6 224  6.2  0.01 67 5.10
 810  2019 279.6 225  7.0  0.01 66 4.80
 709  2920 273.6 226  8.5  0.01 64 4.20
 608  3820 267.6 227 10.0  0.01 62 3.60
 506  4720 261.6 228 11.5  0.01 60 3.00
 405  5620 255.6 229 13.0  0.01 58 2.40
2020061503013006  986.5 0.00 0   750.0   300.0   292.7    8.00   235.0     4.1   293.7
1008   270 291.3 223  4.1  0.01 69 5.97
 993   405 290.4 223  4.3  0.01 69 5.88
 962   675 288.6 223  4.8  0.01 69 5.70
 912  1124 285.6 224  5.5  0.01 68 5.40
 861  1575 282.6 224  6.2  0.01 67 5.10
 810  2024 279.6 225  7.0  0.01 66 4.80
 709  2925 273.6 226  8.5  0.01 64 4.20
 608  3825 267.6 227 10.0  0.01 62 3.60
 506  4725 261.6 228 11.5  0.01 60 3.00
 405  5625 255.6 229 13.0  0.01 58 2.40
2020061503014006  985.9 0.00 0   750.0   300.0   292.7    8.00   235.0     4.1   293.7
1008   275 291.3 223  4.1  0.01 69 5.97
 993   410 290.4 223  4.3  0.01 69 5.88
 962   680 288.6 223  4.8  0.01 69 5.70
 912  1129 285.6 224  5.5  0.01 68 5.40
 861  1580 282.6 224  6.2  0.01 67 5.10
 810  2029 279.6 225  7.0  0.01 66 4.80
 709  2930 273.6 226  8.5  0.01 64 4.20
 608  3830 267.6 227 10.0  0.01 62 3.60
 506  4730 261.6 228 11.5  0.01 60 3.00
 405  5630 255.6 229 13.0  0.01 58 2.40
2020061503001007  993.2 0.00 0   750.0   300.0   292.6    8.00   235.0     4.1   293.6
1008   213 291.3 223  4.1  0.01 69 5.97
 993   348 290.4 223  4.3  0.01 69 5.88
 962   618 288.6 223  4.8  0.01 69 5.70
 912  1067 285.6 224  5.5  0.01 68 5.40
 861  1518 282.6 224  6.2  0.01 67 5.10
 810  1967 279.6 225  7.0  0.01 66 4.80
 709  2868 273.6 226  8.5  0.01 64 4.20
 608  3768 267.6 227 10.0  0.01 62 3.60
 506  4668 261.6 228 11.5  0.01 60 3.00
 405  5568 255.6 229 13.0  0.01 58 2.40
2020061503002007  992.6 0.00 0   750.0   300.0   292.6    8.00   235.0     4.1   293.6
1008   218 291.3 223  4.1  0.01 69 5.97
 993   353 290.4 223  4.3  0.01 69 5.88
 962   623 288.6 223  4.8  0.01 69 5.70
 912  1072 285.6 224  5.5  0.01 68 5.40
 861  1523 282.6 224  6.2  0.01 67 5.10
 810  1972 279.6 225  7.0  0.01 66 4.80
 709  2873 273.6 226  8.5  0.01 64 4.20
 608  3773 267.6 227 10.0  0.01 62 3.60
 506  4673 261.6 228 11.5  0.01 60 3.00
 405  5573 255.6 229 13.0  0.01 58 2.40
2020061503003007  992.1 0.00 0   750.0   300.0   292.6    8.00   235.0     4.1   293.6
1008   223 291.3 223  4.1  0.01 69 5.97
 993   358 290.4 223  4.3  0.01 69 5.88
 962   628 288.6 223  4.8  0.01 69 5.70
 912  1077 285.6 224  5.5  0.01 68 5.40
 861  1528 282.6 224  6.2  0.01 67 5.10
 810  1977 279.6 225  7.0  0.01 66 4.80
 709  2878 273.6 226  8.5  0.01 64 4.20
 608  3778 267.6 227 10.0  0.01 62 3.60
 506  4678 261.6 228 11.5  0.01 60 3.00
 405  5578 255.6 229 13.0  0.01 58 2.40
2020061503004007  991.5 0.00 0   750.0   300.0   292.6    8.00   235.0     4.1   293.6
1008   228 291.3 223  4.1  0.01 69 5.97
 993   363 290.4 223  4.3  0.01 69 5.88
 962   633 288.6 223  4.8  0.01 69 5.70
 912  1082 285.6 224  5.5  0.01 68 5.40
 861  1533 282.6 224  6.2  0.01 67 5.10
 810  1982 279.6 225  7.0  0.01 66 4.80
 709  2883 273.6 226  8.5  0.01 64 4.20
 608  3783 267.6 227 10.0  0.01 62 3.60
 506  4683 261.6 228 11.5  0.01 60 3.00
 405  5583 255.6 229 13.0  0.01 58 2.40
2020061503005007  990.9 0.00 0   750.0   300.0   292.6    8.00   235.0     4.1   293.6
1008   233 291.3 223  4.1  0.01 69 5.97
 993   368 290.4 223  4.3  0.01 69 5.88
 962   638 288.6 223  4.8  0.01 69 5.70
 912  1087 285.6 224  5.5  0.01 68 5.40
 861  1538 282.6 224  6.2  0.01 67 5.10
 810  1987 279.6 225  7.0  0.01 66 4.80
 709  2888 273.6 226  8.5  0.01 64 4.20
 608  3788 267.6 227 10.0  0.01 62 3.60
 506  4688 261.6 228 11.5  0.01 60 3.00
 405  5588 255.6 229 13.0  0.01 58 2.40
2020061503006007  990.3 0.00 0   750.0   300.0   292.6    8.00   235.0     4.1   293.6
1008   238 291.3 223  4.1  0.01 69 5.97
 993   373 290.4 223  4.3  0.01 69 5.88
 962   643 288.6 223  4.8  0.01 69 5.70
 912  1092 285.6 224  5.5  0.01 68 5.40
 861  1543 282.6 224  6.2  0.01 67 5.10
 810  1992 279.6 225  7.0  0.01 66 4.80
 709  2893 273.6 226  8.5  0.01 64 4.20
 608  3793 267.6 227 10.0  0.01 62 3.60
 506  4693 261.6 228 11.5  0.01 60 3.00
 405  5593 255.6 229 13.0  0.01 58 2.40
2020061503007007  989.7 0.00 0   750.0   300.0   292.6    8.00   235.0     4.1   293.6
1008   243 291.3 223  4.1  0.01 69 5.97
 993   378 290.4 223  4.3  0.01 69 5.88
 962   648 288.6 223  4.8  0.01 69 5.70
 912  1097 285.6 224  5.5  0.01 68 5.40
 861  1548 282.6 224  6.2  0.01 67 5.10
 810  1997 279.6 225  7.0  0.01 66 4.80
 709  2898 273.6 226  8.5  0.01 64 4.20
 608  3798 267.6 227 10.0  0.01 62 3.60
 506  4698 261.6 228 11.5  0.01 60 3.00
 405  5598 255.6 229 13.0  0.01 58 2.40
2020061503008007  989.1 0.00 0   750.0   300.0   292.6    8.00   235.0     4.1   293.6
1008   248 291.3 223  4.1  0.01 69 5.97
 993   383 290.4 223  4.3  0.01 69 5.88
 962   653 288.6 223  4.8  0.01 69 5.70
 912  1102 285.6 224  5.5  0.01 68 5.40
 861  1553 282.6 224  6.2  0.01 67 5.10
 810  2002 279.6 225  7.0  0.01 66 4.80
 709  2903 273.6 226  8.5  0.01 64 4.20
 608  3803 267.6 227 10.0  0.01 62 3.60
 506  4703 261.6 228 11.5  0.01 60 3.00
 405  5603 255.6 229 13.0  0.01 58 2.40
2020061503009007  988.5 0.00 0   750.0   300.0   292.6    8.00   235.0     4.1   293.6
1008   253 291.3 223  4.1  0.01 69 5.97
 993   388 290.4 223  4.3  0.01 69 5.88
 962   658 288.6 223  4.8  0.01 69 5.70
 912  1107 285.6 224  5.5  0.01 68 5.40
 861  1558 282.6 224  6.2  0.01 67 5.10
 810  2007 279.6 225  7.0  0.01 66 4.80
 709  2908 273.6 226  8.5  0.01 64 4.20
 608  3808 267.6 227 10.0  0.01 62 3.60
 506  4708 261.6 228 11.5  0.01 60 3.00
 405  5608 255.6 229 13.0  0.01 58 2.40
2020061503010007  987.9 0.00 0   750.0   300.0   292.6    8.00   235.0     4.1   293.6
1008   258 291.3 223  4.1  0.01 69 5.97
 993   393 290.4 223  4.3  0.01 69 5.88
 962   663 288.6 223  4.8  0.01 69 5.70
 912  1112 285.6 224  5.5  0.01 68 5.40
 861  1563 282.6 224  6.2  0.01 67 5.10
 810  2012 279.6 225  7.0  0.01 66 4.80
 709  2913 273.6 226  8.5  0.01 64 4.20
 608  3813 267.6 227 10.0  0.01 62 3.60
 506  4713 261.6 228 11.5  0.01 60 3.00
 405  5613 255.6 229 13.0  0.01 58 2.40
2020061503011007  987.4 0.00 0   750.0   300.0   292.7    8.00   235.0     4.1   293.7
1008   263 291.3 223  4.1  0.01 69 5.97
 993   398 290.4 223  4.3  0.01 69 5.88
 962   668 288.6 223  4.8  0.01 69 5.70
 912  1117 285.6 224  5.5  0.01 68 5.40
 861  1568 282.6 224  6.2  0.01 67 5.10
 810  2017 279.6 225  7.0  0.01 66 4.80
 709  2918 273.6 226  8.5  0.01 64 4.20
 608  3818 267.6 227 10.0  0.01 62 3.60
 506  4718 261.6 228 11.5  0.01 60 3.00
 405  5618 255.6 229 13.0  0.01 58 2.40
2020061503012007  986.8 0.00 0   750.0   300.0   292.7    8.00   235.0     4.1   293.7
1008   268 291.3 223  4.1  0.01 69 5.97
 993   403 290.4 223  4.3  0.01 69 5.88
 962   673 288.6 223  4.8  0.01 69 5.70
 912  1122 285.6 224  5.5  0.01 68 5.40
 861  1573 282.6 224  6.2  0.01 67 5.10
 810  2022 279.6 225  7.0  0.01 66 4.80
 709  2923 273.6 226  8.5  0.01 64 4.20
 608  3823 267.6 227 10.0  0.01 62 3.60
 506  4723 261.6 228 11.5  0.01 60 3.00
 405  5623 255.6 229 13.0  0.01 58 2.40
2020061503013007  986.2 0.00 0   750.0   300.0   292.7    8.00   235.0     4.1   293.7
1008   273 291.3 223  4.1  0.01 69 5.97
 993   408 290.4 223  4.3  0.01 69 5.88
 962   678 288.6 223  4.8  0.01 69 5.70
 912  1127 285.6 224  5.5  0.01 68 5.40
 861  1578 282.6 224  6.2  0.01 67 5.10
 810  2027 279.6 225  7.0  0.01 66 4.80
 709  2928 273.6 226  8.5  0.01 64 4.20
 608  3828 267.6 227 10.0  0.01 62 3.60
 506  4728 261.6 228 11.5  0.01 60 3.00
 405  5628 255.6 229 13.0  0.01 58 2.40
2020061503014007  985.6 0.00 0   750.0   300.0   292.7    8.00   235.0     4.1   293.7
1008   278 291.3 223  4.1  0.01 69 5.97
 993   413 290.4 223  4.3  0.01 69 5.88
 962   683 288.6 223  4.8  0.01 69 5.70
 912  1132 285.6 224  5.5  0.01 68 5.40
 861  1583 282.6 224  6.2  0.01 67 5.10
 810  2032 279.6 225  7.0  0.01 66 4.80
 709  2933 273.6 226  8.5  0.01 64 4.20
 608  3833 267.6 227 10.0  0.01 62 3.60
 506  4733 261.6 228 11.5  0.01 60 3.00
 405  5633 255.6 229 13.0  0.01 58 2.40
2020061503001008  992.9 0.00 0   750.0   300.0   292.6    8.00   235.0     4.1   293.6
1008   216 291.3 223  4.1  0.01 69 5.97
 993   351 290.4 223  4.3  0.01 69 5.88
 962   621 288.6 223  4.8  0.01 69 5.70
 912  1070 285.6 224  5.5  0.01 68 5.40
 861  1521 282.6 224  6.2  0.01 67 5.10
 810  1970 279.6 225  7.0  0.01 66 4.80
 709  2871 273.6 226  8.5  0.01 64 4.20
 608  3771 267.6 227 10.0  0.01 62 3.60
 506  4671 261.6 228 11.5  0.01 60 3.00
 405  5571 255.6 229 13.0  0.01 58 2.40
2020061503002008  992.3 0.00 0   750.0   300.0   292.6    8.00   235.0     4.1   293.6
1008   221 291.3 223  4.1  0.01 69 5.97
 993   356 290.4 223  4.3  0.01 69 5.88
 962   626 288.6 223  4.8  0.01 69 5.70
 912  1075 285.6 224  5.5  0.01 68 5.40
 861  1526 282.6 224  6.2  0.01 67 5.10
 810  1975 279.6 225  7.0  0.01 66 4.80
 709  2876 273.6 226  8.5  0.01 64 4.20
 608  3776 267.6 227 10.0  0.01 62 3.60
 506  4676 261.6 228 11.5  0.01 60 3.00
 405  5576 255.6 229 13.0  0.01 58 2.40
2020061503003008  991.7 0.00 0   750.0   300.0   292.6    8.00   235.0     4.1   293.6
1008   226 291.3 223  4.1  0.01 69 5.97
 993   361 290.4 223  4.3  0.01 69 5.88
 962   631 288.6 223  4.8  0.01 69 5.70
 912  1080 285.6 224  5.5  0.01 68 5.40
 861  1531 282.6 224  6.2  0.01 67 5.10
 810  1980 279.6 225  7.0  0.01 66 4.80
 709  2881 273.6 226  8.5  0.01 64 4.20
 608  3781 267.6 227 10.0  0.01 62 3.60
 506  4681 261.6 228 11.5  0.01 60 3.00
 405  5581 255.6 229 13.0  0.01 58 2.40
2020061503004008  991.1 0.00 0   750.0   300.0   292.6    8.00   235.0     4.1   293.6
1008   231 291.3 223  4.1  0.01 69 5.97
 993   366 290.4 223  4.3  0.01 69 5.88
 962   636 288.6 223  4.8  0.01 69 5.70
 912  1085 285.6 224  5.5  0.01 68 5.40
 861  1536 282.6 224  6.2  0.01 67 5.10
 810  1985 279.6 225  7.0  0.01 66 4.80
 709  2886 273.6 226  8.5  0.01 64 4.20
 608  3786 267.6 227 10.0  0.01 62 3.60
 506  4686 261.6 228 11.5  0.01 60 3.00
 405  5586 255.6 229 13.0  0.01 58 2.40
2020061503005008  990.5 0.00 0   750.0   300.0   292.6    8.00   235.0     4.1   293.6
1008   236 291.3 223  4.1  0.01 69 5.97
 993   371 290.4 223  4.3  0.01 69 5.88
 962   641 288.6 223  4.8  0.01 69 5.70
 912  1090 285.6 224  5.5  0.01 68 5.40
 861  1541 282.6 224  6.2  0.01 67 5.10
 810  1990 279.6 225  7.0  0.01 66 4.80
 709  2891 273.6 226  8.5  0.01 64 4.20
 608  3791 267.6 227 10.0  0.01 62 3.60
 506  4691 261.6 228 11.5  0.01 60 3.00
 405  5591 255.6 229 13.0  0.01 58 2.40
2020061503006008  989.9 0.00 0   750.0   300.0   292.6    8.00   235.0     4.1   293.6
1008   241 291.3 223  4.1  0.01 69 5.97
 993   376 290.4 223  4.3  0.01 69 5.88
 962   646 288.6 223  4.8  0.01 69 5.70
 912  1095 285.6 224  5.5  0.01 68 5.40
 861  1546 282.6 224  6.2  0.01 67 5.10
 810  1995 279.6 225  7.0  0.01 66 4.80
 709  2896 273.6 226  8.5  0.01 64 4.20
 608  3796 267.6 227 10.0  0.01 62 3.60
 506  4696 261.6 228 11.5  0.01 60 3.00
 405  5596 255.6 229 13.0  0.01 58 2.40
2020061503007008  989.4 0.00 0   750.0   300.0   292.6    8.00   235.0     4.1   293.6
1008   246 291.3 223  4.1  0.01 69 5.97
 993   381 290.4 223  4.3  0.01 69 5.88
 962   651 288.6 223  4.8  0.01 69 5.70
 912  1100 285.6 224  5.5  0.01 68 5.40
 861  1551 282.6 224  6.2  0.01 67 5.10
 810  2000 279.6 225  7.0  0.01 66 4.80
 709  2901 273.6 226  8.5  0.01 64 4.20
 608  3801 267.6 227 10.0  0.01 62 3.60
 506  4701 261.6 228 11.5  0.01 60 3.00
 405  5601 255.6 229 13.0  0.01 58 2.40
2020061503008008  988.8 0.00 0   750.0   300.0   292.6    8.00   235.0     4.1   293.6
1008   251 291.3 223  4.1  0.01 69 5.97
 993   386 290.4 223  4.3  0.01 69 5.88
 962   656 288.6 223  4.8  0.01 69 5.70
 912  1105 285.6 224  5.5  0.01 68 5.40
 861  1556 282.6 224  6.2  0.01 67 5.10
 810  2005 279.6 225  7.0  0.01 66 4.80
 709  2906 273.6 226  8.5  0.01 64 4.20
 608  3806 267.6 227 10.0  0.01 62 3.60
 506  4706 261.6 228 11.5  0.01 60 3.00
 405  5606 255.6 229 13.0  0.01 58 2.40
2020061503009008  988.2 0.00 0   750.0   300.0   292.6    8.00   235.0     4.1   293.6
1008   256 291.3 223  4.1  0.01 69 5.97
 993   391 290.4 223  4.3  0.01 69 5.88
 962   661 288.6 223  4.8  0.01 69 5.70
 912  1110 285.6 224  5.5  0.01 68 5.40
 861  1561 282.6 224  6.2  0.01 67 5.10
 810  2010 279.6 225  7.0  0.01 66 4.80
 709  2911 273.6 226  8.5  0.01 64 4.20
 608  3811 267.6 227 10.0  0.01 62 3.60
 506  4711 261.6 228 11.5  0.01 60 3.00
 405  5611 255.6 229 13.0  0.01 58 2.40
2020061503010008  987.6 0.00 0   750.0   300.0   292.7    8.00   235.0     4.1   293.7
1008   261 291.3 223  4.1  0.01 69 5.97
 993   396 290.4 223  4.3  0.01 69 5.88
 962   666 288.6 223  4.8  0.01 69 5.70
 912  1115 285.6 224  5.5  0.01 68 5.40
 861  1566 282.6 224  6.2  0.01 67 5.10
 810  2015 279.6 225  7.0  0.01 66 4.80
 709  2916 273.6 226  8.5  0.01 64 4.20
 608  3816 267.6 227 10.0  0.01 62 3.60
 506  4716 261.6 228 11.5  0.01 60 3.00
 405  5616 255.6 229 13.0  0.01 58 2.40
2020061503011008  987.0 0.00 0   750.0   300.0   292.7    8.00   235.0     4.1   293.7
1008   266 291.3 223  4.1  0.01 69 5.97
 993   401 290.4 223  4.3  0.01 69 5.88
 962   671 288.6 223  4.8  0.01 69 5.70
 912  1120 285.6 224  5.5  0.01 68 5.40
 861  1571 282.6 224  6.2  0.01 67 5.10
 810  2020 279.6 225  7.0  0.01 66 4.80
 709  2921 273.6 226  8.5  0.01 64 4.20
 608  3821 267.6 227 10.0  0.01 62 3.60
 506  4721 261.6 228 11.5  0.01 60 3.00
 405  5621 255.6 229 13.0  0.01 58 2.40
2020061503012008  986.4 0.00 0   750.0   300.0   292.7    8.00   235.0     4.1   293.7
1008   271 291.3 223  4.1  0.01 69 5.97
 993   406 290.4 223  4.3  0.01 69 5.88
 962   676 288.6 223  4.8  0.01 69 5.70
 912  1125 285.6 224  5.5  0.01 68 5.40
 861  1576 282.6 224  6.2  0.01 67 5.10
 810  2025 279.6 225  7.0  0.01 66 4.80
 709  2926 273.6 226  8.5  0.01 64 4.20
 608  3826 267.6 227 10.0  0.01 62 3.60
 506  4726 261.6 228 11.5  0.01 60 3.00
 405  5626 255.6 229 13.0  0.01 58 2.40
2020061503013008  985.8 0.00 0   750.0   300.0   292.7    8.00   235.0     4.1   293.7
1008   276 291.3 223  4.1  0.01 69 5.97
 993   411 290.4 223  4.3  0.01 69 5.88
 962   681 288.6 223  4.8  0.01 69 5.70
 912  1130 285.6 224  5.5  0.01 68 5.40
 861  1581 282.6 224  6.2  0.01 67 5.10
 810  2030 279.6 225  7.0  0.01 66 4.80
 709  2931 273.6 226  8.5  0.01 64 4.20
 608  3831 267.6 227 10.0  0.01 62 3.60
 506  4731 261.6 228 11.5  0.01 60 3.00
 405  5631 255.6 229 13.0  0.01 58 2.40
2020061503014008  985.2 0.00 0   750.0   300.0   292.7    8.00   235.0     4.1   293.7
1008   281 291.3 223  4.1  0.01 69 5.97
 993   416 290.4 223  4.3  0.01 69 5.88
 962   686 288.6 223  4.8  0.01 69 5.70
 912  1135 285.6 224  5.5  0.01 68 5.40
 861  1586 282.6 224  6.2  0.01 67 5.10
 810  2035 279.6 225  7.0  0.01 66 4.80
 709  2936 273.6 226  8.5  0.01 64 4.20
 608  3836 267.6 227 10.0  0.01 62 3.60
 506  4736 261.6 228 11.5  0.01 60 3.00
 405  5636 255.6 229 13.0  0.01 58 2.40
2020061503001009  992.5 0.00 0   750.0   300.0   292.6    8.00   235.0     4.1   293.6
1008   219 291.3 223  4.1  0.01 69 5.97
 993   354 290.4 223  4.3  0.01 69 5.88
 962   624 288.6 223  4.8  0.01 69 5.70
 912  1073 285.6 224  5.5  0.01 68 5.40
 861  1524 282.6 224  6.2  0.01 67 5.10
 810  1973 279.6 225  7.0  0.01 66 4.80
 709  2874 273.6 226  8.5  0.01 64 4.20
 608  3774 267.6 227 10.0  0.01 62 3.60
 506  4674 261.6 228 11.5  0.01 60 3.00
 405  5574 255.6 229 13.0  0.01 58 2.40
2020061503002009  991.9 0.00 0   750.0   300.0   292.6    8.00   235.0     4.1   293.6
1008   224 291.3 223  4.1  0.01 69 5.97
 993   359 290.4 223  4.3  0.01 69 5.88
 962   629 288.6 223  4.8  0.01 69 5.70
 912  1078 285.6 224  5.5  0.01 68 5.40
 861  1529 282.6 224  6.2  0.01 67 5.10
 810  1978 279.6 225  7.0  0.01 66 4.80
 709  2879 273.6 226  8.5  0.01 64 4.20
 608  3779 267.6 227 10.0  0.01 62 3.60
 506  4679 261.6 228 11.5  0.01 60 3.00
 405  5579 255.6 229 13.0  0.01 58 2.40
2020061503003009  991.4 0.00 0   750.0   300.0   292.6    8.00   235.0     4.1   293.6
1008   229 291.3 223  4.1  0.01 69 5.97
 993   364 290.4 223  4.3  0.01 69 5.88
 962   634 288.6 223  4.8  0.01 69 5.70
 912  1083 285.6 224  5.5  0.01 68 5.40
 861  1534 282.6 224  6.2  0.01 67 5.10
 810  1983 279.6 225  7.0  0.01 66 4.80
 709  2884 273.6 226  8.5  0.01 64 4.20
 608  3784 267.6 227 10.0  0.01 62 3.60
 506  4684 261.6 228 11.5  0.01 60 3.00
 405  5584 255.6 229 13.0  0.01 58 2.40
2020061503004009  990.8 0.00 0   750.0   300.0   292.6    8.00   235.0     4.1   293.6
1008   234 291.3 223  4.1  0.01 69 5.97
 993   369 290.4 223  4.3  0.01 69 5.88
 962   639 288.6 223  4.8  0.01 69 5.70
 912  1088 285.6 224  5.5  0.01 68 5.40
 861  1539 282.6 224  6.2  0.01 67 5.10
 810  1988 279.6 225  7.0  0.01 66 4.80
 709  2889 273.6 226  8.5  0.01 64 4.20
 608  3789 267.6 227 10.0  0.01 62 3.60
 506  4689 261.6 228 11.5  0.01 60 3.00
 405  5589 255.6 229 13.0  0.01 58 2.40
2020061503005009  990.2 0.00 0   750.0   300.0   292.6    8.00   235.0     4.1   293.6
1008   239 291.3 223  4.1  0.01 69 5.97
 993   374 290.4 223  4.3  0.01 69 5.88
 962   644 288.6 223  4.8  0.01 69 5.70
 912  1093 285.6 224  5.5  0.01 68 5.40
 861  1544 282.6 224  6.2  0.01 67 5.10
 810  1993 279.6 225  7.0  0.01 66 4.80
 709  2894 273.6 226  8.5  0.01 64 4.20
 608  3794 267.6 227 10.0  0.01 62 3.60
 506  4694 261.6 228 11.5  0.01 60 3.00
 405  5594 255.6 229 13.0  0.01 58 2.40
2020061503006009  989.6 0.00 0   750.0   300.0   292.6    8.00   235.0     4.1   293.6
1008   244 291.3 223  4.1  0.01 69 5.97
 993   379 290.4 223  4.3  0.01 69 5.88
 962   649 288.6 223  4.8  0.01 69 5.70
 912  1098 285.6 224  5.5  0.01 68 5.40
 861  1549 282.6 224  6.2  0.01 67 5.10
 810  1998 279.6 225  7.0  0.01 66 4.80
 709  2899 273.6 226  8.5  0.01 64 4.20
 608  3799 267.6 227 10.0  0.01 62 3.60
 506  4699 261.6 228 11.5  0.01 60 3.00
 405  5599 255.6 229 13.0  0.01 58 2.40
2020061503007009  989.0 0.00 0   750.0   300.0   292.6    8.00   235.0     4.1   293.6
1008   249 291.3 223  4.1  0.01 69 5.97
 993   384 290.4 223  4.3  0.01 69 5.88
 962   654 288.6 223  4.8  0.01 69 5.70
 912  1103 285.6 224  5.5  0.01 68 5.40
 861  1554 282.6 224  6.2  0.01 67 5.10
 810  2003 279.6 225  7.0  0.01 66 4.80
 709  2904 273.6 226  8.5  0.01 64 4.20
 608  3804 267.6 227 10.0  0.01 62 3.60
 506  4704 261.6 228 11.5  0.01 60 3.00
 405  5604 255.6 229 13.0  0.01 58 2.40
2020061503008009  988.4 0.00 0   750.0   300.0   292.6    8.00   235.0     4.1   293.6
1008   254 291.3 223  4.1  0.01 69 5.97
 993   389 290.4 223  4.3  0.01 69 5.88
 962   659 288.6 223  4.8  0.01 69 5.70
 912  1108 285.6 224  5.5  0.01 68 5.40
 861  1559 282.6 224  6.2  0.01 67 5.10
 810  2008 279.6 225  7.0  0.01 66 4.80
 709  2909 273.6 226  8.5  0.01 64 4.20
 608  3809 267.6 227 10.0  0.01 62 3.60
 506  4709 261.6 228 11.5  0.01 60 3.00
 405  5609 255.6 229 13.0  0.01 58 2.40
2020061503009009  987.8 0.00 0   750.0   300.0   292.7    8.00   235.0     4.1   293.7
1008   259 291.3 223  4.1  0.01 69 5.97
 993   394 290.4 223  4.3  0.01 69 5.88
 962   664 288.6 223  4.8  0.01 69 5.70
 912  1113 285.6 224  5.5  0.01 68 5.40
 861  1564 282.6 224  6.2  0.01 67 5.10
 810  2013 279.6 225  7.0  0.01 66 4.80
 709  2914 273.6 226  8.5  0.01 64 4.20
 608  3814 267.6 227 10.0  0.01 62 3.60
 506  4714 261.6 228 11.5  0.01 60 3.00
 405  5614 255.6 229 13.0  0.01 58 2.40
2020061503010009  987.2 0.00 0   750.0   300.0   292.7    8.00   235.0     4.1   293.7
1008   264 291.3 223  4.1  0.01 69 5.97
 993   399 290.4 223  4.3  0.01 69 5.88
 962   669 288.6 223  4.8  0.01 69 5.70
 912  1118 285.6 224  5.5  0.01 68 5.40
 861  1569 282.6 224  6.2  0.01 67 5.10
 810  2018 279.6 225  7.0  0.01 66 4.80
 709  2919 273.6 226  8.5  0.01 64 4.20
 608  3819 267.6 227 10.0  0.01 62 3.60
 506  4719 261.6 228 11.5  0.01 60 3.00
 405  5619 255.6 229 13.0  0.01 58 2.40
2020061503011009  986.6 0.00 0   750.0   300.0   292.7    8.00   235.0     4.1   293.7
1008   269 291.3 223  4.1  0.01 69 5.97
 993   404 290.4 223  4.3  0.01 69 5.88
 962   674 288.6 223  4.8  0.01 69 5.70
 912  1123 285.6 224  5.5  0.01 68 5.40
 861  1574 282.6 224  6.2  0.01 67 5.10
 810  2023 279.6 225  7.0  0.01 66 4.80
 709  2924 273.6 226  8.5  0.01 64 4.20
 608  3824 267.6 227 10.0  0.01 62 3.60
 506  4724 261.6 228 11.5  0.01 60 3.00
 405  5624 255.6 229 13.0  0.01 58 2.40
2020061503012009  986.1 0.00 0   750.0   300.0   292.7    8.00   235.0     4.1   293.7
1008   274 291.3 223  4.1  0.01 69 5.97
 993   409 290.4 223  4.3  0.01 69 5.88
 962   679 288.6 223  4.8  0.01 69 5.70
 912  1128 285.6 224  5.5  0.01 68 5.40
 861  1579 282.6 224  6.2  0.01 67 5.10
 810  2028 279.6 225  7.0  0.01 66 4.80
 709  2929 273.6 226  8.5  0.01 64 4.20
 608  3829 267.6 227 10.0  0.01 62 3.60
 506  4729 261.6 228 11.5  0.01 60 3.00
 405  5629 255.6 229 13.0  0.01 58 2.40
2020061503013009  985.5 0.00 0   750.0   300.0   292.7    8.00   235.0     4.1   293.7
1008   279 291.3 223  4.1  0.01 69 5.97
 993   414 290.4 223  4.3  0.01 69 5.88
 962   684 288.6 223  4.8  0.01 69 5.70
 912  1133 285.6 224  5.5  0.01 68 5.40
 861  1584 282.6 224  6.2  0.01 67 5.10
 810  2033 279.6 225  7.0  0.01 66 4.80
 709  2934 273.6 226  8.5  0.01 64 4.20
 608  3834 267.6 227 10.0  0.01 62 3.60
 506  4734 261.6 228 11.5  0.01 60 3.00
 405  5634 255.6 229 13.0  0.01 58 2.40
2020061503014009  984.9 0.00 0   750.0   300.0   292.7    8.00   235.0     4.1   293.7
1008   284 291.3 223  4.1  0.01 69 5.97
 993   419 290.4 223  4.3  0.01 69 5.88
 962   689 288.6 223  4.8  0.01 69 5.70
 912  1138 285.6 224  5.5  0.01 68 5.40
 861  1589 282.6 224  6.2  0.01 67 5.10
 810  2038 279.6 225  7.0  0.01 66 4.80
 709  2939 273.6 226  8.5  0.01 64 4.20
 608  3839 267.6 227 10.0  0.01 62 3.60
 506  4739 261.6 228 11.5  0.01 60 3.00
 405  5639 255.6 229 13.0  0.01 58 2.40
2020061503001010  992.2 0.00 0   750.0   300.0   292.6    8.00   235.0     4.1   293.6
1008   222 291.3 223  4.1  0.01 69 5.97
 993   357 290.4 223  4.3  0.01 69 5.88
 962   627 288.6 223  4.8  0.01 69 5.70
 912  1076 285.6 224  5.5  0.01 68 5.40
 861  1527 282.6 224  6.2  0.01 67 5.10
 810  1976 279.6 225  7.0  0.01 66 4.80
 709  2877 273.6 226  8.5  0.01 64 4.20
 608  3777 267.6 227 10.0  0.01 62 3.60
 506  4677 261.6 228 11.5  0.01 60 3.00
 405  5577 255.6 229 13.0  0.01 58 2.40
2020061503002010  991.6 0.00 0   750.0   300.0   292.6    8.00   235.0     4.1   293.6
1008   227 291.3 223  4.1  0.01 69 5.97
 993   362 290.4 223  4.3  0.01 69 5.88
 962   632 288.6 223  4.8  0.01 69 5.70
 912  1081 285.6 224  5.5  0.01 68 5.40
 861  1532 282.6 224  6.2  0.01 67 5.10
 810  1981 279.6 225  7.0  0.01 66 4.80
 709  2882 273.6 226  8.5  0.01 64 4.20
 608  3782 267.6 227 10.0  0.01 62 3.60
 506  4682 261.6 228 11.5  0.01 60 3.00
 405  5582 255.6 229 13.0  0.01 58 2.40
2020061503003010  991.0 0.00 0   750.0   300.0   292.6    8.00   235.0     4.1   293.6
1008   232 291.3 223  4.1  0.01 69 5.97
 993   367 290.4 223  4.3  0.01 69 5.88
 962   637 288.6 223  4.8  0.01 69 5.70
 912  1086 285.6 224  5.5  0.01 68 5.40
 861  1537 282.6 224  6.2  0.01 67 5.10
 810  1986 279.6 225  7.0  0.01 66 4.80
 709  2887 273.6 226  8.5  0.01 64 4.20
 608  3787 267.6 227 10.0  0.01 62 3.60
 506  4687 261.6 228 11.5  0.01 60 3.00
 405  5587 255.6 229 13.0  0.01 58 2.40
2020061503004010  990.4 0.00 0   750.0   300.0   292.6    8.00   235.0     4.1   293.6
1008   237 291.3 223  4.1  0.01 69 5.97
 993   372 290.4 223  4.3  0.01 69 5.88
 962   642 288.6 223  4.8  0.01 69 5.70
 912  1091 285.6 224  5.5  0.01 68 5.40
 861  1542 282.6 224  6.2  0.01 67 5.10
 810  1991 279.6 225  7.0  0.01 66 4.80
 709  2892 273.6 226  8.5  0.01 64 4.20
 608  3792 267.6 227 10.0  0.01 62 3.60
 506  4692 261.6 228 11.5  0.01 60 3.00
 405  5592 255.6 229 13.0  0.01 58 2.40
2020061503005010  989.8 0.00 0   750.0   300.0   292.6    8.00   235.0     4.1   293.6
1008   242 291.3 223  4.1  0.01 69 5.97
 993   377 290.4 223  4.3  0.01 69 5.88
 962   647 288.6 223  4.8  0.01 69 5.70
 912  1096 285.6 224  5.5  0.01 68 5.40
 861  1547 282.6 224  6.2  0.01 67 5.10
 810  1996 279.6 225  7.0  0.01 66 4.80
 709  2897 273.6 226  8.5  0.01 64 4.20
 608  3797 267.6 227 10.0  0.01 62 3.60
 506  4697 261.6 228 11.5  0.01 60 3.00
 405  5597 255.6 229 13.0  0.01 58 2.40
2020061503006010  989.2 0.00 0   750.0   300.0   292.6    8.00   235.0     4.1   293.6
1008   247 291.3 223  4.1  0.01 69 5.97
 993   382 290.4 223  4.3  0.01 69 5.88
 962   652 288.6 223  4.8  0.01 69 5.70
 912  1101 285.6 224  5.5  0.01 68 5.40
 861  1552 282.6 224  6.2  0.01 67 5.10
 810  2001 279.6 225  7.0  0.01 66 4.80
 709  2902 273.6 226  8.5  0.01 64 4.20
 608  3802 267.6 227 10.0  0.01 62 3.60
 506  4702 261.6 228 11.5  0.01 60 3.00
 405  5602 255.6 229 13.0  0.01 58 2.40
2020061503007010  988.6 0.00 0   750.0   300.0   292.6    8.00   235.0     4.1   293.6
1008   252 291.3 223  4.1  0.01 69 5.97
 993   387 290.4 223  4.3  0.01 69 5.88
 962   657 288.6 223  4.8  0.01 69 5.70
 912  1106 285.6 224  5.5  0.01 68 5.40
 861  1557 282.6 224  6.2  0.01 67 5.10
 810  2006 279.6 225  7.0  0.01 66 4.80
 709  2907 273.6 226  8.5  0.01 64 4.20
 608  3807 267.6 227 10.0  0.01 62 3.60
 506  4707 261.6 228 11.5  0.01 60 3.00
 405  5607 255.6 229 13.0  0.01 58 2.40
2020061503008010  988.1 0.00 0   750.0   300.0   292.7    8.00   235.0     4.1   293.7
1008   257 291.3 223  4.1  0.01 69 5.97
 993   392 290.4 223  4.3  0.01 69 5.88
 962   662 288.6 223  4.8  0.01 69 5.70
 912  1111 285.6 224  5.5  0.01 68 5.40
 861  1562 282.6 224  6.2  0.01 67 5.10
 810  2011 279.6 225  7.0  0.01 66 4.80
 709  2912 273.6 226  8.5  0.01 64 4.20
 608  3812 267.6 227 10.0  0.01 62 3.60
 506  4712 261.6 228 11.5  0.01 60 3.00
 405  5612 255.6 229 13.0  0.01 58 2.40
2020061503009010  987.5 0.00 0   750.0   300.0   292.7    8.00   235.0     4.1   293.7
1008   262 291.3 223  4.1  0.01 69 5.97
 993   397 290.4 223  4.3  0.01 69 5.88
 962   667 288.6 223  4.8  0.01 69 5.70
 912  1116 285.6 224  5.5  0.01 68 5.40
 861  1567 282.6 224  6.2  0.01 67 5.10
 810  2016 279.6 225  7.0  0.01 66 4.80
 709  2917 273.6 226  8.5  0.01 64 4.20
 608  3817 267.6 227 10.0  0.01 62 3.60
 506  4717 261.6 228 11.5  0.01 60 3.00
 405  5617 255.6 229 13.0  0.01 58 2.40
2020061503010010  986.9 0.00 0   750.0   300.0   292.7    8.00   235.0     4.1   293.7
1008   267 291.3 223  4.1  0.01 69 5.97
 993   402 290.4 223  4.3  0.01 69 5.88
 962   672 288.6 223  4.8  0.01 69 5.70
 912  1121 285.6 224  5.5  0.01 68 5.40
 861  1572 282.6 224  6.2  0.01 67 5.10
 810  2021 279.6 225  7.0  0.01 66 4.80
 709  2922 273.6 226  8.5  0.01 64 4.20
 608  3822 267.6 227 10.0  0.01 62 3.60
 506  4722 261.6 228 11.5  0.01 60 3.00
 405  5622 255.6 229 13.0  0.01 58 2.40
2020061503011010  986.3 0.00 0   750.0   300.0   292.7    8.00   235.0     4.1   293.7
1008   272 291.3 223  4.1  0.01 69 5.97
 993   407 290.4 223  4.3  0.01 69 5.88
 962   677 288.6 223  4.8  0.01 69 5.70
 912  1126 285.6 224  5.5  0.01 68 5.40
 861  1577 282.6 224  6.2  0.01 67 5.10
 810  2026 279.6 225  7.0  0.01 66 4.80
 709  2927 273.6 226  8.5  0.01 64 4.20
 608  3827 267.6 227 10.0  0.01 62 3.60
 506  4727 261.6 228 11.5  0.01 60 3.00
 405  5627 255.6 229 13.0  0.01 58 2.40
2020061503012010  985.7 0.00 0   750.0   300.0   292.7    8.00   235.0     4.1   293.7
1008   277 291.3 223  4.1  0.01 69 5.97
 993   412 290.4 223  4.3  0.01 69 5.88
 962   682 288.6 223  4.8  0.01 69 5.70
 912  1131 285.6 224  5.5  0.01 68 5.40
 861  1582 282.6 224  6.2  0.01 67 5.10
 810  2031 279.6 225  7.0  0.01 66 4.80
 709  2932 273.6 226  8.5  0.01 64 4.20
 608  3832 267.6 227 10.0  0.01 62 3.60
 506  4732 261.6 228 11.5  0.01 60 3.00
 405  5632 255.6 229 13.0  0.01 58 2.40
2020061503013010  985.1 0.00 0   750.0   300.0   292.7    8.00   235.0     4.1   293.7
1008   282 291.3 223  4.1  0.01 69 5.97
 993   417 290.4 223  4.3  0.01 69 5.88
 962   687 288.6 223  4.8  0.01 69 5.70
 912  1136 285.6 224  5.5  0.01 68 5.40
 861  1587 282.6 224  6.2  0.01 67 5.10
 810  2036 279.6 225  7.0  0.01 66 4.80
 709  2937 273.6 226  8.5  0.01 64 4.20
 608  3837 267.6 227 10.0  0.01 62 3.60
 506  4737 261.6 228 11.5  0.01 60 3.00
 405  5637 255.6 229 13.0  0.01 58 2.40
2020061503014010  984.5 0.00 0   750.0   300.0   292.7    8.00   235.0     4.1   293.7
1008   287 291.3 223  4.1  0.01 69 5.97
 993   422 290.4 223  4.3  0.01 69 5.88
 962   692 288.6 223  4.8  0.01 69 5.70
 912  1141 285.6 224  5.5  0.01 68 5.40
 861  1592 282.6 224  6.2  0.01 67 5.10
 810  2041 279.6 225  7.0  0.01 66 4.80
 709  2942 273.6 226  8.5  0.01 64 4.20
 608  3842 267.6 227 10.0  0.01 62 3.60
 506  4742 261.6 228 11.5  0.01 60 3.00
 405  5642 255.6 229 13.0  0.01 58 2.40
2020061503001011  991.8 0.00 0   750.0   300.0   292.6    8.00   235.0     4.1   293.6
1008   225 291.3 223  4.1  0.01 69 5.97
 993   360 290.4 223  4.3  0.01 69 5.88
 962   630 288.6 223  4.8  0.01 69 5.70
 912  1079 285.6 224  5.5  0.01 68 5.40
 861  1530 282.6 224  6.2  0.01 67 5.10
 810  1979 279.6 225  7.0  0.01 66 4.80
 709  2880 273.6 226  8.5  0.01 64 4.20
 608  3780 267.6 227 10.0  0.01 62 3.60
 506  4680 261.6 228 11.5  0.01 60 3.00
 405  5580 255.6 229 13.0  0.01 58 2.40
2020061503002011  991.2 0.00 0   750.0   300.0   292.6    8.00   235.0     4.1   293.6
1008   230 291.3 223  4.1  0.01 69 5.97
 993   365 290.4 223  4.3  0.01 69 5.88
 962   635 288.6 223  4.8  0.01 69 5.70
 912  1084 285.6 224  5.5  0.01 68 5.40
 861  1535 282.6 224  6.2  0.01 67 5.10
 810  1984 279.6 225  7.0  0.01 66 4.80
 709  2885 273.6 226  8.5  0.01 64 4.20
 608  3785 267.6 227 10.0  0.01 62 3.60
 506  4685 261.6 228 11.5  0.01 60 3.00
 405  5585 255.6 229 13.0  0.01 58 2.40
2020061503003011  990.6 0.00 0   750.0   300.0   292.6    8.00   235.0     4.1   293.6
1008   235 291.3 223  4.1  0.01 69 5.97
 993   370 290.4 223  4.3  0.01 69 5.88
 962   640 288.6 223  4.8  0.01 69 5.70
 912  1089 285.6 224  5.5  0.01 68 5.40
 861  1540 282.6 224  6.2  0.01 67 5.10
 810  1989 279.6 225  7.0  0.01 66 4.80
 709  2890 273.6 226  8.5  0.01 64 4.20
 608  3790 267.6 227 10.0  0.01 62 3.60
 506  4690 261.6 228 11.5  0.01 60 3.00
 405  5590 255.6 229 13.0  0.01 58 2.40
2020061503004011  990.1 0.00 0   750.0   300.0   292.6    8.00   235.0     4.1   293.6
1008   240 291.3 223  4.1  0.01 69 5.97
 993   375 290.4 223  4.3  0.01 69 5.88
 962   645 288.6 223  4.8  0.01 69 5.70
 912  1094 285.6 224  5.5  0.01 68 5.40
 861  1545 282.6 224  6.2  0.01 67 5.10
 810  1994 279.6 225  7.0  0.01 66 4.80
 709  2895 273.6 226  8.5  0.01 64 4.20
 608  3795 267.6 227 10.0  0.01 62 3.60
 506  4695 261.6 228 11.5  0.01 60 3.00
 405  5595 255.6 229 13.0  0.01 58 2.40
2020061503005011  989.5 0.00 0   750.0   300.0   292.6    8.00   235.0     4.1   293.6
1008   245 291.3 223  4.1  0.01 69 5.97
 993   380 290.4 223  4.3  0.01 69 5.88
 962   650 288.6 223  4.8  0.01 69 5.70
 912  1099 285.6 224  5.5  0.01 68 5.40
 861  1550 282.6 224  6.2  0.01 67 5.10
 810  1999 279.6 225  7.0  0.01 66 4.80
 709  2900 273.6 226  8.5  0.01 64 4.20
 608  3800 267.6 227 10.0  0.01 62 3.60
 506  4700 261.6 228 11.5  0.01 60 3.00
 405  5600 255.6 229 13.0  0.01 58 2.40
2020061503006011  988.9 0.00 0   750.0   300.0   292.6    8.00   235.0     4.1   293.6
1008   250 291.3 223  4.1  0.01 69 5.97
 993   385 290.4 223  4.3  0.01 69 5.88
 962   655 288.6 223  4.8  0.01 69 5.70
 912  1104 285.6 224  5.5  0.01 68 5.40
 861  1555 282.6 224  6.2  0.01 67 5.10
 810  2004 279.6 225  7.0  0.01 66 4.80
 709  2905 273.6 226  8.5  0.01 64 4.20
 608  3805 267.6 227 10.0  0.01 62 3.60
 506  4705 261.6 228 11.5  0.01 60 3.00
 405  5605 255.6 229 13.0  0.01 58 2.40
2020061503007011  988.3 0.00 0   750.0   300.0   292.7    8.00   235.0     4.1   293.7
1008   255 291.3 223  4.1  0.01 69 5.97
 993   390 290.4 223  4.3  0.01 69 5.88
 962   660 288.6 223  4.8  0.01 69 5.70
 912  1109 285.6 224  5.5  0.01 68 5.40
 861  1560 282.6 224  6.2  0.01 67 5.10
 810  2009 279.6 225  7.0  0.01 66 4.80
 709  2910 273.6 226  8.5  0.01 64 4.20
 608  3810 267.6 227 10.0  0.01 62 3.60
 506  4710 261.6 228 11.5  0.01 60 3.00
 405  5610 255.6 229 13.0  0.01 58 2.40
2020061503008011  987.7 0.00 0   750.0   300.0   292.7    8.00   235.0     4.1   293.7
1008   260 291.3 223  4.1  0.01 69 5.97
 993   395 290.4 223  4.3  0.01 69 5.88
 962   665 288.6 223  4.8  0.01 69 5.70
 912  1114 285.6 224  5.5  0.01 68 5.40
 861  1565 282.6 224  6.2  0.01 67 5.10
 810  2014 279.6 225  7.0  0.01 66 4.80
 709  2915 273.6 226  8.5  0.01 64 4.20
 608  3815 267.6 227 10.0  0.01 62 3.60
 506  4715 261.6 228 11.5  0.01 60 3.00
 405  5615 255.6 229 13.0  0.01 58 2.40
2020061503009011  987.1 0.00 0   750.0   300.0   292.7    8.00   235.0     4.1   293.7
1008   265 291.3 223  4.1  0.01 69 5.97
 993   400 290.4 223  4.3  0.01 69 5.88
 962   670 288.6 223  4.8  0.01 69 5.70
 912  1119 285.6 224  5.5  0.01 68 5.40
 861  1570 282.6 224  6.2  0.01 67 5.10
 810  2019 279.6 225  7.0  0.01 66 4.80
 709  2920 273.6 226  8.5  0.01 64 4.20
 608  3820 267.6 227 10.0  0.01 62 3.60
 506  4720 261.6 228 11.5  0.01 60 3.00
 405  5620 255.6 229 13.0  0.01 58 2.40
2020061503010011  986.5 0.00 0   750.0   300.0   292.7    8.00   235.0     4.1   293.7
1008   270 291.3 223  4.1  0.01 69 5.97
 993   405 290.4 223  4.3  0.01 69 5.88
 962   675 288.6 223  4.8  0.01 69 5.70
 912  1124 285.6 224  5.5  0.01 68 5.40
 861  1575 282.6 224  6.2  0.01 67 5.10
 810  2024 279.6 225  7.0  0.01 66 4.80
 709  2925 273.6 226  8.5  0.01 64 4.20
 608  3825 267.6 227 10.0  0.01 62 3.60
 506  4725 261.6 228 11.5  0.01 60 3.00
 405  5625 255.6 229 13.0  0.01 58 2.40
2020061503011011  985.9 0.00 0   750.0   300.0   292.7    8.00   235.0     4.1   293.7
1008   275 291.3 223  4.1  0.01 69 5.97
 993   410 290.4 223  4.3  0.01 69 5.88
 962   680 288.6 223  4.8  0.01 69 5.70
 912  1129 285.6 224  5.5  0.01 68 5.40
 861  1580 282.6 224  6.2  0.01 67 5.10
 810  2029 279.6 225  7.0  0.01 66 4.80
 709  2930 273.6 226  8.5  0.01 64 4.20
 608  3830 267.6 227 10.0  0.01 62 3.60
 506  4730 261.6 228 11.5  0.01 60 3.00
 405  5630 255.6 229 13.0  0.01 58 2.40
2020061503012011  985.4 0.00 0   750.0   300.0   292.7    8.00   235.0     4.1   293.7
1008   280 291.3 223  4.1  0.01 69 5.97
 993   415 290.4 223  4.3  0.01 69 5.88
 962   685 288.6 223  4.8  0.01 69 5.70
 912  1134 285.6 224  5.5  0.01 68 5.40
 861  1585 282.6 224  6.2  0.01 67 5.10
 810  2034 279.6 225  7.0  0.01 66 4.80
 709  2935 273.6 226  8.5  0.01 64 4.20
 608  3835 267.6 227 10.0  0.01 62 3.60
 506  4735 261.6 228 11.5  0.01 60 3.00
 405  5635 255.6 229 13.0  0.01 58 2.40
2020061503013011  984.8 0.00 0   750.0   300.0   292.7    8.00   235.0     4.1   293.7
1008   285 291.3 223  4.1  0.01 69 5.97
 993   420 290.4 223  4.3  0.01 69 5.88
 962   690 288.6 223  4.8  0.01 69 5.70
 912  1139 285.6 224  5.5  0.01 68 5.40
 861  1590 282.6 224  6.2  0.01 67 5.10
 810  2039 279.6 225  7.0  0.01 66 4.80
 709  2940 273.6 226  8.5  0.01 64 4.20
 608  3840 267.6 227 10.0  0.01 62 3.60
 506  4740 261.6 228 11.5  0.01 60 3.00
 405  5640 255.6 229 13.0  0.01 58 2.40
2020061503014011  984.2 0.00 0   750.0   300.0   292.7    8.00   235.0     4.1   293.7
1008   290 291.3 223  4.1  0.01 69 5.97
 993   425 290.4 223  4.3  0.01 69 5.88
 962   695 288.6 223  4.8  0.01 69 5.70
 912  1144 285.6 224  5.5  0.01 68 5.40
 861  1595 282.6 224  6.2  0.01 67 5.10
 810  2044 279.6 225  7.0  0.01 66 4.80
 709  2945 273.6 226  8.5  0.01 64 4.20
 608  3845 267.6 227 10.0  0.01 62 3.60
 506  4745 261.6 228 11.5  0.01 60 3.00
 405  5645 255.6 229 13.0  0.01 58 2.40
2020061503001012  991.5 0.00 0   750.0   300.0   292.6    8.00   235.0     4.1   293.6
1008   228 291.3 223  4.1  0.01 69 5.97
 993   363 290.4 223  4.3  0.01 69 5.88
 962   633 288.6 223  4.8  0.01 69 5.70
 912  1082 285.6 224  5.5  0.01 68 5.40
 861  1533 282.6 224  6.2  0.01 67 5.10
 810  1982 279.6 225  7.0  0.01 66 4.80
 709  2883 273.6 226  8.5  0.01 64 4.20
 608  3783 267.6 227 10.0  0.01 62 3.60
 506  4683 261.6 228 11.5  0.01 60 3.00
 405  5583 255.6 229 13.0  0.01 58 2.40
2020061503002012  990.9 0.00 0   750.0   300.0   292.6    8.00   235.0     4.1   293.6
1008   233 291.3 223  4.1  0.01 69 5.97
 993   368 290.4 223  4.3  0.01 69 5.88
 962   638 288.6 223  4.8  0.01 69 5.70
 912  1087 285.6 224  5.5  0.01 68 5.40
 861  1538 282.6 224  6.2  0.01 67 5.10
 810  1987 279.6 225  7.0  0.01 66 4.80
 709  2888 273.6 226  8.5  0.01 64 4.20
 608  3788 267.6 227 10.0  0.01 62 3.60
 506  4688 261.6 228 11.5  0.01 60 3.00
 405  5588 255.6 229 13.0  0.01 58 2.40
2020061503003012  990.3 0.00 0   750.0   300.0   292.6    8.00   235.0     4.1   293.6
1008   238 291.3 223  4.1  0.01 69 5.97
 993   373 290.4 223  4.3  0.01 69 5.88
 962   643 288.6 223  4.8  0.01 69 5.70
 912  1092 285.6 224  5.5  0.01 68 5.40
 861  1543 282.6 224  6.2  0.01 67 5.10
 810  1992 279.6 225  7.0  0.01 66 4.80
 709  2893 273.6 226  8.5  0.01 64 4.20
 608  3793 267.6 227 10.0  0.01 62 3.60
 506  4693 261.6 228 11.5  0.01 60 3.00
 405  5593 255.6 229 13.0  0.01 58 2.40
2020061503004012  989.7 0.00 0   750.0   300.0   292.6    8.00   235.0     4.1   293.6
1008   243 291.3 223  4.1  0.01 69 5.97
 993   378 290.4 223  4.3  0.01 69 5.88
 962   648 288.6 223  4.8  0.01 69 5.70
 912  1097 285.6 224  5.5  0.01 68 5.40
 861  1548 282.6 224  6.2  0.01 67 5.10
 810  1997 279.6 225  7.0  0.01 66 4.80
 709  2898 273.6 226  8.5  0.01 64 4.20
 608  3798 267.6 227 10.0  0.01 62 3.60
 506  4698 261.6 228 11.5  0.01 60 3.00
 405  5598 255.6 229 13.0  0.01 58 2.40
2020061503005012  989.1 0.00 0   750.0   300.0   292.6    8.00   235.0     4.1   293.6
1008   248 291.3 223  4.1  0.01 69 5.97
 993   383 290.4 223  4.3  0.01 69 5.88
 962   653 288.6 223  4.8  0.01 69 5.70
 912  1102 285.6 224  5.5  0.01 68 5.40
 861  1553 282.6 224  6.2  0.01 67 5.10
 810  2002 279.6 225  7.0  0.01 66 4.80
 709  2903 273.6 226  8.5  0.01 64 4.20
 608  3803 267.6 227 10.0  0.01 62 3.60
 506  4703 261.6 228 11.5  0.01 60 3.00
 405  5603 255.6 229 13.0  0.01 58 2.40
2020061503006012  988.5 0.00 0   750.0   300.0   292.7    8.00   235.0     4.1   293.7
1008   253 291.3 223  4.1  0.01 69 5.97
 993   388 290.4 223  4.3  0.01 69 5.88
 962   658 288.6 223  4.8  0.01 69 5.70
 912  1107 285.6 224  5.5  0.01 68 5.40
 861  1558 282.6 224  6.2  0.01 67 5.10
 810  2007 279.6 225  7.0  0.01 66 4.80
 709  2908 273.6 226  8.5  0.01 64 4.20
 608  3808 267.6 227 10.0  0.01 62 3.60
 506  4708 261.6 228 11.5  0.01 60 3.00
 405  5608 255.6 229 13.0  0.01 58 2.40
2020061503007012  987.9 0.00 0   750.0   300.0   292.7    8.00   235.0     4.1   293.7
1008   258 291.3 223  4.1  0.01 69 5.97
 993   393 290.4 223  4.3  0.01 69 5.88
 962   663 288.6 223  4.8  0.01 69 5.70
 912  1112 285.6 224  5.5  0.01 68 5.40
 861  1563 282.6 224  6.2  0.01 67 5.10
 810  2012 279.6 225  7.0  0.01 66 4.80
 709  2913 273.6 226  8.5  0.01 64 4.20
 608  3813 267.6 227 10.0  0.01 62 3.60
 506  4713 261.6 228 11.5  0.01 60 3.00
 405  5613 255.6 229 13.0  0.01 58 2.40
2020061503008012  987.4 0.00 0   750.0   300.0   292.7    8.00   235.0     4.1   293.7
1008   263 291.3 223  4.1  0.01 69 5.97
 993   398 290.4 223  4.3  0.01 69 5.88
 962   668 288.6 223  4.8  0.01 69 5.70
 912  1117 285.6 224  5.5  0.01 68 5.40
 861  1568 282.6 224  6.2  0.01 67 5.10
 810  2017 279.6 225  7.0  0.01 66 4.80
 709  2918 273.6 226  8.5  0.01 64 4.20
 608  3818 267.6 227 10.0  0.01 62 3.60
 506  4718 261.6 228 11.5  0.01 60 3.00
 405  5618 255.6 229 13.0  0.01 58 2.40
2020061503009012  986.8 0.00 0   750.0   300.0   292.7    8.00   235.0     4.1   293.7
1008   268 291.3 223  4.1  0.01 69 5.97
 993   403 290.4 223  4.3  0.01 69 5.88
 962   673 288.6 223  4.8  0.01 69 5.70
 912  1122 285.6 224  5.5  0.01 68 5.40
 861  1573 282.6 224  6.2  0.01 67 5.10
 810  2022 279.6 225  7.0  0.01 66 4.80
 709  2923 273.6 226  8.5  0.01 64 4.20
 608  3823 267.6 227 10.0  0.01 62 3.60
 506  4723 261.6 228 11.5  0.01 60 3.00
 405  5623 255.6 229 13.0  0.01 58 2.40
2020061503010012  986.2 0.00 0   750.0   300.0   292.7    8.00   235.0     4.1   293.7
1008   273 291.3 223  4.1  0.01 69 5.97
 993   408 290.4 223  4.3  0.01 69 5.88
 962   678 288.6 223  4.8  0.01 69 5.70
 912  1127 285.6 224  5.5  0.01 68 5.40
 861  1578 282.6 224  6.2  0.01 67 5.10
 810  2027 279.6 225  7.0  0.01 66 4.80
 709  2928 273.6 226  8.5  0.01 64 4.20
 608  3828 267.6 227 10.0  0.01 62 3.60
 506  4728 261.6 228 11.5  0.01 60 3.00
 405  5628 255.6 229 13.0  0.01 58 2.40
2020061503011012  985.6 0.00 0   750.0   300.0   292.7    8.00   235.0     4.1   293.7
1008   278 291.3 223  4.1  0.01 69 5.97
 993   413 290.4 223  4.3  0.01 69 5.88
 962   683 288.6 223  4.8  0.01 69 5.70
 912  1132 285.6 224  5.5  0.01 68 5.40
 861  1583 282.6 224  6.2  0.01 67 5.10
 810  2032 279.6 225  7.0  0.01 66 4.80
 709  2933 273.6 226  8.5  0.01 64 4.20
 608  3833 267.6 227 10.0  0.01 62 3.60
 506  4733 261.6 228 11.5  0.01 60 3.00
 405  5633 255.6 229 13.0  0.01 58 2.40
2020061503012012  985.0 0.00 0   750.0   300.0   292.7    8.00   235.0     4.1   293.7
1008   283 291.3 223  4.1  0.01 69 5.97
 993   418 290.4 223  4.3  0.01 69 5.88
 962   688 288.6 223  4.8  0.01 69 5.70
 912  1137 285.6 224  5.5  0.01 68 5.40
 861  1588 282.6 224  6.2  0.01 67 5.10
 810  2037 279.6 225  7.0  0.01 66 4.80
 709  2938 273.6 226  8.5  0.01 64 4.20
 608  3838 267.6 227 10.0  0.01 62 3.60
 506  4738 261.6 228 11.5  0.01 60 3.00
 405  5638 255.6 229 13.0  0.01 58 2.40
2020061503013012  984.4 0.00 0   750.0   300.0   292.7    8.00   235.0     4.1   293.7
1008   288 291.3 223  4.1  0.01 69 5.97
 993   423 290.4 223  4.3  0.01 69 5.88
 962   693 288.6 223  4.8  0.01 69 5.70
 912  1142 285.6 224  5.5  0.01 68 5.40
 861  1593 282.6 224  6.2  0.01 67 5.10
 810  2042 279.6 225  7.0  0.01 66 4.80
 709  2943 273.6 226  8.5  0.01 64 4.20
 608  3843 267.6 227 10.0  0.01 62 3.60
 506  4743 261.6 228 11.5  0.01 60 3.00
 405  5643 255.6 229 13.0  0.01 58 2.40
2020061503014012  983.8 0.00 0   750.0   300.0   292.7    8.00   235.0     4.1   293.7
1008   293 291.3 223  4.1  0.01 69 5.97
 993   428 290.4 223  4.3  0.01 69 5.88
 962   698 288.6 223  4.8  0.01 69 5.70
 912  1147 285.6 224  5.5  0.01 68 5.40
 861  1598 282.6 224  6.2  0.01 67 5.10
 810  2047 279.6 225  7.0  0.01 66 4.80
 709  2948 273.6 226  8.5  0.01 64 4.20
 608  3848 267.6 227 10.0  0.01 62 3.60
 506  4748 261.6 228 11.5  0.01 60 3.00
 405  5648 255.6 229 13.0  0.01 58 2.40
2020061503001013  991.1 0.00 0   750.0   300.0   292.6    8.00   235.0     4.1   293.6
1008   231 291.3 223  4.1  0.01 69 5.97
 993   366 290.4 223  4.3  0.01 69 5.88
 962   636 288.6 223  4.8  0.01 69 5.70
 912  1085 285.6 224  5.5  0.01 68 5.40
 861  1536 282.6 224  6.2  0.01 67 5.10
 810  1985 279.6 225  7.0  0.01 66 4.80
 709  2886 273.6 226  8.5  0.01 64 4.20
 608  3786 267.6 227 10.0  0.01 62 3.60
 506  4686 261.6 228 11.5  0.01 60 3.00
 405  5586 255.6 229 13.0  0.01 58 2.40
2020061503002013  990.5 0.00 0   750.0   300.0   292.6    8.00   235.0     4.1   293.6
1008   236 291.3 223  4.1  0.01 69 5.97
 993   371 290.4 223  4.3  0.01 69 5.88
 962   641 288.6 223  4.8  0.01 69 5.70
 912  1090 285.6 224  5.5  0.01 68 5.40
 861  1541 282.6 224  6.2  0.01 67 5.10
 810  1990 279.6 225  7.0  0.01 66 4.80
 709  2891 273.6 226  8.5  0.01 64 4.20
 608  3791 267.6 227 10.0  0.01 62 3.60
 506  4691 261.6 228 11.5  0.01 60 3.00
 405  5591 255.6 229 13.0  0.01 58 2.40
2020061503003013  989.9 0.00 0   750.0   300.0   292.6    8.00   235.0     4.1   293.6
1008   241 291.3 223  4.1  0.01 69 5.97
 993   376 290.4 223  4.3  0.01 69 5.88
 962   646 288.6 223  4.8  0.01 69 5.70
 912  1095 285.6 224  5.5  0.01 68 5.40
 861  1546 282.6 224  6.2  0.01 67 5.10
 810  1995 279.6 225  7.0  0.01 66 4.80
 709  2896 273.6 226  8.5  0.01 64 4.20
 608  3796 267.6 227 10.0  0.01 62 3.60
 506  4696 261.6 228 11.5  0.01 60 3.00
 405  5596 255.6 229 13.0  0.01 58 2.40
2020061503004013  989.4 0.00 0   750.0   300.0   292.6    8.00   235.0     4.1   293.6
1008   246 291.3 223  4.1  0.01 69 5.97
 993   381 290.4 223  4.3  0.01 69 5.88
 962   651 288.6 223  4.8  0.01 69 5.70
 912  1100 285.6 224  5.5  0.01 68 5.40
 861  1551 282.6 224  6.2  0.01 67 5.10
 810  2000 279.6 225  7.0  0.01 66 4.80
 709  2901 273.6 226  8.5  0.01 64 4.20
 608  3801 267.6 227 10.0  0.01 62 3.60
 506  4701 261.6 228 11.5  0.01 60 3.00
 405  5601 255.6 229 13.0  0.01 58 2.40
2020061503005013  988.8 0.00 0   750.0   300.0   292.7    8.00   235.0     4.1   293.7
1008   251 291.3 223  4.1  0.01 69 5.97
 993   386 290.4 223  4.3  0.01 69 5.88
 962   656 288.6 223  4.8  0.01 69 5.70
 912  1105 285.6 224  5.5  0.01 68 5.40
 861  1556 282.6 224  6.2  0.01 67 5.10
 810  2005 279.6 225  7.0  0.01 66 4.80
 709  2906 273.6 226  8.5  0.01 64 4.20
 608  3806 267.6 227 10.0  0.01 62 3.60
 506  4706 261.6 228 11.5  0.01 60 3.00
 405  5606 255.6 229 13.0  0.01 58 2.40
2020061503006013  988.2 0.00 0   750.0   300.0   292.7    8.00   235.0     4.1   293.7
1008   256 291.3 223  4.1  0.01 69 5.97
 993   391 290.4 223  4.3  0.01 69 5.88
 962   661 288.6 223  4.8  0.01 69 5.70
 912  1110 285.6 224  5.5  0.01 68 5.40
 861  1561 282.6 224  6.2  0.01 67 5.10
 810  2010 279.6 225  7.0  0.01 66 4.80
 709  2911 273.6 226  8.5  0.01 64 4.20
 608  3811 267.6 227 10.0  0.01 62 3.60
 506  4711 261.6 228 11.5  0.01 60 3.00
 405  5611 255.6 229 13.0  0.01 58 2.40
2020061503007013  987.6 0.00 0   750.0   300.0   292.7    8.00   235.0     4.1   293.7
1008   261 291.3 223  4.1  0.01 69 5.97
 993   396 290.4 223  4.3  0.01 69 5.88
 962   666 288.6 223  4.8  0.01 69 5.70
 912  1115 285.6 224  5.5  0.01 68 5.40
 861  1566 282.6 224  6.2  0.01 67 5.10
 810  2015 279.6 225  7.0  0.01 66 4.80
 709  2916 273.6 226  8.5  0.01 64 4.20
 608  3816 267.6 227 10.0  0.01 62 3.60
 506  4716 261.6 228 11.5  0.01 60 3.00
 405  5616 255.6 229 13.0  0.01 58 2.40
2020061503008013  987.0 0.00 0   750.0   300.0   292.7    8.00   235.0     4.1   293.7
1008   266 291.3 223  4.1  0.01 69 5.97
 993   401 290.4 223  4.3  0.01 69 5.88
 962   671 288.6 223  4.8  0.01 69 5.70
 912  1120 285.6 224  5.5  0.01 68 5.40
 861  1571 282.6 224  6.2  0.01 67 5.10
 810  2020 279.6 225  7.0  0.01 66 4.80
 709  2921 273.6 226  8.5  0.01 64 4.20
 608  3821 267.6 227 10.0  0.01 62 3.60
 506  4721 261.6 228 11.5  0.01 60 3.00
 405  5621 255.6 229 13.0  0.01 58 2.40
2020061503009013  986.4 0.00 0   750.0   300.0   292.7    8.00   235.0     4.1   293.7
1008   271 291.3 223  4.1  0.01 69 5.97
 993   406 290.4 223  4.3  0.01 69 5.88
 962   676 288.6 223  4.8  0.01 69 5.70
 912  1125 285.6 224  5.5  0.01 68 5.40
 861  1576 282.6 224  6.2  0.01 67 5.10
 810  2025 279.6 225  7.0  0.01 66 4.80
 709  2926 273.6 226  8.5  0.01 64 4.20
 608  3826 267.6 227 10.0  0.01 62 3.60
 506  4726 261.6 228 11.5  0.01 60 3.00
 405  5626 255.6 229 13.0  0.01 58 2.40
2020061503010013  985.8 0.00 0   750.0   300.0   292.7    8.00   235.0     4.1   293.7
1008   276 291.3 223  4.1  0.01 69 5.97
 993   411 290.4 223  4.3  0.01 69 5.88
 962   681 288.6 223  4.8  0.01 69 5.70
 912  1130 285.6 224  5.5  0.01 68 5.40
 861  1581 282.6 224  6.2  0.01 67 5.10
 810  2030 279.6 225  7.0  0.01 66 4.80
 709  2931 273.6 226  8.5  0.01 64 4.20
 608  3831 267.6 227 10.0  0.01 62 3.60
 506  4731 261.6 228 11.5  0.01 60 3.00
 405  5631 255.6 229 13.0  0.01 58 2.40
2020061503011013  985.2 0.00 0   750.0   300.0   292.7    8.00   235.0     4.1   293.7
1008   281 291.3 223  4.1  0.01 69 5.97
 993   416 290.4 223  4.3  0.01 69 5.88
 962   686 288.6 223  4.8  0.01 69 5.70
 912  1135 285.6 224  5.5  0.01 68 5.40
 861  1586 282.6 224  6.2  0.01 67 5.10
 810  2035 279.6 225  7.0  0.01 66 4.80
 709  2936 273.6 226  8.5  0.01 64 4.20
 608  3836 267.6 227 10.0  0.01 62 3.60
 506  4736 261.6 228 11.5  0.01 60 3.00
 405  5636 255.6 229 13.0  0.01 58 2.40
2020061503012013  984.6 0.00 0   750.0   300.0   292.7    8.00   235.0     4.1   293.7
1008   286 291.3 223  4.1  0.01 69 5.97
 993   421 290.4 223  4.3  0.01 69 5.88
 962   691 288.6 223  4.8  0.01 69 5.70
 912  1140 285.6 224  5.5  0.01 68 5.40
 861  1591 282.6 224  6.2  0.01 67 5.10
 810  2040 279.6 225  7.0  0.01 66 4.80
 709  2941 273.6 226  8.5  0.01 64 4.20
 608  3841 267.6 227 10.0  0.01 62 3.60
 506  4741 261.6 228 11.5  0.01 60 3.00
 405  5641 255.6 229 13.0  0.01 58 2.40
2020061503013013  984.1 0.00 0   750.0   300.0   292.7    8.00   235.0     4.1   293.7
1008   291 291.3 223  4.1  0.01 69 5.97
 993   426 290.4 223  4.3  0.01 69 5.88
 962   696 288.6 223  4.8  0.01 69 5.70
 912  1145 285.6 224  5.5  0.01 68 5.40
 861  1596 282.6 224  6.2  0.01 67 5.10
 810  2045 279.6 225  7.0  0.01 66 4.80
 709  2946 273.6 226  8.5  0.01 64 4.20
 608  3846 267.6 227 10.0  0.01 62 3.60
 506  4746 261.6 228 11.5  0.01 60 3.00
 405  5646 255.6 229 13.0  0.01 58 2.40
2020061503014013  983.5 0.00 0   750.0   300.0   292.8    8.00   235.0     4.1   293.8
1008   296 291.3 223  4.1  0.01 69 5.97
 993   431 290.4 223  4.3  0.01 69 5.88
 962   701 288.6 223  4.8  0.01 69 5.70
 912  1150 285.6 224  5.5  0.01 68 5.40
 861  1601 282.6 224  6.2  0.01 67 5.10
 810  2050 279.6 225  7.0  0.01 66 4.80
 709  2951 273.6 226  8.5  0.01 64 4.20
 608  3851 267.6 227 10.0  0.01 62 3.60
 506  4751 261.6 228 11.5  0.01 60 3.00
 405  5651 255.6 229 13.0  0.01 58 2.40
2020061503001014  990.8 0.00 0   750.0   300.0   292.6    8.00   235.0     4.1   293.6
1008   234 291.3 223  4.1  0.01 69 5.97
 993   369 290.4 223  4.3  0.01 69 5.88
 962   639 288.6 223  4.8  0.01 69 5.70
 912  1088 285.6 224  5.5  0.01 68 5.40
 861  1539 282.6 224  6.2  0.01 67 5.10
 810  1988 279.6 225  7.0  0.01 66 4.80
 709  2889 273.6 226  8.5  0.01 64 4.20
 608  3789 267.6 227 10.0  0.01 62 3.60
 506  4689 261.6 228 11.5  0.01 60 3.00
 405  5589 255.6 229 13.0  0.01 58 2.40
2020061503002014  990.2 0.00 0   750.0   300.0   292.6    8.00   235.0     4.1   293.6
1008   239 291.3 223  4.1  0.01 69 5.97
 993   374 290.4 223  4.3  0.01 69 5.88
 962   644 288.6 223  4.8  0.01 69 5.70
 912  1093 285.6 224  5.5  0.01 68 5.40
 861  1544 282.6 224  6.2  0.01 67 5.10
 810  1993 279.6 225  7.0  0.01 66 4.80
 709  2894 273.6 226  8.5  0.01 64 4.20
 608  3794 267.6 227 10.0  0.01 62 3.60
 506  4694 261.6 228 11.5  0.01 60 3.00
 405  5594 255.6 229 13.0  0.01 58 2.40
2020061503003014  989.6 0.00 0   750.0   300.0   292.6    8.00   235.0     4.1   293.6
1008   244 291.3 223  4.1  0.01 69 5.97
 993   379 290.4 223  4.3  0.01 69 5.88
 962   649 288.6 223  4.8  0.01 69 5.70
 912  1098 285.6 224  5.5  0.01 68 5.40
 861  1549 282.6 224  6.2  0.01 67 5.10
 810  1998 279.6 225  7.0  0.01 66 4.80
 709  2899 273.6 226  8.5  0.01 64 4.20
 608  3799 267.6 227 10.0  0.01 62 3.60
 506  4699 261.6 228 11.5  0.01 60 3.00
 405  5599 255.6 229 13.0  0.01 58 2.40
2020061503004014  989.0 0.00 0   750.0   300.0   292.7    8.00   235.0     4.1   293.7
1008   249 291.3 223  4.1  0.01 69 5.97
 993   384 290.4 223  4.3  0.01 69 5.88
 962   654 288.6 223  4.8  0.01 69 5.70
 912  1103 285.6 224  5.5  0.01 68 5.40
 861  1554 282.6 224  6.2  0.01 67 5.10
 810  2003 279.6 225  7.0  0.01 66 4.80
 709  2904 273.6 226  8.5  0.01 64 4.20
 608  3804 267.6 227 10.0  0.01 62 3.60
 506  4704 261.6 228 11.5  0.01 60 3.00
 405  5604 255.6 229 13.0  0.01 58 2.40
2020061503005014  988.4 0.00 0   750.0   300.0   292.7    8.00   235.0     4.1   293.7
1008   254 291.3 223  4.1  0.01 69 5.97
 993   389 290.4 223  4.3  0.01 69 5.88
 962   659 288.6 223  4.8  0.01 69 5.70
 912  1108 285.6 224  5.5  0.01 68 5.40
 861  1559 282.6 224  6.2  0.01 67 5.10
 810  2008 279.6 225  7.0  0.01 66 4.80
 709  2909 273.6 226  8.5  0.01 64 4.20
 608  3809 267.6 227 10.0  0.01 62 3.60
 506  4709 261.6 228 11.5  0.01 60 3.00
 405  5609 255.6 229 13.0  0.01 58 2.40
2020061503006014  987.8 0.00 0   750.0   300.0   292.7    8.00   235.0     4.1   293.7
1008   259 291.3 223  4.1  0.01 69 5.97
 993   394 290.4 223  4.3  0.01 69 5.88
 962   664 288.6 223  4.8  0.01 69 5.70
 912  1113 285.6 224  5.5  0.01 68 5.40
 861  1564 282.6 224  6.2  0.01 67 5.10
 810  2013 279.6 225  7.0  0.01 66 4.80
 709  2914 273.6 226  8.5  0.01 64 4.20
 608  3814 267.6 227 10.0  0.01 62 3.60
 506  4714 261.6 228 11.5  0.01 60 3.00
 405  5614 255.6 229 13.0  0.01 58 2.40
2020061503007014  987.2 0.00 0   750.0   300.0   292.7    8.00   235.0     4.1   293.7
1008   264 291.3 223  4.1  0.01 69 5.97
 993   399 290.4 223  4.3  0.01 69 5.88
 962   669 288.6 223  4.8  0.01 69 5.70
 912  1118 285.6 224  5.5  0.01 68 5.40
 861  1569 282.6 224  6.2  0.01 67 5.10
 810  2018 279.6 225  7.0  0.01 66 4.80
 709  2919 273.6 226  8.5  0.01 64 4.20
 608  3819 267.6 227 10.0  0.01 62 3.60
 506  4719 261.6 228 11.5  0.01 60 3.00
 405  5619 255.6 229 13.0  0.01 58 2.40
2020061503008014  986.6 0.00 0   750.0   300.0   292.7    8.00   235.0     4.1   293.7
1008   269 291.3 223  4.1  0.01 69 5.97
 993   404 290.4 223  4.3  0.01 69 5.88
 962   674 288.6 223  4.8  0.01 69 5.70
 912  1123 285.6 224  5.5  0.01 68 5.40
 861  1574 282.6 224  6.2  0.01 67 5.10
 810  2023 279.6 225  7.0  0.01 66 4.80
 709  2924 273.6 226  8.5  0.01 64 4.20
 608  3824 267.6 227 10.0  0.01 62 3.60
 506  4724 261.6 228 11.5  0.01 60 3.00
 405  5624 255.6 229 13.0  0.01 58 2.40
2020061503009014  986.1 0.00 0   750.0   300.0   292.7    8.00   235.0     4.1   293.7
1008   274 291.3 223  4.1  0.01 69 5.97
 993   409 290.4 223  4.3  0.01 69 5.88
 962   679 288.6 223  4.8  0.01 69 5.70
 912  1128 285.6 224  5.5  0.01 68 5.40
 861  1579 282.6 224  6.2  0.01 67 5.10
 810  2028 279.6 225  7.0  0.01 66 4.80
 709  2929 273.6 226  8.5  0.01 64 4.20
 608  3829 267.6 227 10.0  0.01 62 3.60
 506  4729 261.6 228 11.5  0.01 60 3.00
 405  5629 255.6 229 13.0  0.01 58 2.40
2020061503010014  985.5 0.00 0   750.0   300.0   292.7    8.00   235.0     4.1   293.7
1008   279 291.3 223  4.1  0.01 69 5.97
 993   414 290.4 223  4.3  0.01 69 5.88
 962   684 288.6 223  4.8  0.01 69 5.70
 912  1133 285.6 224  5.5  0.01 68 5.40
 861  1584 282.6 224  6.2  0.01 67 5.10
 810  2033 279.6 225  7.0  0.01 66 4.80
 709  2934 273.6 226  8.5  0.01 64 4.20
 608  3834 267.6 227 10.0  0.01 62 3.60
 506  4734 261.6 228 11.5  0.01 60 3.00
 405  5634 255.6 229 13.0  0.01 58 2.40
2020061503011014  984.9 0.00 0   750.0   300.0   292.7    8.00   235.0     4.1   293.7
1008   284 291.3 223  4.1  0.01 69 5.97
 993   419 290.4 223  4.3  0.01 69 5.88
 962   689 288.6 223  4.8  0.01 69 5.70
 912  1138 285.6 224  5.5  0.01 68 5.40
 861  1589 282.6 224  6.2  0.01 67 5.10
 810  2038 279.6 225  7.0  0.01 66 4.80
 709  2939 273.6 226  8.5  0.01 64 4.20
 608  3839 267.6 227 10.0  0.01 62 3.60
 506  4739 261.6 228 11.5  0.01 60 3.00
 405  5639 255.6 229 13.0  0.01 58 2.40
2020061503012014  984.3 0.00 0   750.0   300.0   292.7    8.00   235.0     4.1   293.7
1008   289 291.3 223  4.1  0.01 69 5.97
 993   424 290.4 223  4.3  0.01 69 5.88
 962   694 288.6 223  4.8  0.01 69 5.70
 912  1143 285.6 224  5.5  0.01 68 5.40
 861  1594 282.6 224  6.2  0.01 67 5.10
 810  2043 279.6 225  7.0  0.01 66 4.80
 709  2944 273.6 226  8.5  0.01 64 4.20
 608  3844 267.6 227 10.0  0.01 62 3.60
 506  4744 261.6 228 11.5  0.01 60 3.00
 405  5644 255.6 229 13.0  0.01 58 2.40
2020061503013014  983.7 0.00 0   750.0   300.0   292.8    8.00   235.0     4.1   293.8
1008   294 291.3 223  4.1  0.01 69 5.97
 993   429 290.4 223  4.3  0.01 69 5.88
 962   699 288.6 223  4.8  0.01 69 5.70
 912  1148 285.6 224  5.5  0.01 68 5.40
 861  1599 282.6 224  6.2  0.01 67 5.10
 810  2048 279.6 225  7.0  0.01 66 4.80
 709  2949 273.6 226  8.5  0.01 64 4.20
 608  3849 267.6 227 10.0  0.01 62 3.60
 506  4749 261.6 228 11.5  0.01 60 3.00
 405  5649 255.6 229 13.0  0.01 58 2.40
2020061503014014  983.1 0.00 0   750.0   300.0   292.8    8.00   235.0     4.1   293.8
1008   299 291.3 223  4.1  0.01 69 5.97
 993   434 290.4 223  4.3  0.01 69 5.88
 962   704 288.6 223  4.8  0.01 69 5.70
 912  1153 285.6 224  5.5  0.01 68 5.40
 861  1604 282.6 224  6.2  0.01 67 5.10
 810  2053 279.6 225  7.0  0.01 66 4.80
 709  2954 273.6 226  8.5  0.01 64 4.20
 608  3854 267.6 227 10.0  0.01 62 3.60
 506  4754 261.6 228 11.5  0.01 60 3.00
 405  5654 255.6 229 13.0  0.01 58 2.40
